-- phpMyAdmin SQL Dump
-- version 4.0.10.18
-- https://www.phpmyadmin.net
--
-- Host: localhost:3306
-- Generation Time: Mar 24, 2017 at 10:30 PM
-- Server version: 10.0.30-MariaDB
-- PHP Version: 5.6.30

SET SQL_MODE = "NO_AUTO_VALUE_ON_ZERO";
SET time_zone = "+00:00";


/*!40101 SET @OLD_CHARACTER_SET_CLIENT=@@CHARACTER_SET_CLIENT */;
/*!40101 SET @OLD_CHARACTER_SET_RESULTS=@@CHARACTER_SET_RESULTS */;
/*!40101 SET @OLD_COLLATION_CONNECTION=@@COLLATION_CONNECTION */;
/*!40101 SET NAMES utf8 */;

--
-- Database: `codingav_sfl`
--

-- --------------------------------------------------------

--
-- Table structure for table `accounts_name`
--

CREATE TABLE IF NOT EXISTS `accounts_name` (
  `acc_id` int(11) NOT NULL AUTO_INCREMENT,
  `accounts_name` varchar(100) NOT NULL,
  PRIMARY KEY (`acc_id`)
) ENGINE=InnoDB  DEFAULT CHARSET=latin1 AUTO_INCREMENT=5 ;

--
-- Dumping data for table `accounts_name`
--

INSERT INTO `accounts_name` (`acc_id`, `accounts_name`) VALUES
(1, 'Cash'),
(2, 'bKash'),
(3, 'Cheque'),
(4, 'Others');

-- --------------------------------------------------------

--
-- Table structure for table `catagory`
--

CREATE TABLE IF NOT EXISTS `catagory` (
  `id_catagory` int(11) NOT NULL AUTO_INCREMENT,
  `cat_code` varchar(40) CHARACTER SET latin1 NOT NULL,
  `cat_name` varchar(80) CHARACTER SET latin1 DEFAULT NULL,
  `reg_date` timestamp NOT NULL DEFAULT CURRENT_TIMESTAMP,
  `status` varchar(30) CHARACTER SET latin1 NOT NULL DEFAULT 'Active',
  PRIMARY KEY (`id_catagory`)
) ENGINE=InnoDB  DEFAULT CHARSET=utf8 AUTO_INCREMENT=49 ;

--
-- Dumping data for table `catagory`
--

INSERT INTO `catagory` (`id_catagory`, `cat_code`, `cat_name`, `reg_date`, `status`) VALUES
(39, 'CAT-0001', 'Layer', '2016-05-27 04:54:28', 'Active'),
(40, 'CAT-0002', 'Boylar', '2016-05-27 04:59:26', 'Active'),
(41, 'CAT-0003', 'Fish Feed', '2016-05-27 05:00:44', 'Active'),
(42, 'CAT-0004', 'Dairy Feed', '2016-05-27 05:03:42', 'Active'),
(43, 'CAT-0005', 'Corn ', '2016-05-27 05:06:09', 'Active'),
(44, 'CAT-0006', 'Rice Polish', '2016-05-27 05:08:13', 'Active'),
(45, 'CAT-0007', 'Mead Born', '2016-05-27 05:13:54', 'Active'),
(46, 'CAT-0008', 'Limsten ', '2016-05-27 05:15:31', 'Active'),
(47, 'CAT-0009', 'Holud ', '2016-05-27 05:17:25', 'Active'),
(48, 'CAT-00010', 'Soya Meal', '2016-05-27 05:18:53', 'Active');

-- --------------------------------------------------------

--
-- Table structure for table `catagory_sub`
--

CREATE TABLE IF NOT EXISTS `catagory_sub` (
  `id_sub_catagory` int(11) NOT NULL AUTO_INCREMENT,
  `sub_cat_code` varchar(40) NOT NULL,
  `catagory_id` int(11) NOT NULL DEFAULT '0',
  `sub_cat_name` varchar(80) DEFAULT NULL,
  `status` varchar(30) NOT NULL DEFAULT 'Active',
  `reg_date` timestamp NOT NULL DEFAULT CURRENT_TIMESTAMP,
  PRIMARY KEY (`id_sub_catagory`),
  KEY `catagory_id` (`catagory_id`)
) ENGINE=InnoDB  DEFAULT CHARSET=latin1 AUTO_INCREMENT=37 ;

--
-- Dumping data for table `catagory_sub`
--

INSERT INTO `catagory_sub` (`id_sub_catagory`, `sub_cat_code`, `catagory_id`, `sub_cat_name`, `status`, `reg_date`) VALUES
(3, 'SUBCAT-001', 39, 'Layer Starter Crumbles', 'Active', '2016-05-27 06:01:58'),
(4, 'SUBCAT-002', 39, 'Layer Starter Mas', 'Active', '2016-05-27 06:04:17'),
(5, 'SUBCAT-003', 39, 'Layer Grower', 'Active', '2016-05-27 06:05:52'),
(6, 'SUBCAT-004', 39, 'Layer Layer 1', 'Active', '2016-05-27 06:09:12'),
(7, 'SUBCAT-005', 39, 'Layer Layer 2', 'Active', '2016-05-27 06:10:00'),
(8, 'SUBCAT-006', 39, 'Layer Finesher', 'Active', '2016-05-27 06:10:51'),
(9, 'SUBCAT-007', 40, 'Boyler House Feed', 'Active', '2016-05-27 06:31:44'),
(10, 'SUBCAT-008', 40, 'Boylar Grower', 'Active', '2016-05-27 06:32:49'),
(11, 'SUBCAT-009', 41, 'Nursery Mas', 'Active', '2016-05-27 06:36:52'),
(12, 'SUBCAT-010', 41, 'Grower Mas', 'Active', '2016-05-27 06:39:01'),
(13, 'SUBCAT-011', 41, 'Pellets ', 'Active', '2016-05-27 06:40:13'),
(14, 'SUBCAT-012', 42, 'Beef Cattle', 'Active', '2016-05-27 06:41:25'),
(15, 'SUBCAT-013', 42, 'Dairy ', 'Active', '2016-05-27 06:42:36'),
(16, 'SUBCAT-014', 43, 'LC', 'Active', '2016-05-27 08:45:25'),
(17, 'SUBCAT-015', 43, 'Corn', 'Active', '2016-05-27 08:46:49'),
(18, 'SUBCAT-016', 44, 'Atob ', 'Active', '2016-05-27 08:48:24'),
(19, 'SUBCAT-017', 45, 'Brazil', 'Active', '2016-05-27 08:51:06'),
(21, 'SUBCAT-018', 45, 'Australia', 'Active', '2016-05-27 08:53:12'),
(22, 'SUBCAT-019', 45, 'Italy', 'Active', '2016-05-27 08:56:24'),
(23, 'SUBCAT-020', 45, 'KG Mix', 'Active', '2016-05-27 08:57:27'),
(24, 'SUBCAT-021', 45, 'Meat Mill', 'Active', '2016-05-27 08:59:42'),
(25, 'SUBCAT-022', 45, 'Fish Mill', 'Active', '2016-05-27 09:00:38'),
(26, 'SUBCAT-023', 47, 'SOR Holud', 'Active', '2016-05-27 09:03:32'),
(27, 'SUBCAT-024', 47, 'Kushi Holud', 'Active', '2016-05-27 09:04:52'),
(29, 'SUBCAT-025', 47, 'Fala Holud', 'Active', '2016-05-27 09:07:22'),
(30, 'SUBCAT-026', 48, 'Fresh Soya Meal', 'Active', '2016-05-27 09:09:36'),
(31, 'SUBCAT-027', 48, ' Teer Soya Meal', 'Active', '2016-05-27 09:11:27'),
(32, 'SUBCAT-028', 48, 'LC Soya Meal', 'Active', '2016-05-27 09:12:37'),
(33, 'SUBCAT-29', 46, 'Jhinuk ', 'Active', '2016-05-27 09:38:12'),
(34, 'SUBCAT-30', 46, 'Limsten', 'Active', '2016-05-27 09:39:00'),
(35, 'SUBCAT-123', 43, 'Corn Stock', 'Active', '2016-06-20 10:42:09'),
(36, 'SUBCAT-1234', 41, 'Bangla Fish Feed', 'Active', '2016-06-26 13:36:29');

-- --------------------------------------------------------

--
-- Table structure for table `customer`
--

CREATE TABLE IF NOT EXISTS `customer` (
  `customer_id` int(11) NOT NULL AUTO_INCREMENT,
  `default_balance` float NOT NULL DEFAULT '0',
  `customer_code` int(11) NOT NULL DEFAULT '0',
  `name` varchar(60) CHARACTER SET latin1 DEFAULT NULL,
  `address` text CHARACTER SET latin1,
  `email` varchar(60) CHARACTER SET latin1 DEFAULT NULL,
  `contact` varchar(15) CHARACTER SET latin1 DEFAULT NULL,
  `cutomer_type` varchar(30) NOT NULL,
  `company_name` varchar(60) DEFAULT NULL,
  `images_up` text,
  `reg_date` timestamp NOT NULL DEFAULT CURRENT_TIMESTAMP,
  `status` varchar(13) CHARACTER SET latin1 NOT NULL DEFAULT 'Active',
  PRIMARY KEY (`customer_id`)
) ENGINE=InnoDB  DEFAULT CHARSET=utf8 AUTO_INCREMENT=124 ;

--
-- Dumping data for table `customer`
--

INSERT INTO `customer` (`customer_id`, `default_balance`, `customer_code`, `name`, `address`, `email`, `contact`, `cutomer_type`, `company_name`, `images_up`, `reg_date`, `status`) VALUES
(82, 3210890, 1, 'Md: Hanif Bapary ', 'Khanubari Gobindashi, Bhuapur, Tangail', 'NA', ' 01713866039', 'Loyal Customer', 'VAI VAI LAYER FARM', './upload_image/CUSTOMER/default.png', '2016-05-27 04:01:26', 'Active'),
(83, 205050, 2, 'Md: Innos Munshi', 'Noluya, Nikrail, Bhuapur, Tangail', 'NA', '01849-341859', 'Loyal Customer', 'Israt Poltry Feed', './upload_image/CUSTOMER/default.png', '2016-05-27 04:03:00', 'Active'),
(84, 1053280, 3, 'Md: Kamal Prodhan', 'Koyra ,Gobindashi, Bhuapur, Tangail', 'NA', '01720006059', 'Loyal Customer', 'NA', './upload_image/CUSTOMER/default.png', '2016-05-27 04:04:46', 'Active'),
(85, 476950, 4, 'Md: Abdul Khalek', 'Ruhuli, Gobindashi, Bhuapur, Tangail', 'NA', '01729-702635', 'Loyal Customer', 'NA', './upload_image/CUSTOMER/default.png', '2016-05-27 04:06:42', 'Active'),
(86, 631700, 5, 'Md: Abdul Razzak Dulal', 'Sarpolshia, Nikrail, Bhuapur, Tangail.', 'NA', '01712013823', 'Loyal Customer', 'NA', './upload_image/CUSTOMER/default.png', '2016-05-27 04:08:43', 'Active'),
(87, 246545, 6, 'Md: Anower Hossien', 'Soratoil, Kalihaty,Tangail', 'NA', '01768-484289', 'Loyal Customer', 'NA', './upload_image/CUSTOMER/default.png', '2016-05-27 04:11:00', 'Active'),
(88, 227150, 7, 'Md: Masud Rana', 'Koyra Dokhin Para, Bhuapur, Tangail.', 'NA', '01752-159194', 'Loyal Customer', 'NA', './upload_image/CUSTOMER/default.png', '2016-05-27 04:12:08', 'Active'),
(89, 145665, 8, 'Md: Moznu Sorker', 'Koyra Sorker Bari , Bhuapur, Tangail', 'NA', '01622-193752', 'Loyal Customer', 'NA', './upload_image/CUSTOMER/default.png', '2016-05-27 04:14:42', 'Active'),
(90, 75250, 9, 'Md: Rofikul Islam', 'Monohara,Bhuapur, Tangail', 'NA', '01716-858335', 'Loyal Customer', 'NA', './upload_image/CUSTOMER/default.png', '2016-05-27 04:16:59', 'Active'),
(91, 680070, 10, 'Munjur Hazi', 'Sirajkandy, Nikrail, Bhuapur,Tangail', 'NA', '', 'Loyal Customer', 'NA', './upload_image/CUSTOMER/default.png', '2016-05-27 04:18:19', 'Active'),
(92, 173175, 11, 'Nironjon Shaha', 'Shahabari, Gobindashi, Bhuapur,Tangail', 'NA', '01753-010634', 'Loyal Customer', 'NA', './upload_image/CUSTOMER/default.png', '2016-05-27 04:19:47', 'Active'),
(93, 45150, 12, 'Md: Samsur Rahman', 'Koyra Fokir kella,Gobindashi, Bhuapur, Tangail', 'NA', '01767-874215', 'Loyal Customer', 'NA', './upload_image/CUSTOMER/default.png', '2016-05-27 04:20:59', 'Active'),
(94, 112215, 13, 'Md: Shajahan Ali', 'Kostapara, Bhuapur, Tangail', 'NA', '01630604420', 'Loyal Customer', 'NA', './upload_image/CUSTOMER/default.png', '2016-05-27 04:24:18', 'Active'),
(95, 689900, 14, 'Md: Tara Mondol', 'Koyra ,Gobindashi, Bhuapur, Tangail', 'NA', '01727-933686', 'Loyal Customer', 'NA', './upload_image/CUSTOMER/default.png', '2016-05-27 04:26:44', 'Active'),
(96, 15050, 15, 'Md: Alom Mondol', 'Valkudia Gobindahsi Bhuapur Tangail', 'NA', '01711239829', 'Loyal Customer', 'NA', './upload_image/CUSTOMER/default.png', '2016-05-27 04:29:19', 'Active'),
(97, 629025, 16, 'Md: Abdur Rouf Talukdar', 'Varoi Char Para, Bhuapur, Tangail', 'NA', '01716-401543', 'Dealer', 'Israk Feed Corner ', './upload_image/CUSTOMER/default.png', '2016-05-28 06:06:57', 'Active'),
(98, 0, 17, 'Md: Julhas ', 'Kamar Chala, Gatail, Tangail', 'NA', '01864656716', 'Dealer', 'MA LAYER FARM', './upload_image/CUSTOMER/default.png', '2016-05-31 05:18:11', 'Active'),
(99, 0, 18, 'Md: Abdul Hai Hujur', 'Kostapara, Bhuapur, Tangail', 'Na', ' 01720198124', 'Loyal Customer', 'Na', './upload_image/CUSTOMER/default.png', '2016-06-16 13:35:50', 'Active'),
(100, 31130, 19, 'Md: Shohidul Islam', 'Kushebenu, Kalihati, Tangail', 'NA', '01718-351084', 'Loyal Customer', 'Na', './upload_image/CUSTOMER/default.png', '2016-06-16 13:41:15', 'Active'),
(101, 0, 20, 'Sontos Shaha', 'Gobindashi ShahaBari,, Bhuapur, Tangail', 'Na', '01713542253', 'Loyal Customer', 'Na', './upload_image/CUSTOMER/default.png', '2016-06-17 06:49:49', 'Active'),
(102, 0, 21, 'Md: Arniz Miya', 'Vaduri Cor .Gobindashi .Bhauapur Tangail', 'Na', '01713563414', 'Loyal Customer', 'Na', './upload_image/CUSTOMER/default.png', '2016-06-20 05:15:56', 'Active'),
(103, 0, 22, 'Md : Monir Sorker', ' Koyra , Gobindashi , Bhuapur, Tangail.', 'Na', '01735527781', 'Loyal Customer', 'NA', './upload_image/CUSTOMER/default.png', '2016-06-24 07:14:40', 'Active'),
(104, 15210, 23, 'Md: Abdur Rohaman F', 'Punorbason,Bhuapur,Tangail', 'Na', '01727776666', 'Loyal Customer', 'Fish Feed', './upload_image/CUSTOMER/1466930724cef667bd4fa9b5cb3b292567c44600d7.jpeg', '2016-06-26 08:51:02', 'Active'),
(105, 10680, 24, 'Abdur Rohaman 26 F', 'Punorbason,Bhuapur,Tangail', 'Na', '01727776666', 'Loyal Customer', 'Fish', './upload_image/CUSTOMER/1466931080cef667bd4fa9b5cb3b292567c44600d7.jpeg', '2016-06-26 08:53:30', 'Active'),
(106, 0, 25, 'Md: Bokul Miya F', 'Patitapara,Bhuapur,Tangail', 'NA', '01710155439', 'Loyal Customer', 'Fish', './upload_image/CUSTOMER/1466931218cef667bd4fa9b5cb3b292567c44600d7.jpeg', '2016-06-26 08:55:36', 'Active'),
(107, 21800, 26, 'Md: Abdul Malek F', 'Punorbason,Bhuapur,Tangail', 'Na', '01773886976', 'Loyal Customer', 'Fish Feed', './upload_image/CUSTOMER/1466931344cef667bd4fa9b5cb3b292567c44600d7.jpeg', '2016-06-26 08:57:05', 'Active'),
(108, 44650, 27, 'Md: Nurul Islam F', 'Punorbason,Bhuapur,Tangail', 'Na', '01947105635', 'Loyal Customer', 'Fish', './upload_image/CUSTOMER/1466931438cef667bd4fa9b5cb3b292567c44600d7.jpeg', '2016-06-26 08:58:36', 'Active'),
(109, 13140, 28, 'Md: Rofiqul Islam F', 'Polshia,Bhuapur,Tangail', 'Na', '01751107575', 'Loyal Customer', 'Fish', './upload_image/CUSTOMER/1466931524cef667bd4fa9b5cb3b292567c44600d7.jpeg', '2016-06-26 09:00:53', 'Active'),
(110, 10720, 29, 'Md: Sakil Miya F', 'Punorbason,Bhuapur,Tangail', 'Na', '01727776666', 'Loyal Customer', 'Fish', './upload_image/CUSTOMER/1466931674cef667bd4fa9b5cb3b292567c44600d7.jpeg', '2016-06-26 09:03:17', 'Active'),
(111, 4475, 30, 'Md: Sofi Islam F', 'Punorbason,Bhuapur,Tangail', 'Na', '01797408964', 'Loyal Customer', 'Na', './upload_image/CUSTOMER/1466931802cef667bd4fa9b5cb3b292567c44600d7.jpeg', '2016-06-26 09:05:03', 'Active'),
(112, 0, 31, 'Md: Samsel Islam F', 'Nenrabazar,Pornobason,Bhuapur,Tangail', 'Na', '017', 'Loyal Customer', 'Na', './upload_image/CUSTOMER/default.png', '2016-06-28 04:42:21', 'Active'),
(113, 0, 32, 'Md: Abu Musha', 'Tongipara, Dalduyer, Tangail', 'Na', '01732327030', 'Loyal Customer', 'Na', './upload_image/CUSTOMER/default.png', '2016-07-04 04:09:56', 'Active'),
(114, 0, 33, 'Md: Roshid Sorker F', 'Koyra Modho Para,Gobindashi, Bhuapur, Tangail', 'NA', '01718872608', 'Loyal Customer', 'Na', './upload_image/CUSTOMER/default.png', '2016-07-12 04:01:06', 'Active'),
(115, 0, 34, 'Md: Mazharul Akanda F', 'Matikata,Bhauapur, Tangail', 'Na', '01750182382', 'Loyal Customer', 'Na', './upload_image/CUSTOMER/default.png', '2016-07-15 12:26:00', 'Active'),
(116, 0, 35, 'Md: Robul Sorker', 'Koyra Modho Para,Gobindashi, Bhuapur, Tangail', 'Na', '01716457297', 'Loyal Customer', 'Na', './upload_image/CUSTOMER/default.png', '2016-07-19 10:26:37', 'Active'),
(117, 0, 36, 'Md Asraful F', 'Pornobashon,Bhuapur,Tangail', 'Na', '017', 'Loyal Customer', 'Na', './upload_image/CUSTOMER/default.png', '2016-07-20 03:46:15', 'Active'),
(118, 0, 37, 'Humayon Kobir BulBul', 'Fosolanddi, Bhuapur , Tangail', '', '', 'Loyal Customer', '', './upload_image/CUSTOMER/default.png', '2016-08-01 11:05:17', 'Active'),
(119, 0, 38, 'Md : Nozrul Islam', 'Bagbari, Bhuapur, Tangail', 'Na', '01622116537', 'Loyal Customer', 'Na', './upload_image/CUSTOMER/default.png', '2016-08-07 11:35:34', 'Active'),
(120, 0, 39, 'Shajahan Torofdar', 'Depakandi,Bhuapur,Tangail', 'Na', '01714862579', 'Loyal Customer', 'Na', './upload_image/CUSTOMER/default.png', '2016-08-21 11:27:33', 'Active'),
(121, 0, 40, 'Md: Akbor Hassan', 'Bagbari Bastend,Bhuapur, Tangail', 'Na', ' 01732510416', 'Loyal Customer', 'Na', './upload_image/CUSTOMER/default.png', '2016-08-29 13:23:58', 'Active'),
(122, 0, 41, 'Nurul Islam ( Nuru )', 'Bagbari, Bhuapur, Tangail,', 'na', '01713641167', 'Loyal Customer', 'na', './upload_image/CUSTOMER/default.png', '2016-10-08 04:42:50', 'Active'),
(123, 0, 42, 'Md. Kalam Membor', 'Gobindashi, Bhuapur, Tangail', 'na', '017', 'Loyal Customer', 'na', './upload_image/CUSTOMER/default.png', '2016-10-23 07:59:12', 'Active');

-- --------------------------------------------------------

--
-- Table structure for table `customer_accounts`
--

CREATE TABLE IF NOT EXISTS `customer_accounts` (
  `id` int(11) NOT NULL AUTO_INCREMENT,
  `recipt_code` int(11) NOT NULL,
  `customer_id` int(11) NOT NULL,
  `reperence_status` varchar(40) NOT NULL DEFAULT 'Payment',
  `ref_osm_full_id` varchar(50) NOT NULL,
  `total_amount` float NOT NULL DEFAULT '0',
  `payment_amount` float NOT NULL DEFAULT '0',
  `net_blance` float NOT NULL DEFAULT '0',
  `create_date` timestamp NOT NULL DEFAULT CURRENT_TIMESTAMP,
  `accounts_id` int(11) NOT NULL,
  `bank_name` varchar(80) NOT NULL DEFAULT 'NULL',
  `cheque_number` varchar(80) NOT NULL,
  `bkash_trans_id` varchar(40) DEFAULT NULL,
  `remarks` text,
  PRIMARY KEY (`id`)
) ENGINE=InnoDB  DEFAULT CHARSET=latin1 AUTO_INCREMENT=1017 ;

--
-- Dumping data for table `customer_accounts`
--

INSERT INTO `customer_accounts` (`id`, `recipt_code`, `customer_id`, `reperence_status`, `ref_osm_full_id`, `total_amount`, `payment_amount`, `net_blance`, `create_date`, `accounts_id`, `bank_name`, `cheque_number`, `bkash_trans_id`, `remarks`) VALUES
(100, 1, 82, 'Payment', 'NA', 0, 114000, -114000, '2016-05-27 04:49:51', 1, '', '', NULL, '26.05.16 Joma Diche'),
(101, 2, 95, 'Sales', 'Sales-0520162701', 23100, 0, 23100, '2016-05-27 11:30:07', 4, '', '', '', NULL),
(102, 3, 82, 'Sales', 'Sales-0520162702', 47400, 0, -66600, '2016-05-27 11:40:29', 4, '', '', '', NULL),
(103, 4, 97, 'Sales', 'Sales-0520162803', 61175, 0, 61175, '2016-05-28 06:11:06', 4, '', '', '', NULL),
(104, 5, 94, 'Payment', 'NA', 0, 31290, -31290, '2016-05-28 06:33:42', 1, '', '', NULL, 'à¦¡à¦¿à¦® à¦¬à¦¾à¦¬à¦¦ à¦œà¦®à¦¾ -à§¨à§­.à§¦à§«.à§§à§¬ '),
(105, 6, 94, 'Sales', 'Sales-0520162804', 15450, 0, -15840, '2016-05-28 06:35:37', 4, '', '', '', NULL),
(106, 7, 82, 'Sales', 'Sales-0520162905', 126400, 0, 59800, '2016-05-29 07:05:08', 4, '', '', '', NULL),
(107, 8, 89, 'Sales', 'Sales-0520162906', 30100, 0, 30100, '2016-05-29 13:44:41', 4, '', '', '', NULL),
(108, 9, 84, 'Sales', 'Sales-0520162907', 30800, 30000, 800, '2016-05-29 13:55:17', 1, '', '', '', NULL),
(109, 10, 83, 'Sales', 'Sales-0520162908', 60200, 40000, 20200, '2016-05-29 14:01:24', 1, '', '', '', NULL),
(110, 11, 97, 'Payment', 'Na', 0, 40000, 21175, '2016-05-29 14:04:02', 1, '', '', NULL, 'Na'),
(111, 12, 92, 'Payment', 'Na', 0, 10000, -10000, '2016-05-29 14:06:35', 1, '', '', NULL, 'Na'),
(112, 13, 98, 'Sales', 'Sales-0520163109', 69225, 0, 69225, '2016-05-31 05:24:24', 4, '', '', '', NULL),
(113, 14, 97, 'Sales', 'Sales-05201631010', 76250, 0, 97425, '2016-05-31 10:28:25', 4, '', '', '', NULL),
(114, 15, 98, 'Payment', 'Babu', 0, 20000, 49225, '2016-05-31 12:54:52', 1, '', '', NULL, 'na'),
(115, 16, 84, 'Sales', 'Sales-06201601011', 46200, 0, 47000, '2016-06-01 08:51:23', 4, '', '', '', NULL),
(116, 17, 89, 'Sales', 'Sales-06201602012', 15550, 0, 45650, '2016-06-02 06:46:21', 4, '', '', '', NULL),
(118, 18, 82, 'Sales', 'Sales-06201602014', 79000, 0, 138800, '2016-06-02 07:31:18', 4, '', '', '', NULL),
(119, 19, 82, 'Payment', 'BABU ', 0, 130000, 8800, '2016-06-02 07:36:59', 1, '', '', NULL, '29-05-2016 à¦¤à¦¾à¦°à¦¿à¦– à¦Ÿà¦¾à¦•à¦¾ à¦œà¦®à¦¾ à¦¦à§‡à§Ÿà¥¤ '),
(120, 20, 91, 'Sales', 'Sales-06201602015', 17100, 0, 17100, '2016-06-02 07:46:28', 4, '', '', '', NULL),
(121, 21, 91, 'Sales', 'Sales-06201602016', 25650, 0, 42750, '2016-06-02 07:50:11', 4, '', '', '', NULL),
(122, 22, 88, 'Payment', 'CASH TAKA', 0, 17125, -17125, '2016-06-02 07:57:56', 1, '', '', NULL, '27-05-2016 à¦¤à¦¾à¦°à¦¿à¦– TAKA à¦œà¦®à¦¾ à¦•à¦°à§‡à¥¤ '),
(123, 23, 88, 'Sales', 'Sales-06201602017', 15050, 0, -2075, '2016-06-02 07:58:54', 4, '', '', '', NULL),
(124, 24, 86, 'Sales', 'Sales-06201602018', 57350, 0, 57350, '2016-06-02 08:03:18', 4, '', '', '', NULL),
(125, 25, 94, 'Sales', 'Sales-06201602019', 12360, 0, -3480, '2016-06-02 08:10:20', 4, '', '', '', NULL),
(126, 26, 95, 'Sales', 'Sales-06201602020', 15400, 0, 38500, '2016-06-02 08:16:40', 4, '', '', '', NULL),
(127, 27, 92, 'Sales', 'Sales-06201602021', 15050, 0, 5050, '2016-06-02 08:20:36', 4, '', '', '', NULL),
(128, 28, 87, 'Sales', 'Sales-06201602022', 15050, 0, 15050, '2016-06-02 08:24:39', 4, '', '', '', NULL),
(129, 29, 93, 'Payment', 'CASH', 0, 30100, -30100, '2016-06-02 11:40:28', 1, '', '', NULL, 'à¦¹à§‡à¦²à§à¦²à¦¾à¦² à¦à¦° à¦®à¦¾à¦°à¦«à¦¤ CASH 31.05.16'),
(130, 30, 93, 'Sales', 'Sales-06201602023', 15050, 0, -15050, '2016-06-02 11:42:25', 4, '', '', '', NULL),
(131, 31, 82, 'Sales', 'Sales-06201602024', 126400, 0, 135200, '2016-06-02 13:17:47', 4, '', '', '', NULL),
(132, 32, 82, 'Payment', 'à¦¬à¦¾à¦¬à§ ', 0, 145000, -9800, '2016-06-02 14:26:14', 1, '', '', NULL, 'Cash Taka'),
(133, 33, 86, 'Payment', 'Babu', 0, 100000, -42650, '2016-06-02 14:28:27', 1, '', '', NULL, 'Chak '),
(134, 34, 84, 'Payment', 'Boss', 0, 35000, 12000, '2016-06-02 14:30:28', 1, '', '', NULL, 'Cash'),
(135, 35, 92, 'Payment', 'Boss', 0, 15000, -9950, '2016-06-02 14:32:00', 1, '', '', NULL, 'Cash'),
(136, 36, 94, 'Payment', 'Dim Birikrer Taka', 0, 30775, -34255, '2016-06-02 14:40:34', 1, '', '', NULL, 'Dim Birikrer Taka Babu kaka'),
(137, 37, 89, 'Payment', 'NA', 0, 120400, -74750, '2016-06-03 04:38:54', 1, '', '', NULL, 'à§®à§¦ à¦¬à¦¸à§à¦¤à¦¾ à¦–à¦¾à¦¦à§à¦¯ à¦¬à¦¾à¦¬à¦¦à¥¤ '),
(138, 38, 89, 'Sales', 'Sales-06201603025', 30100, 0, -44650, '2016-06-03 04:43:59', 4, '', '', '', NULL),
(139, 39, 94, 'Sales', 'Sales-06201604026', 9270, 0, -24985, '2016-06-04 04:47:38', 4, '', '', '', NULL),
(140, 40, 88, 'Sales', 'Sales-06201605027', 15050, 0, 12975, '2016-06-05 05:06:36', 4, '', '', '', NULL),
(141, 41, 95, 'Sales', 'Sales-06201605028', 23100, 0, 61600, '2016-06-05 05:10:18', 4, '', '', '', NULL),
(142, 42, 97, 'Sales', 'Sales-06201605029', 76150, 50000, 123575, '2016-06-05 10:45:20', 1, '', '', '', NULL),
(143, 43, 98, 'Sales', 'Sales-06201606030', 139050, 50000, 138275, '2016-06-06 03:28:52', 1, '', '', '', NULL),
(144, 44, 82, 'Sales', 'Sales-06201606031', 63200, 0, 53400, '2016-06-06 03:50:23', 4, '', '', '', NULL),
(145, 45, 92, 'Sales', 'Sales-06201606032', 15050, 0, 5100, '2016-06-06 03:53:05', 4, '', '', '', NULL),
(146, 46, 92, 'Payment', 'BOSS', 0, 10000, -4900, '2016-06-06 03:56:33', 1, '', '', NULL, '05.06.16 JOMA '),
(147, 47, 84, 'Payment', 'Boss', 0, 30000, -18000, '2016-06-06 04:36:38', 1, '', '', NULL, '05.06.16 joma'),
(148, 48, 97, 'Payment', 'Dam beshi dora hoycelo tai - holo 400 taka', 0, 400, 123175, '2016-06-06 04:45:24', 1, '', '', NULL, 'Rasel bai - korte bolce 06.06.16'),
(149, 49, 83, 'Payment', 'boss', 0, 40000, -19800, '2016-06-06 05:12:04', 1, '', '', NULL, '29.05.16 joma'),
(150, 50, 83, 'Payment', 'babu kaka', 0, 20000, -39800, '2016-06-06 05:13:37', 1, '', '', NULL, '05.06.16 joma'),
(151, 51, 89, 'Sales', 'Sales-06201606033', 15550, 0, -29100, '2016-06-06 05:42:54', 4, '', '', '', NULL),
(152, 52, 84, 'Sales', 'Sales-06201606034', 30800, 0, 12800, '2016-06-06 05:46:16', 4, '', '', '', NULL),
(153, 53, 86, 'Sales', 'Sales-06201606035', 57350, 0, 14700, '2016-06-06 05:54:09', 1, '', '', '', NULL),
(154, 54, 91, 'Sales', 'Sales-06201606036', 17100, 0, 59850, '2016-06-06 07:36:41', 4, '', '', '', NULL),
(155, 55, 93, 'Sales', 'Sales-06201606037', 15050, 0, 0, '2016-06-06 07:56:09', 4, '', '', '', NULL),
(156, 56, 83, 'Sales', 'Sales-06201606038', 60200, 50000, -29600, '2016-06-06 10:15:22', 4, '', '', '', NULL),
(157, 57, 87, 'Sales', 'Sales-06201606039', 15050, 0, 30100, '2016-06-06 10:37:04', 4, '', '', '', NULL),
(158, 58, 82, 'Sales', 'Sales-06201606040', 126400, 0, 179800, '2016-06-06 12:16:44', 4, '', '', '', NULL),
(159, 59, 94, 'Sales', 'Sales-06201608041', 15450, 0, -9535, '2016-06-08 07:30:38', 4, '', '', '', NULL),
(160, 60, 82, 'Payment', 'à¦¬à¦¾à¦¬à§ à¦šà¦¾à¦šà§à¦›à§ ', 0, 150000, 29800, '2016-06-08 07:39:17', 1, '', '', NULL, 'à¦°à¦¾à¦¸à§‡à¦² à¦­à¦¾à¦‡ à¦œà¦®à¦¾ à¦•à¦°à§‡ à¥¤ à§¦à§¬-à§¦à§¬-à§§à§¬ à¦¤à¦¾à¦°à¦¿à¦–'),
(161, 61, 91, 'Sales', 'Sales-06201609042', 25650, 0, 85500, '2016-06-09 03:18:50', 4, '', '', '', NULL),
(162, 62, 89, 'Sales', 'Sales-06201609043', 30100, 0, 1000, '2016-06-09 03:25:21', 1, '', '', '', NULL),
(163, 63, 97, 'Sales', 'Sales-06201609044', 60875, 0, 184050, '2016-06-09 04:00:19', 4, '', '', '', NULL),
(164, 64, 84, 'Payment', 'Rasel Bai', 0, 35000, -22200, '2016-06-09 09:38:17', 1, '', '', NULL, 'Cash Boss'),
(165, 65, 84, 'Sales', 'Sales-06201609045', 30800, 0, 8600, '2016-06-09 09:45:53', 4, '', '', '', NULL),
(166, 66, 95, 'Sales', 'Sales-06201609046', 15400, 0, 77000, '2016-06-09 10:01:57', 4, '', '', '', NULL),
(167, 67, 93, 'Sales', 'Sales-06201609047', 15050, 0, 15050, '2016-06-09 11:18:51', 4, '', '', '', NULL),
(168, 68, 92, 'Payment', 'Babu', 0, 10000, -14900, '2016-06-09 11:46:34', 1, '', '', NULL, 'Cash babu'),
(169, 69, 97, 'Payment', 'Babu', 0, 20000, 164050, '2016-06-09 11:51:27', 1, '', '', NULL, 'Cash Boss'),
(170, 70, 89, 'Payment', 'Babu ', 0, 30100, -29100, '2016-06-09 11:53:00', 1, '', '', NULL, 'Boss Cash'),
(171, 71, 82, 'Sales', 'Sales-06201610048', 47400, 0, 77200, '2016-06-10 04:56:02', 4, '', '', '', NULL),
(172, 72, 88, 'Sales', 'Sales-06201610049', 15050, 0, 28025, '2016-06-10 04:57:54', 4, '', '', '', NULL),
(173, 73, 92, 'Sales', 'Sales-06201610050', 15050, 0, 150, '2016-06-10 05:00:10', 4, '', '', '', NULL),
(174, 74, 82, 'Sales', 'Sales-06201610051', 126400, 0, 203600, '2016-06-10 09:04:19', 4, '', '', '', NULL),
(175, 75, 89, 'Sales', 'Sales-06201611052', 15550, 0, -13550, '2016-06-11 04:18:14', 4, '', '', '', NULL),
(176, 76, 87, 'Sales', 'Sales-06201611053', 15050, 0, 45150, '2016-06-11 04:20:07', 4, '', '', '', NULL),
(177, 77, 94, 'Sales', 'Sales-06201611054', 9270, 0, -265, '2016-06-11 04:22:31', 4, '', '', '', NULL),
(178, 78, 97, 'Sales', 'Sales-06201612055', 76375, 40000, 200425, '2016-06-12 06:46:55', 1, '', '', '', NULL),
(179, 79, 91, 'Sales', 'Sales-06201612056', 34200, 0, 119700, '2016-06-12 13:30:54', 4, '', '', '', NULL),
(180, 80, 92, 'Payment', 'Babu', 0, 10000, -9850, '2016-06-12 13:34:37', 1, '', '', NULL, 'Cash Babu Kaka'),
(181, 81, 98, 'Sales', 'Sales-06201613057', 139500, 50140, 227635, '2016-06-13 04:41:51', 1, '', '', '', NULL),
(182, 82, 86, 'Payment', 'Babu', 0, 35000, -20300, '2016-06-13 05:08:28', 1, '', '', NULL, 'à¦œà¦®à¦¾ à§¯.à§¬.à§§à§¬ à¦¬à¦¾à¦¬à§ à¦•à¦¾à¦•à¦¾'),
(183, 83, 86, 'Sales', 'Sales-06201613058', 56980, 0, 36680, '2016-06-13 05:12:59', 4, '', '', '', NULL),
(184, 84, 95, 'Sales', 'Sales-06201613059', 15400, 0, 92400, '2016-06-13 07:49:03', 4, '', '', '', NULL),
(185, 85, 84, 'Sales', 'Sales-06201613060', 30800, 0, 39400, '2016-06-13 07:51:48', 4, '', '', '', NULL),
(186, 86, 84, 'Payment', 'Babu', 0, 30000, 9400, '2016-06-13 07:54:03', 1, '', '', NULL, 'Cash Babu'),
(187, 87, 88, 'Sales', 'Sales-06201613061', 15050, 0, 43075, '2016-06-13 07:56:36', 4, '', '', '', NULL),
(188, 88, 82, 'Payment', 'Babu kaka', 0, 150000, 53600, '2016-06-13 13:35:57', 1, '', '', NULL, 'Cash Babu'),
(189, 89, 82, 'Payment', 'Babu ', 0, 112000, -58400, '2016-06-13 13:38:29', 1, '', '', NULL, '09.06.16 Jama'),
(190, 90, 85, 'Payment', 'Babu Kaka', 0, 50000, -50000, '2016-06-13 13:44:27', 1, '', '', NULL, 'Babu Cash'),
(191, 91, 85, 'Payment', 'Babu Cash', 0, 50000, -100000, '2016-06-13 13:46:08', 1, '', '', NULL, 'Cash Boss'),
(192, 92, 82, 'Sales', 'Sales-06201614062', 79000, 0, 20600, '2016-06-14 03:40:53', 1, '', '', '', NULL),
(193, 93, 89, 'Sales', 'Sales-06201614063', 30100, 0, 16550, '2016-06-14 08:21:57', 4, '', '', '', NULL),
(194, 94, 92, 'Sales', 'Sales-06201615064', 15050, 0, 5200, '2016-06-15 03:40:55', 4, '', '', '', NULL),
(195, 95, 94, 'Sales', 'Sales-06201615065', 7725, 0, 7460, '2016-06-15 03:44:23', 4, '', '', '', NULL),
(196, 96, 87, 'Sales', 'Sales-06201616066', 15050, 0, 60200, '2016-06-16 12:02:36', 4, '', '', '', NULL),
(197, 97, 82, 'Sales', 'Sales-06201616067', 126400, 0, 269400, '2016-06-16 12:05:48', 4, '', '', '', 'Update Invoce'),
(198, 98, 89, 'Sales', 'Sales-06201616068', 15550, 0, 32100, '2016-06-16 12:13:36', 4, '', '', '', NULL),
(199, 99, 95, 'Sales', 'Sales-06201616069', 15400, 0, 107800, '2016-06-16 12:16:00', 4, '', '', '', NULL),
(200, 100, 84, 'Sales', 'Sales-06201616070', 30800, 0, 40200, '2016-06-16 12:18:06', 4, '', '', '', NULL),
(201, 101, 93, 'Sales', 'Sales-06201616071', 15050, 0, 30100, '2016-06-16 12:19:22', 4, '', '', '', NULL),
(202, 102, 97, 'Sales', 'Sales-06201616072', 76150, 20000, 256575, '2016-06-16 13:31:42', 1, '', '', '', NULL),
(203, 103, 99, 'Sales', 'Sales-06201616073', 15050, 0, 15050, '2016-06-16 13:36:51', 4, '', '', '', NULL),
(204, 104, 100, 'Sales', 'Sales-06201616074', 30100, 0, 30100, '2016-06-16 13:42:18', 4, '', '', '', NULL),
(205, 105, 93, 'Payment', 'Babu', 0, 30100, 0, '2016-06-16 13:52:17', 1, '', '', NULL, 'Boss'),
(206, 106, 95, 'Payment', 'Babu', 0, 10000, 97800, '2016-06-16 13:53:54', 1, '', '', NULL, 'Boss'),
(207, 107, 84, 'Payment', 'Babu', 0, 35000, 5200, '2016-06-16 13:54:45', 1, '', '', NULL, 'boss'),
(208, 108, 86, 'Payment', 'Babu', 0, 60000, -23320, '2016-06-16 13:55:40', 1, '', '', NULL, 'Boss'),
(209, 109, 92, 'Payment', 'babu ', 0, 10000, -4800, '2016-06-16 13:57:24', 1, '', '', NULL, 'boss'),
(210, 110, 85, 'Payment', 'boss', 0, 20000, -120000, '2016-06-16 13:58:33', 1, '', '', NULL, 'babu'),
(211, 111, 89, 'Payment', 'babu', 0, 30100, 2000, '2016-06-16 14:06:34', 1, '', '', NULL, 'boss'),
(212, 112, 99, 'Sales', 'Sales-06201617075', 15050, 0, 30100, '2016-06-17 05:33:51', 4, '', '', '', NULL),
(213, 113, 99, 'Payment', 'Babu Kaka ', 0, 15000, 15100, '2016-06-17 05:52:34', 1, '', '', NULL, 'Babu Kaka Joma'),
(214, 114, 101, 'Sales', 'Sales-06201617076', 75250, 0, 75250, '2016-06-17 06:51:04', 4, '', '', '', NULL),
(215, 115, 91, 'Sales', 'Sales-06201617077', 16500, 0, 136200, '2016-06-17 15:59:29', 4, '', '', '', NULL),
(216, 116, 88, 'Sales', 'Sales-06201618078', 15050, 0, 58125, '2016-06-18 09:45:03', 4, '', '', '', NULL),
(217, 117, 84, 'Payment', 'Babu', 0, 20000, -14800, '2016-06-19 13:34:49', 1, '', '', NULL, 'Boss'),
(218, 118, 82, 'Sales', 'Sales-06201619079', 126400, 163000, 110400, '2016-06-19 14:26:39', 1, '', '', '', NULL),
(219, 119, 97, 'Sales', 'Sales-06201619080', 76375, 40000, 292950, '2016-06-19 14:32:29', 1, '', '', '', NULL),
(220, 120, 92, 'Payment', 'Babu', 0, 10000, -14800, '2016-06-19 14:45:11', 1, '', '', NULL, 'Boss'),
(221, 121, 82, 'Sales', 'Sales-06201620081', 31600, 0, 142000, '2016-06-20 03:25:34', 4, '', '', '', NULL),
(222, 122, 99, 'Sales', 'Sales-06201620082', 15050, 0, 30150, '2016-06-20 03:26:33', 4, '', '', '', NULL),
(223, 123, 92, 'Sales', 'Sales-06201620083', 15050, 0, 250, '2016-06-20 03:27:30', 4, '', '', '', NULL),
(224, 124, 102, 'Sales', 'Sales-06201620084', 7525, 0, 7525, '2016-06-20 05:16:45', 4, '', '', '', NULL),
(225, 125, 87, 'Sales', 'Sales-06201620085', 15050, 0, 75250, '2016-06-20 07:10:58', 4, '', '', '', NULL),
(226, 126, 89, 'Sales', 'Sales-06201620086', 30100, 0, 32100, '2016-06-20 07:12:39', 4, '', '', '', NULL),
(227, 127, 84, 'Sales', 'Sales-06201620087', 30800, 0, 16000, '2016-06-20 07:14:07', 4, '', '', '', NULL),
(228, 128, 95, 'Sales', 'Sales-06201620088', 15400, 0, 113200, '2016-06-20 07:18:47', 4, '', '', '', NULL),
(229, 129, 93, 'Sales', 'Sales-06201620089', 15050, 0, 15050, '2016-06-20 07:20:20', 4, '', '', '', NULL),
(230, 130, 87, 'Payment', 'Babu', 0, 100000, -24750, '2016-06-20 07:24:43', 1, '', '', NULL, 'Helal Marfot Joma-100000'),
(231, 131, 89, 'Payment', 'Boss ', 0, 240, 31860, '2016-06-20 07:56:11', 1, '', '', NULL, 'à¦­à§à¦² à¦¸à¦®à¦¾à¦§à¦¾à¦¨ à¦•à¦°à¦¾ à¦¹à¦² à§¨à§ªà§¦ à¦Ÿà¦¾à¦•à¦¾ à¦œà¦®à¦¾ à¦•à¦°à§‡'),
(232, 132, 91, 'Sales', 'Sales-06201620090', 24750, 0, 160950, '2016-06-20 11:05:06', 4, '', '', '', NULL),
(233, 133, 83, 'Sales', 'Sales-06201620091', 75250, 0, 45650, '2016-06-20 11:12:41', 4, '', '', '', NULL),
(234, 134, 94, 'Sales', 'Sales-06201620092', 15450, 0, 22910, '2016-06-20 11:57:51', 4, '', '', '', NULL),
(235, 135, 94, 'Payment', 'Babu ', 0, 19364, 3546, '2016-06-20 11:59:39', 1, '', '', NULL, '16.06.16 Tarik taka joma'),
(236, 136, 86, 'Sales', 'Sales-06201621093', 56980, 0, 33660, '2016-06-21 04:01:56', 4, '', '', '', NULL),
(237, 137, 99, 'Payment', 'Boss', 0, 15100, 15050, '2016-06-21 07:11:07', 1, '', '', NULL, 'Boss'),
(238, 138, 88, 'Sales', 'Sales-06201622094', 15050, 0, 73175, '2016-06-22 09:29:58', 4, '', '', '', NULL),
(239, 139, 88, 'Payment', 'Boss', 0, 16020, 57155, '2016-06-22 09:32:55', 4, '', '', NULL, 'Boss Dim Babod'),
(242, 142, 97, 'Sales', 'Sales-06201622097', 76375, 0, 369325, '2016-06-22 13:26:39', 4, '', '', '', NULL),
(243, 143, 84, 'Sales', 'Sales-06201624098', 30800, 20000, 26800, '2016-06-24 05:56:19', 1, '', '', '', NULL),
(244, 144, 95, 'Sales', 'Sales-06201624099', 15400, 9000, 119600, '2016-06-24 05:58:10', 1, '', '', '', NULL),
(245, 145, 86, 'Payment', 'Boss', 0, 60000, -26340, '2016-06-24 06:04:13', 1, '', '', NULL, '23.06.16Tarik Joma dey 60000 Taka '),
(246, 146, 92, 'Payment', 'Boss', 0, 10000, -9750, '2016-06-24 06:05:26', 1, '', '', NULL, '23.06.16Joma 10000 Taka '),
(247, 147, 83, 'Payment', 'Age 20000 Taka beshi Tula hoye cilo', 0, 20000, 25650, '2016-06-24 06:08:14', 1, '', '', NULL, '23.06.16 Tarik Joma dey 40000 Hajar .Hiseb Sonsodon Ar jonno Joma Kora Hoy 20000 Taka '),
(248, 148, 92, 'Sales', 'Sales-062016240100', 15050, 0, 5300, '2016-06-24 06:31:57', 4, '', '', '', NULL),
(249, 149, 82, 'Payment', 'Dim Babod ', 0, 118000, 24000, '2016-06-24 06:56:18', 1, '', '', NULL, '22.06.16 Tarik Joma '),
(250, 150, 82, 'Sales', 'Sales-062016240101', 79000, 0, 103000, '2016-06-24 06:57:40', 4, '', '', '', NULL),
(251, 151, 82, 'Sales', 'Sales-062016240102', 126400, 0, 229400, '2016-06-24 06:58:58', 4, '', '', '', NULL),
(252, 152, 91, 'Sales', 'Sales-062016240103', 33000, 0, 193950, '2016-06-24 07:02:56', 4, '', '', '', NULL),
(253, 153, 94, 'Sales', 'Sales-062016240104', 7725, 0, 11271, '2016-06-24 07:07:07', 4, '', '', '', NULL),
(254, 154, 87, 'Sales', 'Sales-062016240105', 15050, 0, -9700, '2016-06-24 07:11:03', 4, '', '', '', NULL),
(255, 155, 103, 'Sales', 'Sales-062016240106', 15050, 0, 15050, '2016-06-24 07:15:12', 4, '', '', '', NULL),
(256, 156, 89, 'Sales', 'Sales-062016250107', 12440, 0, 44300, '2016-06-25 11:44:07', 4, '', '', '', NULL),
(257, 157, 93, 'Sales', 'Sales-062016250108', 15050, 0, 30100, '2016-06-25 11:45:52', 4, '', '', '', NULL),
(258, 158, 93, 'Payment', 'Boss ', 0, 30100, 0, '2016-06-25 11:46:56', 1, '', '', NULL, '23.06.16 Joma kore'),
(259, 159, 99, 'Sales', 'Sales-062016250109', 9030, 0, 24080, '2016-06-25 11:49:07', 4, '', '', '', NULL),
(260, 160, 94, 'Sales', 'Sales-062016250110', 24720, 0, 35991, '2016-06-25 11:50:56', 4, '', '', '', NULL),
(261, 161, 99, 'Payment', 'Babu Kaka', 0, 10000, 14080, '2016-06-25 14:00:38', 1, '', '', NULL, 'Boss'),
(262, 162, 94, 'Payment', 'Dim Babod ', 0, 26350, 9641, '2016-06-25 14:03:33', 1, '', '', NULL, 'Babu Kaka'),
(263, 163, 98, 'Sales', 'Sales-062016260111', 69750, 0, 297385, '2016-06-26 04:58:17', 4, '', '', '', NULL),
(264, 164, 89, 'Sales', 'Sales-062016260112', 30100, 0, 74400, '2016-06-26 05:25:43', 4, '', '', '', NULL),
(265, 165, 97, 'Payment', 'Boss', 0, 50000, 319325, '2016-06-26 14:00:22', 1, '', '', NULL, 'Babu kaka'),
(266, 166, 84, 'Payment', 'Boss', 0, 20000, 6800, '2016-06-26 14:03:54', 1, '', '', NULL, 'Babu kaka'),
(267, 167, 91, 'Payment', 'Boss', 0, 18000, 175950, '2016-06-26 14:05:08', 1, '', '', NULL, 'Babu kaka'),
(268, 168, 97, 'Sales', 'Sales-062016280113', 91650, 0, 410975, '2016-06-28 04:15:51', 4, '', '', '', NULL),
(269, 169, 86, 'Sales', 'Sales-062016280114', 56980, 0, 30640, '2016-06-28 04:19:45', 4, '', '', '', NULL),
(270, 170, 91, 'Sales', 'Sales-062016280115', 24750, 0, 200700, '2016-06-28 04:22:56', 4, '', '', '', NULL),
(271, 171, 82, 'Sales', 'Sales-062016280116', 63200, 100000, 192600, '2016-06-28 04:26:31', 4, '', '', '', NULL),
(272, 172, 92, 'Sales', 'Sales-062016280117', 15050, 10000, 10350, '2016-06-28 04:28:39', 1, '', '', '', NULL),
(273, 173, 109, 'Sales', 'Sales-062016280118', 6550, 0, 6550, '2016-06-28 04:34:02', 4, '', '', '', NULL),
(274, 174, 111, 'Sales', 'Sales-062016280119', 3275, 0, 3275, '2016-06-28 04:39:28', 4, '', '', '', NULL),
(275, 175, 112, 'Sales', 'Sales-062016280120', 3930, 3930, 0, '2016-06-28 04:43:36', 4, '', '', '', NULL),
(276, 176, 83, 'Sales', 'Sales-062016280121', 60200, 0, 85850, '2016-06-28 07:34:47', 4, '', '', '', NULL),
(277, 177, 87, 'Sales', 'Sales-062016280122', 15050, 0, 5350, '2016-06-28 07:35:45', 4, '', '', '', NULL),
(278, 178, 102, 'Sales', 'Sales-062016280123', 15050, 7500, 15075, '2016-06-28 08:12:10', 1, '', '', '', NULL),
(279, 179, 82, 'Sales', 'Sales-062016280124', 126400, 0, 319000, '2016-06-28 10:21:03', 4, '', '', '', NULL),
(280, 180, 88, 'Sales', 'Sales-062016280125', 15050, 0, 72205, '2016-06-28 13:15:00', 4, '', '', '', NULL),
(281, 181, 95, 'Sales', 'Sales-062016280126', 15400, 0, 135000, '2016-06-28 13:16:29', 4, '', '', '', NULL),
(282, 182, 84, 'Sales', 'Sales-062016280127', 38500, 0, 45300, '2016-06-28 13:17:51', 4, '', '', '', NULL),
(283, 183, 89, 'Sales', 'Sales-062016280128', 15550, 0, 89950, '2016-06-28 13:19:28', 4, '', '', '', NULL),
(284, 184, 103, 'Sales', 'Sales-062016290129', 15050, 0, 30100, '2016-06-29 03:37:08', 4, '', '', '', NULL),
(285, 185, 99, 'Sales', 'Sales-062016290130', 12040, 0, 26120, '2016-06-29 07:21:00', 4, '', '', '', NULL),
(286, 186, 93, 'Sales', 'Sales-062016290131', 15050, 0, 15050, '2016-06-29 07:24:22', 4, '', '', '', NULL),
(287, 187, 83, 'Payment', 'Babu Kaka', 0, 30000, 55850, '2016-06-29 13:54:48', 1, '', '', NULL, 'Boss'),
(288, 188, 98, 'Sales', 'Sales-062016300132', 68850, 0, 366235, '2016-06-30 04:50:57', 4, '', '', '', NULL),
(289, 189, 82, 'Payment', 'Boss', 0, 90000, 229000, '2016-06-30 11:27:46', 1, '', '', NULL, 'Babu'),
(290, 190, 84, 'Payment', 'Boss', 0, 15000, 30300, '2016-06-30 11:29:14', 1, '', '', NULL, 'Babu'),
(291, 191, 95, 'Payment', 'Boss', 0, 16000, 119000, '2016-06-30 11:30:17', 1, '', '', NULL, 'Babu'),
(292, 192, 91, 'Payment', 'Boss', 0, 25000, 175700, '2016-06-30 11:31:39', 1, '', '', NULL, 'Babu'),
(293, 193, 92, 'Payment', 'Boss', 0, 10000, 350, '2016-06-30 11:35:29', 1, '', '', NULL, 'Babu'),
(294, 194, 97, 'Payment', 'Boss', 0, 20000, 390975, '2016-06-30 12:01:29', 1, '', '', NULL, 'Babu'),
(295, 195, 91, 'Sales', 'Sales-072016010133', 24750, 0, 200450, '2016-07-01 04:11:51', 4, '', '', '', NULL),
(296, 196, 105, 'Sales', 'Sales-072016010134', 13200, 0, 26300, '2016-07-01 04:29:42', 4, '', '', '', 'Update Invoce'),
(297, 197, 108, 'Sales', 'Sales-072016010135', 13200, 0, 13200, '2016-07-01 04:39:03', 4, '', '', '', NULL),
(298, 198, 84, 'Sales', 'Sales-072016010136', 30800, 0, 61100, '2016-07-01 05:19:08', 4, '', '', '', NULL),
(299, 199, 95, 'Sales', 'Sales-072016010137', 15400, 0, 134400, '2016-07-01 05:23:48', 4, '', '', '', NULL),
(300, 200, 88, 'Sales', 'Sales-072016010138', 15050, 0, 87255, '2016-07-01 06:46:40', 4, '', '', '', NULL),
(301, 201, 88, 'Payment', '22.06.16', 0, 4860, 82395, '2016-07-01 06:58:58', 1, '', '', NULL, 'Boss'),
(302, 202, 97, 'Sales', 'Sales-072016010139', 60200, 0, 451175, '2016-07-01 10:16:37', 4, '', '', '', NULL),
(303, 203, 99, 'Sales', 'Sales-072016010140', 15050, 0, 41170, '2016-07-01 10:21:09', 4, '', '', '', NULL),
(304, 204, 101, 'Sales', 'Sales-072016010141', 75250, 150500, 0, '2016-07-01 10:26:12', 1, '', '', '', NULL),
(305, 205, 94, 'Sales', 'Sales-072016020142', 15450, 0, 25091, '2016-07-02 04:30:07', 4, '', '', '', NULL),
(306, 206, 89, 'Sales', 'Sales-072016020143', 15050, 0, 105000, '2016-07-02 04:34:39', 4, '', '', '', NULL),
(307, 207, 82, 'Sales', 'Sales-072016030144', 126400, 0, 355400, '2016-07-03 05:43:33', 4, '', '', '', NULL),
(308, 208, 87, 'Sales', 'Sales-072016030145', 30100, 0, 35450, '2016-07-03 05:48:08', 4, '', '', '', NULL),
(309, 209, 82, 'Sales', 'Sales-072016030146', 63200, 0, 418600, '2016-07-03 07:49:11', 4, '', '', '', NULL),
(310, 210, 99, 'Sales', 'Sales-072016030147', 15050, 0, 56220, '2016-07-03 07:50:21', 4, '', '', '', NULL),
(311, 211, 99, 'Payment', 'Boss', 0, 26120, 30100, '2016-07-03 09:25:49', 1, '', '', NULL, 'Boss'),
(312, 212, 93, 'Sales', 'Sales-072016030148', 30100, 30100, 15050, '2016-07-03 10:19:07', 1, '', '', '', NULL),
(313, 213, 91, 'Sales', 'Sales-072016030149', 49500, 20000, 229950, '2016-07-03 10:23:56', 1, '', '', '', NULL),
(314, 214, 86, 'Payment', 'Boss', 0, 100000, -69360, '2016-07-03 10:28:11', 1, '', '', NULL, 'Boss'),
(315, 215, 86, 'Sales', 'Sales-072016030150', 56980, 0, -12380, '2016-07-03 10:29:10', 4, '', '', '', NULL),
(316, 216, 103, 'Sales', 'Sales-072016040151', 24080, 0, 54180, '2016-07-04 04:08:12', 4, '', '', '', NULL),
(317, 217, 113, 'Sales', 'Sales-072016040152', 75250, 0, 75250, '2016-07-04 04:10:38', 4, '', '', '', NULL),
(318, 218, 97, 'Sales', 'Sales-072016040153', 60200, 0, 511375, '2016-07-04 05:11:44', 4, '', '', '', NULL),
(319, 219, 82, 'Sales', 'Sales-072016040154', 47400, 0, 466000, '2016-07-04 05:13:54', 4, '', '', '', NULL),
(320, 220, 92, 'Sales', 'Sales-072016040155', 22575, 0, 22925, '2016-07-04 05:17:19', 4, '', '', '', NULL),
(321, 221, 94, 'Sales', 'Sales-072016040156', 7725, 0, 32816, '2016-07-04 05:19:39', 4, '', '', '', NULL),
(323, 223, 89, 'Sales', 'Sales-072016040158', 45650, 0, 150650, '2016-07-04 05:36:19', 4, '', '', '', NULL),
(324, 224, 88, 'Sales', 'Sales-072016040159', 15050, 0, 97445, '2016-07-04 05:40:00', 4, '', '', '', NULL),
(325, 225, 88, 'Payment', 'Boss', 0, 6174, 91271, '2016-07-04 05:46:59', 1, '', '', NULL, '01.07.16'),
(326, 226, 113, 'Payment', 'Babu kaka', 0, 75250, 0, '2016-07-04 09:55:30', 1, '', '', NULL, 'Babu kaka'),
(327, 227, 84, 'Sales', 'Sales-072016040160', 53900, 15000, 100000, '2016-07-04 10:29:12', 1, '', '', '', NULL),
(328, 228, 95, 'Sales', 'Sales-072016040161', 23100, 15000, 142500, '2016-07-04 10:31:13', 1, '', '', '', NULL),
(329, 229, 94, 'Payment', 'Boss', 0, 25725, 7091, '2016-07-04 10:37:24', 1, '', '', NULL, 'Babu Kaka '),
(330, 230, 82, 'Payment', 'Boss', 0, 100000, 366000, '2016-07-04 10:40:58', 1, '', '', NULL, 'Babu kaka'),
(331, 231, 97, 'Payment', 'Boss', 0, 10000, 501375, '2016-07-04 10:44:03', 1, '', '', NULL, 'Babu kaka'),
(332, 232, 82, 'Sales', 'Sales-072016040162', 126400, 0, 492400, '2016-07-04 10:48:01', 4, '', '', '', NULL),
(333, 233, 89, 'Payment', 'Boss', 0, 105350, 45300, '2016-07-04 11:41:39', 1, '', '', NULL, 'Babu Kaka'),
(334, 234, 102, 'Sales', 'Sales-072016110163', 15050, 15050, 15075, '2016-07-11 04:12:47', 1, '', '', '', NULL),
(335, 235, 102, 'Sales', 'Sales-072016110164', 15050, 0, 30125, '2016-07-11 04:15:04', 4, '', '', '', NULL),
(336, 236, 102, 'Payment', '10.07.16 Tarikhe joma', 0, 30125, 0, '2016-07-11 04:15:55', 1, '', '', NULL, 'Boss'),
(337, 237, 102, 'Sales', 'Sales-072016110165', 30100, 0, 30100, '2016-07-11 04:16:55', 4, '', '', '', NULL),
(338, 238, 97, 'Sales', 'Sales-072016110166', 45150, 30000, 516525, '2016-07-11 04:22:53', 1, '', '', '', NULL),
(339, 239, 97, 'Sales', 'Sales-072016110167', 37625, 0, 554150, '2016-07-11 04:24:08', 4, '', '', '', NULL),
(340, 240, 97, 'Sales', 'Sales-072016110168', 75250, 90000, 539400, '2016-07-11 04:25:08', 1, '', '', '', NULL),
(341, 241, 83, 'Sales', 'Sales-072016110169', 30100, 30000, 55950, '2016-07-11 04:27:18', 1, '', '', '', NULL),
(342, 242, 99, 'Sales', 'Sales-072016110170', 7525, 0, 37625, '2016-07-11 04:29:47', 4, '', '', '', NULL),
(343, 243, 84, 'Sales', 'Sales-072016110171', 15400, 50000, 65400, '2016-07-11 04:31:37', 1, '', '', '', NULL),
(344, 244, 94, 'Sales', 'Sales-072016110172', 7725, 0, 14816, '2016-07-11 04:33:34', 4, '', '', '', NULL),
(345, 245, 104, 'Sales', 'Sales-072016110173', 2620, 0, 2620, '2016-07-11 04:35:30', 4, '', '', '', NULL),
(346, 246, 88, 'Sales', 'Sales-072016110174', 7525, 0, 98796, '2016-07-11 04:36:44', 4, '', '', '', NULL),
(347, 247, 88, 'Payment', '03.07.16', 0, 15000, 83796, '2016-07-11 04:47:04', 1, '', '', NULL, 'boss'),
(348, 248, 91, 'Sales', 'Sales-072016110175', 41250, 60000, 211200, '2016-07-11 04:50:50', 1, '', '', '', NULL),
(349, 249, 103, 'Sales', 'Sales-072016110176', 22575, 0, 76755, '2016-07-11 05:49:30', 4, '', '', '', NULL),
(350, 250, 113, 'Sales', 'Sales-072016110177', 75250, 0, 75250, '2016-07-11 05:52:38', 4, '', '', '', NULL),
(351, 251, 87, 'Sales', 'Sales-072016110178', 15050, 0, 50500, '2016-07-11 05:58:24', 4, '', '', '', NULL),
(352, 252, 114, 'Sales', 'Sales-072016120179', 10500, 0, 10500, '2016-07-12 07:01:09', 4, '', '', '', NULL),
(353, 253, 84, 'Sales', 'Sales-072016120180', 23100, 0, 88500, '2016-07-12 07:03:25', 4, '', '', '', NULL),
(354, 254, 92, 'Sales', 'Sales-072016120181', 15050, 0, 37975, '2016-07-12 07:08:19', 4, '', '', '', NULL),
(355, 255, 92, 'Payment', '04.07.16', 0, 5000, 32975, '2016-07-12 07:12:44', 1, '', '', NULL, 'boss'),
(356, 256, 92, 'Payment', '10.07.16', 0, 15000, 17975, '2016-07-12 07:13:18', 1, '', '', NULL, 'boss'),
(357, 257, 83, 'Sales', 'Sales-072016120182', 60200, 20000, 96150, '2016-07-12 07:14:46', 1, '', '', '', NULL),
(358, 258, 89, 'Sales', 'Sales-072016120183', 15050, 0, 60350, '2016-07-12 07:15:48', 4, '', '', '', NULL),
(359, 259, 88, 'Sales', 'Sales-072016120184', 7525, 0, 91321, '2016-07-12 07:16:58', 4, '', '', '', NULL),
(360, 260, 88, 'Payment', '10.07.16 dim babod', 0, 15800, 75521, '2016-07-12 07:18:38', 1, '', '', NULL, 'boss'),
(361, 261, 93, 'Sales', 'Sales-072016120185', 7525, 30100, -7525, '2016-07-12 07:23:42', 1, '', '', '', NULL),
(362, 262, 82, 'Sales', 'Sales-072016120186', 126400, 0, 618800, '2016-07-12 07:27:47', 4, '', '', '', NULL),
(363, 263, 82, 'Payment', '09.07.16', 0, 166000, 452800, '2016-07-12 07:29:08', 1, '', '', NULL, 'boss'),
(364, 264, 86, 'Sales', 'Sales-072016120187', 56980, 0, 44600, '2016-07-12 07:31:04', 4, '', '', '', NULL),
(365, 265, 101, 'Sales', 'Sales-072016120188', 75250, 0, 75250, '2016-07-12 07:32:28', 1, '', '', '', NULL),
(366, 266, 98, 'Sales', 'Sales-072016120189', 69075, 0, 435310, '2016-07-12 09:18:46', 4, '', '', '', NULL),
(367, 267, 95, 'Sales', 'Sales-072016120190', 7700, 0, 150200, '2016-07-12 12:51:30', 4, '', '', '', NULL),
(368, 268, 95, 'Sales', 'Sales-072016120191', 9240, 0, 159440, '2016-07-12 12:53:58', 4, '', '', '', NULL),
(369, 269, 95, 'Payment', '08.07.16', 0, 34000, 125440, '2016-07-12 12:55:15', 1, '', '', NULL, 'boss'),
(370, 270, 99, 'Payment', '10.07.16', 0, 20000, 17625, '2016-07-12 12:57:18', 1, '', '', NULL, 'Boss'),
(371, 271, 99, 'Sales', 'Sales-072016120192', 7525, 0, 25150, '2016-07-12 12:58:02', 4, '', '', '', NULL),
(372, 272, 94, 'Sales', 'Sales-072016140193', 7725, 19100, 3441, '2016-07-14 05:32:29', 1, '', '', '', NULL),
(373, 273, 105, 'Sales', 'Sales-072016140194', 6550, 0, 19750, '2016-07-14 05:38:26', 4, '', '', '', NULL),
(374, 274, 98, 'Sales', 'Sales-072016140195', 46500, 0, 481810, '2016-07-14 05:40:10', 4, '', '', '', NULL),
(375, 275, 98, 'Payment', '12.07.16', 0, 50000, 431810, '2016-07-14 05:42:32', 1, '', '', NULL, 'boss'),
(376, 276, 82, 'Sales', 'Sales-072016140196', 31600, 0, 484400, '2016-07-14 05:45:05', 4, '', '', '', NULL),
(377, 277, 89, 'Sales', 'Sales-072016140197', 30600, 0, 90950, '2016-07-14 05:46:31', 4, '', '', '', NULL),
(378, 278, 93, 'Sales', 'Sales-072016140198', 15050, 0, 7525, '2016-07-14 05:48:37', 4, '', '', '', NULL),
(379, 279, 97, 'Sales', 'Sales-072016140199', 75250, 0, 614650, '2016-07-14 05:49:41', 4, '', '', '', NULL),
(380, 280, 113, 'Payment', '11.07.16', 0, 75250, 0, '2016-07-14 06:41:01', 1, '', '', NULL, 'Boss'),
(381, 281, 84, 'Sales', 'Sales-072016140200', 30800, 30000, 89300, '2016-07-14 11:52:13', 1, '', '', '', NULL),
(382, 282, 95, 'Sales', 'Sales-072016140201', 12320, 12000, 125760, '2016-07-14 11:55:24', 1, '', '', '', NULL),
(383, 283, 88, 'Sales', 'Sales-072016140202', 15050, 0, 90571, '2016-07-14 11:56:31', 4, '', '', '', NULL),
(384, 284, 99, 'Sales', 'Sales-072016150203', 15050, 10130, 30070, '2016-07-15 04:24:27', 1, '', '', '', NULL),
(385, 285, 91, 'Sales', 'Sales-072016150204', 24750, 35000, 200950, '2016-07-15 12:16:06', 1, '', '', '', NULL),
(386, 286, 94, 'Sales', 'Sales-072016150205', 7725, 0, 11166, '2016-07-15 12:17:50', 4, '', '', '', NULL),
(387, 287, 82, 'Sales', 'Sales-072016150206', 31600, 0, 516000, '2016-07-15 12:19:02', 4, '', '', '', NULL),
(388, 288, 82, 'Payment', '13.07.16 Joma', 0, 100000, 416000, '2016-07-15 12:20:25', 1, '', '', NULL, 'Boss'),
(389, 289, 92, 'Sales', 'Sales-072016150207', 15050, 0, 33025, '2016-07-15 12:22:10', 4, '', '', '', NULL),
(390, 290, 87, 'Sales', 'Sales-072016150208', 15050, 112900, -47350, '2016-07-15 12:23:46', 1, '', '', '', NULL),
(391, 291, 82, 'Sales', 'Sales-072016150209', 126400, 0, 542400, '2016-07-15 13:02:51', 4, '', '', '', NULL),
(392, 292, 94, 'Sales', 'Sales-072016160210', 7725, 17220, 1671, '2016-07-16 12:27:15', 1, '', '', '', NULL),
(393, 293, 82, 'Payment', '15.07.16', 0, 150000, 392400, '2016-07-16 12:28:31', 1, '', '', NULL, 'boss'),
(394, 294, 97, 'Sales', 'Sales-072016170211', 75250, 75000, 614900, '2016-07-17 12:11:19', 1, '', '', '', NULL),
(395, 295, 97, 'Payment', '14.07.16', 0, 70000, 544900, '2016-07-17 12:13:24', 1, '', '', NULL, 'Boss'),
(396, 296, 84, 'Sales', 'Sales-072016170212', 23100, 25000, 87400, '2016-07-17 12:14:06', 1, '', '', '', NULL),
(397, 297, 89, 'Sales', 'Sales-072016170213', 15050, 0, 106000, '2016-07-17 12:15:13', 4, '', '', '', NULL),
(398, 298, 95, 'Sales', 'Sales-072016170214', 15400, 15000, 126160, '2016-07-17 12:16:50', 1, '', '', '', NULL),
(399, 299, 103, 'Sales', 'Sales-072016170215', 7525, 0, 84280, '2016-07-17 12:17:54', 4, '', '', '', NULL),
(400, 300, 108, 'Sales', 'Sales-072016170216', 6550, 0, 19750, '2016-07-17 12:19:04', 4, '', '', '', NULL),
(401, 301, 106, 'Sales', 'Sales-072016170217', 3275, 3275, 0, '2016-07-17 12:21:10', 1, '', '', '', 'Update Invoce'),
(402, 302, 92, 'Payment', '14.07.16', 0, 20000, 13025, '2016-07-17 12:27:01', 1, '', '', NULL, 'boss'),
(403, 303, 92, 'Payment', 'boss', 0, 10000, 3025, '2016-07-17 12:27:29', 1, '', '', NULL, 'babu'),
(404, 304, 113, 'Sales', 'Sales-072016190218', 75250, 75250, 0, '2016-07-19 08:57:24', 1, '', '', '', NULL),
(405, 305, 91, 'Sales', 'Sales-072016190219', 33000, 0, 233950, '2016-07-19 09:00:08', 4, '', '', '', NULL),
(406, 306, 91, 'Payment', '17.07.16', 0, 34000, 199950, '2016-07-19 09:01:22', 1, '', '', NULL, 'boss'),
(407, 307, 93, 'Sales', 'Sales-072016190220', 15050, 0, 22575, '2016-07-19 09:02:32', 4, '', '', '', NULL),
(408, 308, 86, 'Sales', 'Sales-072016190221', 56980, 0, 101580, '2016-07-19 09:04:22', 4, '', '', '', NULL),
(409, 309, 86, 'Payment', '14.07.16', 0, 60000, 41580, '2016-07-19 09:06:11', 1, '', '', NULL, 'boss'),
(410, 310, 83, 'Sales', 'Sales-072016190222', 60200, 0, 156350, '2016-07-19 09:07:28', 4, '', '', '', NULL),
(411, 311, 83, 'Payment', '17.07.16', 0, 50000, 106350, '2016-07-19 09:08:22', 1, '', '', NULL, 'boss'),
(412, 312, 102, 'Sales', 'Sales-072016190223', 15050, 9000, 36150, '2016-07-19 09:10:34', 1, '', '', '', NULL),
(413, 313, 88, 'Sales', 'Sales-072016190224', 15050, 20000, 85621, '2016-07-19 09:11:57', 1, '', '', '', NULL),
(414, 314, 82, 'Sales', 'Sales-072016190225', 31600, 0, 424000, '2016-07-19 09:13:27', 4, '', '', '', NULL),
(415, 315, 82, 'Payment', '01.07.16 à¦¤à¦¾à¦°à¦¿à¦–à§‡à¦° à¦†à¦—à§‡à¦° à¦•à¦®', 0, 390500, 33500, '2016-07-19 09:19:43', 1, '', '', NULL, 'à§©à§¯à§¦à§« à¦¬à¦¸à§à¦¤à¦¾ à¦–à¦¾à¦¦à§à¦¯à§‡à¦° à¦¦à¦¾à¦® à§§à§¦à§¦ à¦Ÿà¦¾à¦•à¦¾ à¦•à¦°à§‡ à¦¬à¦¾à¦¦ à¦¦à§‡à§Ÿà¦¾ à¦¹à¦²  à§©à§¯à§¦à§«à§¦à§¦- à§©à§ªà§©à§¯à§®à§¯à§¦ = à§©à§¦à§ªà§¯à§©à§¯à§¦'),
(416, 316, 82, 'Payment', '16.07.16', 0, 120000, -86500, '2016-07-19 09:22:56', 1, '', '', NULL, 'boss'),
(417, 317, 98, 'Sales', 'Sales-072016190226', 68400, 50000, 450210, '2016-07-19 09:27:22', 1, '', '', '', NULL),
(418, 318, 99, 'Sales', 'Sales-072016190227', 15050, 0, 45120, '2016-07-19 09:29:35', 4, '', '', '', NULL),
(419, 319, 92, 'Sales', 'Sales-072016190228', 15050, 10000, 8075, '2016-07-19 09:30:59', 1, '', '', '', NULL),
(420, 320, 116, 'Sales', 'Sales-072016190229', 15050, 0, 15050, '2016-07-19 10:27:28', 4, '', '', '', NULL),
(421, 321, 89, 'Sales', 'Sales-072016190230', 9330, 0, 115330, '2016-07-19 10:28:33', 4, '', '', '', NULL),
(422, 322, 103, 'Sales', 'Sales-072016190231', 12040, 0, 96320, '2016-07-19 10:56:32', 4, '', '', '', NULL),
(423, 323, 87, 'Sales', 'Sales-072016200232', 15050, 0, -32300, '2016-07-20 03:28:35', 4, '', '', '', NULL),
(424, 324, 103, 'Sales', 'Sales-072016200233', 7525, 0, 103845, '2016-07-20 03:29:51', 4, '', '', '', NULL),
(425, 325, 117, 'Sales', 'Sales-072016200234', 1310, 1310, 0, '2016-07-20 03:47:30', 1, '', '', '', NULL),
(426, 326, 115, 'Sales', 'Sales-072016200235', 26920, 15000, 11920, '2016-07-20 03:54:35', 1, '', '', '', NULL),
(427, 327, 82, 'Sales', 'Sales-072016200236', 126400, 0, 39900, '2016-07-20 10:48:04', 4, '', '', '', NULL),
(428, 328, 82, 'Sales', 'Sales-072016200237', 15800, 0, 55700, '2016-07-20 10:49:09', 4, '', '', '', NULL),
(429, 329, 89, 'Sales', 'Sales-072016200238', 15050, 0, 130380, '2016-07-20 10:59:13', 4, '', '', '', NULL),
(430, 330, 84, 'Sales', 'Sales-072016200239', 15400, 0, 102800, '2016-07-20 11:00:17', 4, '', '', '', NULL),
(431, 331, 95, 'Sales', 'Sales-072016200240', 4620, 0, 130780, '2016-07-20 11:01:19', 4, '', '', '', NULL),
(432, 332, 94, 'Sales', 'Sales-072016200241', 15450, 0, 17121, '2016-07-20 11:05:00', 4, '', '', '', NULL),
(433, 333, 97, 'Sales', 'Sales-072016200242', 24080, 20000, 548980, '2016-07-20 11:11:01', 1, '', '', '', NULL),
(434, 334, 91, 'Payment', 'boss', 0, 45000, 154950, '2016-07-21 06:08:36', 1, '', '', NULL, 'Hazi'),
(435, 335, 86, 'Payment', 'Chack', 0, 70000, -28420, '2016-07-21 06:09:20', 1, '', '', NULL, 'Rasel'),
(436, 336, 102, 'Sales', 'Sales-072016210243', 15050, 15050, 36150, '2016-07-21 10:50:19', 1, '', '', '', NULL),
(437, 337, 82, 'Sales', 'Sales-072016210244', 47400, 0, 103100, '2016-07-21 10:53:53', 4, '', '', '', NULL),
(438, 338, 97, 'Sales', 'Sales-072016210245', 51170, 40000, 560150, '2016-07-21 11:03:41', 1, '', '', '', NULL),
(439, 339, 83, 'Payment', 'boss', 0, 50000, 56350, '2016-07-21 11:05:39', 1, '', '', NULL, 'babu'),
(440, 340, 93, 'Payment', 'boss', 0, 30000, -7425, '2016-07-21 11:08:28', 1, '', '', NULL, 'babu kaka'),
(441, 341, 84, 'Payment', 'Boss', 0, 40000, 62800, '2016-07-21 11:10:01', 1, '', '', NULL, 'babu kaka'),
(442, 342, 95, 'Payment', 'boss', 0, 15000, 115780, '2016-07-21 11:11:04', 1, '', '', NULL, 'babu'),
(443, 343, 101, 'Payment', 'boss', 0, 50000, 25250, '2016-07-21 11:13:29', 1, '', '', NULL, 'babu kaka'),
(444, 344, 92, 'Payment', '21.07.16', 0, 5000, 3075, '2016-07-22 05:48:57', 1, '', '', NULL, 'boss'),
(445, 345, 82, 'Payment', '21.07.16', 0, 230000, -126900, '2016-07-22 05:51:25', 1, '', '', NULL, 'Boss'),
(446, 346, 84, 'Sales', 'Sales-072016220246', 30800, 0, 93600, '2016-07-22 13:22:12', 4, '', '', '', NULL),
(447, 347, 95, 'Sales', 'Sales-072016220247', 15400, 0, 131180, '2016-07-22 13:23:34', 4, '', '', '', NULL),
(448, 348, 91, 'Sales', 'Sales-072016220248', 33000, 0, 187950, '2016-07-22 13:25:17', 4, '', '', '', NULL),
(449, 349, 93, 'Sales', 'Sales-072016220249', 15050, 0, 7625, '2016-07-22 13:29:11', 4, '', '', '', NULL),
(450, 350, 94, 'Payment', 'Dim babod', 0, 33000, -15879, '2016-07-22 13:30:33', 1, '', '', NULL, 'Babu'),
(451, 351, 101, 'Sales', 'Sales-072016230250', 75250, 0, 100500, '2016-07-23 12:14:49', 1, '', '', '', NULL),
(452, 352, 88, 'Sales', 'Sales-072016230251', 15050, 0, 100671, '2016-07-23 12:17:13', 4, '', '', '', NULL),
(453, 353, 89, 'Sales', 'Sales-072016230252', 15550, 0, 145930, '2016-07-23 12:19:18', 4, '', '', '', NULL),
(454, 354, 92, 'Sales', 'Sales-072016230253', 7525, 0, 10600, '2016-07-23 12:20:00', 4, '', '', '', NULL),
(455, 355, 99, 'Sales', 'Sales-072016230254', 7525, 0, 52645, '2016-07-23 12:20:40', 4, '', '', '', NULL),
(456, 356, 116, 'Sales', 'Sales-072016230255', 15050, 0, 30100, '2016-07-23 12:21:18', 4, '', '', '', NULL),
(457, 357, 97, 'Sales', 'Sales-072016240256', 75250, 100000, 535400, '2016-07-24 09:53:01', 1, '', '', '', NULL),
(458, 358, 98, 'Sales', 'Sales-072016240257', 70650, 0, 520860, '2016-07-24 12:03:15', 4, '', '', '', NULL),
(459, 359, 95, 'Sales', 'Sales-072016240258', 15400, 18000, 128580, '2016-07-24 12:14:50', 1, '', '', '', NULL),
(460, 360, 95, 'Sales', 'Sales-072016240259', 55365, 0, 183945, '2016-07-24 12:17:27', 1, '', '', '', NULL),
(461, 361, 84, 'Sales', 'Sales-072016240260', 30800, 35000, 89400, '2016-07-24 12:19:04', 1, '', '', '', NULL),
(462, 362, 89, 'Sales', 'Sales-072016240261', 15050, 0, 160980, '2016-07-24 12:21:12', 4, '', '', '', NULL),
(463, 363, 87, 'Sales', 'Sales-072016240262', 15050, 0, -17250, '2016-07-24 12:22:05', 4, '', '', '', NULL),
(464, 364, 103, 'Sales', 'Sales-072016240263', 15050, 15000, 103895, '2016-07-24 12:23:00', 4, '', '', '', NULL),
(465, 365, 99, 'Payment', 'boss', 0, 10000, 42645, '2016-07-24 12:24:42', 1, '', '', NULL, 'babu'),
(466, 366, 113, 'Sales', 'Sales-072016250264', 75250, 75250, 0, '2016-07-25 08:30:03', 1, '', '', '', NULL),
(467, 367, 94, 'Sales', 'Sales-072016250265', 9570, 0, -6309, '2016-07-25 12:29:04', 4, '', '', '', NULL),
(468, 368, 99, 'Sales', 'Sales-072016250266', 7775, 0, 50420, '2016-07-25 12:30:49', 4, '', '', '', NULL),
(469, 369, 91, 'Sales', 'Sales-072016250267', 17000, 0, 204950, '2016-07-25 12:32:48', 4, '', '', '', NULL),
(470, 370, 91, 'Payment', '24.07.16', 0, 35000, 169950, '2016-07-25 12:33:55', 1, '', '', NULL, 'boss'),
(471, 371, 86, 'Sales', 'Sales-072016250268', 15800, 0, 3280, '2016-07-25 12:35:45', 1, '', '', '', 'Update Invoce'),
(472, 372, 102, 'Sales', 'Sales-072016250269', 15550, 15550, 36150, '2016-07-25 12:37:38', 1, '', '', '', NULL),
(473, 373, 82, 'Sales', 'Sales-072016250270', 47400, 0, -79500, '2016-07-25 12:45:02', 4, '', '', '', NULL),
(474, 374, 82, 'Sales', 'Sales-072016250271', 94800, 145000, -129700, '2016-07-25 12:48:00', 1, '', '', '', NULL),
(475, 375, 92, 'Sales', 'Sales-072016260272', 15550, 0, 26150, '2016-07-26 12:53:15', 4, '', '', '', NULL),
(476, 376, 92, 'Payment', '24.07.16', 0, 10000, 16150, '2016-07-26 12:54:09', 1, '', '', NULL, 'Boss'),
(477, 377, 91, 'Sales', 'Sales-072016270273', 17000, 0, 186950, '2016-07-27 10:29:05', 4, '', '', '', NULL),
(478, 378, 93, 'Sales', 'Sales-072016270274', 15550, 0, 23175, '2016-07-27 10:30:33', 4, '', '', '', NULL),
(479, 379, 94, 'Sales', 'Sales-072016270275', 11165, 0, 4856, '2016-07-27 10:32:23', 4, '', '', '', NULL),
(480, 380, 99, 'Sales', 'Sales-072016270276', 7775, 0, 58195, '2016-07-27 10:36:28', 4, '', '', '', NULL),
(481, 381, 97, 'Sales', 'Sales-072016270277', 77750, 0, 613150, '2016-07-27 10:38:04', 4, '', '', '', NULL),
(482, 382, 86, 'Sales', 'Sales-072016270278', 42660, 0, 30040, '2016-07-27 11:59:28', 4, '', '', '', NULL),
(483, 383, 82, 'Sales', 'Sales-072016280279', 81500, 0, -48200, '2016-07-28 04:13:48', 4, '', '', '', NULL),
(484, 384, 89, 'Sales', 'Sales-072016280280', 31600, 0, 192580, '2016-07-28 04:17:47', 4, '', '', '', NULL),
(485, 385, 88, 'Sales', 'Sales-072016280281', 7775, 0, 123996, '2016-07-28 04:22:25', 4, '', '', '', 'Update Invoce'),
(486, 386, 87, 'Sales', 'Sales-072016280282', 15550, 0, -1700, '2016-07-28 12:03:39', 4, '', '', '', NULL),
(487, 387, 87, 'Payment', '15.07.16 Boss 1st 112900 jomakorte bole', 0, 3500, -5200, '2016-07-28 12:08:57', 1, '', '', NULL, 'pore sonsodon kore 116400 taka korte hoy '),
(488, 388, 84, 'Sales', 'Sales-072016280283', 23850, 0, 113250, '2016-07-28 12:10:51', 4, '', '', '', NULL),
(489, 389, 95, 'Sales', 'Sales-072016280284', 15900, 0, 199845, '2016-07-28 12:12:33', 4, '', '', '', NULL),
(490, 390, 102, 'Sales', 'Sales-072016280285', 18660, 18660, 36150, '2016-07-28 12:14:40', 1, '', '', '', NULL),
(491, 391, 103, 'Sales', 'Sales-072016290286', 15550, 13000, 106445, '2016-07-29 08:27:17', 1, '', '', '', NULL),
(492, 392, 84, 'Sales', 'Sales-072016300287', 23850, 45000, 92100, '2016-07-30 08:29:58', 1, '', '', '', NULL),
(493, 393, 95, 'Sales', 'Sales-072016300288', 15900, 22000, 193745, '2016-07-30 08:31:21', 1, '', '', '', NULL),
(494, 394, 88, 'Sales', 'Sales-072016300289', 0, 0, 91221, '2016-07-30 08:33:15', 1, '', '', '', 'Update Invoce'),
(495, 395, 89, 'Sales', 'Sales-072016300290', 15550, 0, 208130, '2016-07-30 08:36:56', 4, '', '', '', NULL),
(496, 396, 116, 'Sales', 'Sales-072016300291', 15550, 0, 45650, '2016-07-30 08:38:03', 4, '', '', '', NULL),
(497, 397, 91, 'Sales', 'Sales-072016300292', 34000, 45000, 175950, '2016-07-30 08:39:34', 1, '', '', '', NULL),
(498, 398, 98, 'Sales', 'Sales-072016300293', 70425, 0, 591285, '2016-07-30 08:41:55', 4, '', '', '', NULL),
(499, 399, 97, 'Sales', 'Sales-072016300294', 77750, 70000, 620900, '2016-07-30 08:43:24', 1, '', '', '', NULL),
(500, 400, 88, 'Payment', '25.07.16', 0, 10000, 91221, '2016-07-30 08:54:14', 1, '', '', NULL, 'boss'),
(501, 401, 82, 'Payment', '26.07.16', 0, 150000, -198200, '2016-07-30 11:05:28', 1, '', '', NULL, 'boss'),
(502, 402, 83, 'Sales', 'Sales-072016310295', 62200, 0, 118550, '2016-07-31 07:08:14', 4, '', '', '', NULL),
(503, 403, 99, 'Sales', 'Sales-072016310296', 15550, 0, 73745, '2016-07-31 07:09:24', 4, '', '', '', NULL),
(504, 404, 99, 'Payment', '28.07.16', 0, 10000, 63745, '2016-07-31 07:10:26', 1, '', '', NULL, 'boss'),
(505, 405, 113, 'Sales', 'Sales-072016310297', 77750, 77750, 0, '2016-07-31 07:11:21', 1, '', '', '', NULL),
(506, 406, 102, 'Sales', 'Sales-072016310298', 15550, 15550, 36150, '2016-07-31 07:24:50', 1, '', '', '', NULL),
(507, 407, 93, 'Sales', 'Sales-072016310299', 15550, 0, 38725, '2016-07-31 07:25:59', 4, '', '', '', NULL),
(508, 408, 84, 'Sales', 'Sales-072016310300', 15900, 0, 108000, '2016-07-31 07:27:01', 4, '', '', '', NULL),
(509, 409, 82, 'Sales', 'Sales-082016010301', 40750, 0, -157450, '2016-08-01 10:55:56', 4, '', '', '', NULL),
(510, 410, 82, 'Payment', '30.07.16', 0, 160000, -317450, '2016-08-01 10:58:29', 1, '', '', NULL, 'Boss'),
(511, 411, 118, 'Sales', 'Sales-082016010302', 15550, 0, 15550, '2016-08-01 11:06:00', 4, '', '', '', NULL),
(512, 412, 115, 'Sales', 'Sales-082016010303', 26855, 15000, 23775, '2016-08-01 11:07:59', 1, '', '', '', NULL),
(513, 413, 98, 'Payment', 'Vul sonsodon kora hoy 30000', 0, 30000, 561285, '2016-08-01 11:11:38', 1, '', '', NULL, 'boss'),
(514, 414, 98, 'Payment', '31.07.16', 0, 50000, 511285, '2016-08-01 11:12:04', 1, '', '', NULL, 'boss'),
(515, 415, 98, 'Sales', 'Sales-082016010304', 70425, 0, 581710, '2016-08-01 11:12:27', 4, '', '', '', NULL),
(516, 416, 82, 'Sales', 'Sales-082016010305', 16300, 0, -301150, '2016-08-01 11:15:37', 4, '', '', '', NULL),
(517, 417, 82, 'Sales', 'Sales-082016010306', 32600, 0, -268550, '2016-08-01 11:16:15', 4, '', '', '', NULL),
(518, 418, 87, 'Sales', 'Sales-082016020307', 15550, 0, 10350, '2016-08-02 12:36:44', 4, '', '', '', NULL),
(519, 419, 86, 'Sales', 'Sales-082016020308', 58460, 0, 88500, '2016-08-02 12:38:13', 4, '', '', '', NULL),
(520, 420, 86, 'Payment', '28.07.16', 0, 70000, 18500, '2016-08-02 12:44:49', 1, '', '', NULL, 'boss'),
(521, 421, 82, 'Sales', 'Sales-082016020309', 32600, 0, -235950, '2016-08-02 12:46:09', 4, '', '', '', NULL),
(522, 422, 103, 'Sales', 'Sales-082016020310', 23325, 0, 129770, '2016-08-02 12:47:45', 4, '', '', '', NULL),
(523, 423, 91, 'Sales', 'Sales-082016020311', 25500, 0, 201450, '2016-08-02 12:56:14', 4, '', '', '', NULL),
(524, 424, 91, 'Payment', '31.07.16', 0, 40000, 161450, '2016-08-02 12:58:48', 1, '', '', NULL, 'boss'),
(525, 425, 88, 'Payment', '28.07.16', 0, 15000, 83446, '2016-08-02 13:09:04', 1, '', '', NULL, 'Boss'),
(526, 426, 88, 'Sales', 'Sales-082016020312', 15550, 0, 98996, '2016-08-02 13:10:03', 4, '', '', '', NULL),
(527, 427, 97, 'Payment', '31.07.16', 0, 100000, 520900, '2016-08-03 11:38:33', 1, '', '', NULL, 'boss'),
(528, 428, 97, 'Sales', 'Sales-082016030313', 31100, 0, 552000, '2016-08-03 11:39:34', 4, '', '', '', NULL),
(529, 429, 84, 'Sales', 'Sales-082016030314', 15900, 0, 123900, '2016-08-03 11:40:41', 4, '', '', '', NULL),
(530, 430, 84, 'Payment', '31.07.16', 0, 35000, 88900, '2016-08-03 11:41:52', 1, '', '', NULL, 'boss'),
(531, 431, 95, 'Sales', 'Sales-082016030315', 7950, 18000, 183695, '2016-08-03 11:43:04', 1, '', '', '', NULL),
(532, 432, 95, 'Sales', 'Sales-082016030316', 7950, 0, 218270, '2016-08-03 11:50:32', 1, '', '', '', 'Update Invoce'),
(533, 433, 82, 'Sales', 'Sales-082016030317', 32600, 0, -203350, '2016-08-03 12:03:00', 4, '', '', '', NULL),
(534, 434, 82, 'Sales', 'Sales-082016030318', 65200, 0, -138150, '2016-08-03 12:03:37', 4, '', '', '', NULL),
(535, 435, 95, 'Sales', 'Sales-082016030319', 17750, 0, 210320, '2016-08-03 12:58:22', 4, '', '', '', NULL),
(536, 436, 118, 'Sales', 'Sales-082016040320', 15550, 0, 31100, '2016-08-04 12:53:13', 4, '', '', '', NULL),
(537, 437, 87, 'Sales', 'Sales-082016040321', 15550, 0, 25900, '2016-08-04 12:54:49', 1, '', '', '', NULL),
(538, 438, 98, 'Sales', 'Sales-082016040322', 70425, 0, 652135, '2016-08-04 12:56:20', 4, '', '', '', NULL),
(539, 439, 99, 'Sales', 'Sales-082016040323', 15550, 0, 79295, '2016-08-04 12:57:37', 4, '', '', '', NULL),
(540, 440, 93, 'Sales', 'Sales-082016040324', 15550, 0, 54275, '2016-08-04 12:58:28', 4, '', '', '', NULL),
(541, 441, 93, 'Payment', '31.07.16', 0, 40000, 14275, '2016-08-04 12:59:41', 1, '', '', NULL, 'boss'),
(542, 442, 82, 'Sales', 'Sales-082016040325', 32600, 0, -105550, '2016-08-04 13:01:04', 4, '', '', '', NULL),
(543, 443, 84, 'Payment', 'boss', 0, 45000, 43900, '2016-08-04 13:42:21', 1, '', '', NULL, 'b'),
(544, 444, 91, 'Payment', 'bosss', 0, 50000, 111450, '2016-08-04 13:42:51', 1, '', '', NULL, 'b'),
(545, 445, 95, 'Payment', 'boss', 0, 22000, 187395, '2016-08-04 13:43:39', 1, '', '', NULL, 'b'),
(546, 446, 86, 'Payment', 'boss', 0, 70000, -51500, '2016-08-04 13:45:25', 1, '', '', NULL, 'chak'),
(547, 447, 87, 'Payment', 'boss', 0, 100000, -74100, '2016-08-04 13:46:06', 1, '', '', NULL, 'b'),
(548, 448, 99, 'Payment', 'b', 0, 20000, 59295, '2016-08-04 13:46:30', 1, '', '', NULL, 'b'),
(549, 449, 88, 'Payment', '01.08.16', 0, 15000, 83996, '2016-08-05 13:07:50', 1, '', '', NULL, 'b'),
(550, 450, 88, 'Sales', 'Sales-082016050326', 31100, 30000, 85096, '2016-08-05 13:08:18', 1, '', '', '', NULL),
(551, 451, 82, 'Sales', 'Sales-082016050327', 32600, 0, -72950, '2016-08-05 13:10:05', 4, '', '', '', NULL),
(552, 452, 82, 'Payment', '03.08.16', 0, 135000, -207950, '2016-08-05 13:11:46', 1, '', '', NULL, 'boss'),
(553, 453, 91, 'Sales', 'Sales-082016050328', 25500, 0, 136950, '2016-08-05 13:13:34', 4, '', '', '', NULL),
(554, 454, 82, 'Sales', 'Sales-082016050329', 9780, 9780, -207950, '2016-08-05 13:17:08', 1, '', '', '', NULL),
(555, 455, 95, 'Sales', 'Sales-082016060330', 17750, 0, 205145, '2016-08-06 09:28:52', 4, '', '', '', NULL),
(556, 456, 84, 'Sales', 'Sales-082016060331', 15900, 0, 59800, '2016-08-06 09:30:23', 4, '', '', '', NULL),
(557, 457, 98, 'Sales', 'Sales-082016060332', 70425, 0, 722560, '2016-08-06 09:31:58', 4, '', '', '', NULL);
INSERT INTO `customer_accounts` (`id`, `recipt_code`, `customer_id`, `reperence_status`, `ref_osm_full_id`, `total_amount`, `payment_amount`, `net_blance`, `create_date`, `accounts_id`, `bank_name`, `cheque_number`, `bkash_trans_id`, `remarks`) VALUES
(558, 458, 116, 'Sales', 'Sales-082016060333', 31100, 0, 76750, '2016-08-06 09:34:28', 4, '', '', '', NULL),
(559, 459, 118, 'Sales', 'Sales-082016060334', 15550, 0, 46650, '2016-08-06 09:35:47', 4, '', '', '', NULL),
(560, 460, 98, 'Payment', '4', 0, 50000, 672560, '2016-08-06 09:40:48', 1, '', '', NULL, 'b'),
(561, 461, 82, 'Sales', 'Sales-082016070335', 130400, 0, -77550, '2016-08-07 11:27:56', 4, '', '', '', NULL),
(562, 462, 82, 'Sales', 'Sales-082016070336', 97800, 0, 20250, '2016-08-07 11:28:50', 4, '', '', '', NULL),
(563, 463, 113, 'Sales', 'Sales-082016070337', 77750, 77750, 0, '2016-08-07 11:32:47', 1, '', '', '', NULL),
(564, 464, 102, 'Sales', 'Sales-082016070338', 15550, 15550, 36150, '2016-08-07 11:33:47', 1, '', '', '', NULL),
(565, 465, 119, 'Sales', 'Sales-082016070339', 15550, 0, 15550, '2016-08-07 11:36:08', 4, '', '', '', NULL),
(566, 466, 84, 'Payment', '07.08.16', 0, 30000, 29800, '2016-08-08 06:37:26', 1, '', '', NULL, 'boss'),
(567, 467, 91, 'Payment', '07.08.16', 0, 40000, 96950, '2016-08-08 06:38:28', 1, '', '', NULL, 'b'),
(568, 468, 95, 'Payment', '07.08.16', 0, 15000, 190145, '2016-08-08 06:39:02', 1, '', '', NULL, 'b'),
(569, 469, 97, 'Payment', '07.08.16', 0, 50000, 502000, '2016-08-08 06:39:38', 1, '', '', NULL, 'B'),
(570, 470, 103, 'Payment', '05.08.16', 0, 20000, 109770, '2016-08-08 06:44:05', 1, '', '', NULL, 'b'),
(571, 471, 84, 'Sales', 'Sales-082016080340', 31800, 0, 61600, '2016-08-08 11:52:06', 4, '', '', '', NULL),
(572, 472, 95, 'Sales', 'Sales-082016080341', 15900, 0, 206045, '2016-08-08 11:53:15', 4, '', '', '', NULL),
(573, 473, 91, 'Sales', 'Sales-082016080342', 34000, 0, 130950, '2016-08-08 11:54:27', 4, '', '', '', NULL),
(574, 474, 89, 'Sales', 'Sales-082016080343', 15550, 0, 223680, '2016-08-08 11:55:28', 4, '', '', '', NULL),
(575, 475, 103, 'Sales', 'Sales-082016080344', 27990, 0, 137760, '2016-08-08 11:56:33', 4, '', '', '', NULL),
(576, 476, 103, 'Payment', 'boss', 0, 20000, 117760, '2016-08-08 11:58:01', 1, '', '', NULL, 'b'),
(577, 477, 93, 'Sales', 'Sales-082016100345', 15550, 0, 29825, '2016-08-10 08:02:21', 4, '', '', '', NULL),
(578, 478, 86, 'Sales', 'Sales-082016100346', 58460, 0, 6960, '2016-08-10 08:04:18', 4, '', '', '', NULL),
(579, 479, 83, 'Sales', 'Sales-082016100347', 62200, 0, 180750, '2016-08-10 08:05:30', 4, '', '', '', NULL),
(580, 480, 83, 'Payment', '31.07.16', 0, 50000, 130750, '2016-08-10 08:07:45', 1, '', '', NULL, 'b'),
(581, 481, 83, 'Payment', '09.08.16', 0, 20000, 110750, '2016-08-10 08:08:13', 1, '', '', NULL, 'b'),
(582, 482, 99, 'Sales', 'Sales-082016100348', 15550, 0, 74845, '2016-08-10 08:10:06', 4, '', '', '', NULL),
(583, 483, 87, 'Sales', 'Sales-082016100349', 15550, 0, -58550, '2016-08-10 08:11:11', 4, '', '', '', NULL),
(584, 484, 82, 'Payment', 'Khanu bari 100000', 0, 215000, -194750, '2016-08-10 08:13:34', 1, '', '', NULL, 'Sirajkandi 115000'),
(585, 485, 82, 'Sales', 'Sales-082016100350', 97800, 0, -96950, '2016-08-10 08:14:35', 4, '', '', '', NULL),
(586, 486, 95, 'Sales', 'Sales-082016110351', 15900, 20000, 201945, '2016-08-11 09:25:25', 1, '', '', '', NULL),
(587, 487, 84, 'Sales', 'Sales-082016110352', 31800, 0, 93400, '2016-08-11 09:27:18', 4, '', '', '', NULL),
(588, 488, 91, 'Sales', 'Sales-082016110353', 25500, 0, 156450, '2016-08-11 09:29:28', 4, '', '', '', NULL),
(589, 489, 84, 'Payment', '11.08.16', 0, 50000, 43400, '2016-08-13 12:35:12', 1, '', '', NULL, 'b'),
(590, 490, 83, 'Payment', '11.08.16', 0, 30000, 80750, '2016-08-13 12:36:26', 1, '', '', NULL, 'b'),
(591, 491, 99, 'Payment', '11.08.16', 0, 15000, 59845, '2016-08-13 12:37:20', 1, '', '', NULL, 'b'),
(592, 492, 97, 'Payment', '11.08.16', 0, 50000, 452000, '2016-08-13 12:38:40', 1, '', '', NULL, 'b'),
(593, 493, 82, 'Payment', '11.08.16', 0, 150000, -246950, '2016-08-13 12:39:35', 1, '', '', NULL, 'b'),
(594, 494, 113, 'Sales', 'Sales-082016130354', 77750, 77750, 0, '2016-08-13 12:40:43', 1, '', '', '', NULL),
(595, 495, 118, 'Sales', 'Sales-082016130355', 15550, 0, 62200, '2016-08-13 12:41:29', 4, '', '', '', NULL),
(596, 496, 93, 'Sales', 'Sales-082016130356', 15550, 0, 45375, '2016-08-13 12:42:24', 1, '', '', '', NULL),
(597, 497, 82, 'Sales', 'Sales-082016130357', 97800, 0, -149150, '2016-08-13 12:43:48', 4, '', '', '', NULL),
(598, 498, 97, 'Sales', 'Sales-082016130358', 77750, 0, 529750, '2016-08-13 12:44:44', 4, '', '', '', NULL),
(599, 499, 93, 'Payment', '11.08.16', 0, 43875, 1500, '2016-08-13 12:49:51', 1, '', '', NULL, 'b'),
(600, 500, 103, 'Payment', 'b', 0, 29000, 88760, '2016-08-13 13:04:02', 1, '', '', NULL, 'N'),
(601, 501, 98, 'Sales', 'Sales-082016140359', 70650, 50000, 693210, '2016-08-14 10:21:42', 1, '', '', '', NULL),
(602, 502, 98, 'Payment', '06.08.16', 0, 50000, 643210, '2016-08-14 10:24:26', 1, '', '', NULL, 'b'),
(603, 503, 95, 'Sales', 'Sales-082016140360', 27730, 0, 229675, '2016-08-14 10:26:34', 4, '', '', '', NULL),
(604, 504, 84, 'Sales', 'Sales-082016140361', 31800, 0, 75200, '2016-08-14 10:27:44', 4, '', '', '', NULL),
(605, 505, 88, 'Sales', 'Sales-082016140362', 15550, 0, 100646, '2016-08-14 10:28:53', 4, '', '', '', NULL),
(606, 506, 88, 'Payment', '09.08.16', 0, 20000, 80646, '2016-08-14 10:30:26', 1, '', '', NULL, 'b'),
(607, 507, 99, 'Sales', 'Sales-082016140363', 15550, 0, 75395, '2016-08-14 10:31:50', 4, '', '', '', NULL),
(608, 508, 87, 'Sales', 'Sales-082016140364', 15550, 0, -43000, '2016-08-14 10:33:23', 4, '', '', '', NULL),
(609, 509, 91, 'Payment', 'Babu Kaka', 0, 40000, 116450, '2016-08-14 13:14:22', 1, '', '', NULL, 'bss'),
(610, 510, 82, 'Payment', 'Khanubari', 0, 100000, -249150, '2016-08-14 13:14:54', 1, '', '', NULL, 'Babu kaka'),
(611, 511, 99, 'Payment', 'B', 0, 10000, 65395, '2016-08-14 13:16:21', 1, '', '', NULL, 'b'),
(612, 512, 84, 'Payment', 'b', 0, 30000, 45200, '2016-08-14 13:16:53', 1, '', '', NULL, 'b'),
(613, 513, 102, 'Payment', 'b', 0, 10000, 26150, '2016-08-14 13:17:24', 1, '', '', NULL, 'b'),
(614, 514, 95, 'Payment', 'b', 0, 16000, 213675, '2016-08-14 13:18:18', 1, '', '', NULL, 'b'),
(615, 515, 85, 'Payment', '24.08.16', 0, 80000, -200000, '2016-08-14 13:19:29', 1, '', '', NULL, 'b'),
(616, 516, 85, 'Payment', 'b', 0, 40000, -240000, '2016-08-14 13:20:02', 1, '', '', NULL, 'b'),
(617, 517, 82, 'Sales', 'Sales-082016150365', 114100, 0, -135050, '2016-08-15 11:40:33', 4, '', '', '', NULL),
(618, 518, 86, 'Sales', 'Sales-082016150366', 58460, 0, 65420, '2016-08-15 11:42:03', 4, '', '', '', NULL),
(619, 519, 86, 'Payment', '14.08.16', 0, 40000, 25420, '2016-08-15 11:43:09', 1, '', '', NULL, 'b'),
(620, 520, 91, 'Sales', 'Sales-082016150367', 34000, 0, 150450, '2016-08-15 11:44:24', 4, '', '', '', NULL),
(621, 521, 103, 'Sales', 'Sales-082016160368', 10885, 0, 99645, '2016-08-16 11:06:18', 4, '', '', '', NULL),
(622, 522, 116, 'Sales', 'Sales-082016180369', 15550, 0, 92300, '2016-08-18 09:02:55', 4, '', '', '', NULL),
(623, 523, 93, 'Sales', 'Sales-082016180370', 15550, 0, 17050, '2016-08-18 09:04:44', 4, '', '', '', NULL),
(624, 524, 82, 'Sales', 'Sales-082016180371', 130400, 0, -4650, '2016-08-18 09:06:55', 4, '', '', '', NULL),
(625, 525, 98, 'Sales', 'Sales-082016180372', 70650, 0, 713860, '2016-08-18 09:09:33', 4, '', '', '', NULL),
(626, 526, 95, 'Sales', 'Sales-082016180373', 15900, 0, 229575, '2016-08-18 09:11:53', 4, '', '', '', NULL),
(627, 527, 89, 'Sales', 'Sales-082016180374', 15550, 0, 239230, '2016-08-18 09:12:39', 4, '', '', '', NULL),
(628, 528, 84, 'Sales', 'Sales-082016180375', 15900, 0, 61100, '2016-08-18 09:16:09', 4, '', '', '', NULL),
(629, 529, 99, 'Sales', 'Sales-082016180376', 15550, 0, 80945, '2016-08-18 09:17:07', 4, '', '', '', NULL),
(630, 530, 88, 'Sales', 'Sales-082016180377', 15550, 0, 96196, '2016-08-18 09:18:38', 4, '', '', '', NULL),
(631, 531, 95, 'Payment', 'b', 0, 22000, 207575, '2016-08-18 12:18:39', 1, '', '', NULL, 'b'),
(632, 532, 84, 'Payment', 'b', 0, 50000, 11100, '2016-08-18 12:19:02', 1, '', '', NULL, 'b'),
(633, 533, 91, 'Payment', 'babu kaka', 0, 45000, 105450, '2016-08-18 12:19:47', 1, '', '', NULL, 'babu kaka'),
(634, 534, 116, 'Sales', 'Sales-082016190378', 15550, 0, 107850, '2016-08-19 12:11:53', 4, '', '', '', NULL),
(635, 535, 103, 'Sales', 'Sales-082016190379', 15550, 0, 115195, '2016-08-19 12:12:57', 4, '', '', '', NULL),
(636, 536, 103, 'Payment', 'b', 0, 13000, 102195, '2016-08-19 12:13:54', 1, '', '', NULL, 'b'),
(637, 537, 98, 'Sales', 'Sales-082016190380', 187950, 0, 901810, '2016-08-19 12:15:22', 4, '', '', '', NULL),
(638, 538, 95, 'Sales', 'Sales-082016190381', 16900, 0, 224475, '2016-08-19 12:16:51', 4, '', '', '', NULL),
(639, 539, 84, 'Sales', 'Sales-082016190382', 15900, 0, 27000, '2016-08-19 12:17:49', 4, '', '', '', NULL),
(640, 540, 87, 'Payment', 'Hiseb Complit ', 0, 203545, -246545, '2016-08-19 12:19:03', 1, '', '', NULL, 'Taka Joma Cash'),
(641, 541, 87, 'Sales', 'Sales-082016190383', 15550, 0, -230995, '2016-08-19 12:19:40', 4, '', '', '', NULL),
(642, 542, 91, 'Sales', 'Sales-082016190384', 34000, 0, 139450, '2016-08-19 13:20:36', 4, '', '', '', NULL),
(643, 543, 113, 'Sales', 'Sales-082016200385', 77750, 77750, 0, '2016-08-20 10:38:50', 1, '', '', '', NULL),
(644, 544, 82, 'Payment', 'Sirajkandi', 0, 370000, -374650, '2016-08-21 11:22:48', 1, '', '', NULL, 'Boss'),
(645, 545, 82, 'Payment', 'Khanubari', 0, 150000, -524650, '2016-08-21 11:23:23', 1, '', '', NULL, 'Boss'),
(646, 546, 82, 'Payment', 'Jomuna Oile Mill ', 0, 330000, -854650, '2016-08-21 11:24:29', 1, '', '', NULL, 'Boss'),
(647, 547, 82, 'Sales', 'Sales-082016210386', 130400, 0, -724250, '2016-08-21 11:25:48', 4, '', '', '', NULL),
(648, 548, 120, 'Sales', 'Sales-082016210387', 124400, 0, 124400, '2016-08-21 11:28:07', 4, '', '', '', NULL),
(649, 549, 95, 'Sales', 'Sales-082016210388', 15900, 15000, 225375, '2016-08-21 11:30:14', 1, '', '', '', NULL),
(650, 550, 84, 'Sales', 'Sales-082016210389', 39750, 35000, 31750, '2016-08-21 11:31:40', 1, '', '', '', NULL),
(651, 551, 91, 'Payment', 'Boss', 0, 40000, 99450, '2016-08-21 11:34:52', 1, '', '', NULL, 'Babu'),
(652, 552, 86, 'Payment', 'boss', 0, 30000, -4580, '2016-08-21 11:41:29', 1, '', '', NULL, 'Helal'),
(653, 553, 86, 'Payment', '18.08.16', 0, 30000, -34580, '2016-08-21 11:43:10', 1, '', '', NULL, 'boss'),
(654, 554, 83, 'Payment', 'b', 0, 10000, 70750, '2016-08-21 11:43:55', 1, '', '', NULL, 'b'),
(655, 555, 93, 'Payment', 'b', 0, 31100, -14050, '2016-08-21 11:44:30', 1, '', '', NULL, 'b'),
(656, 556, 103, 'Payment', 'b', 0, 15000, 87195, '2016-08-21 12:05:32', 1, '', '', NULL, 'B'),
(657, 557, 120, 'Sales', 'Sales-082016220390', 124400, 0, 248800, '2016-08-22 04:36:38', 4, '', '', '', NULL),
(658, 558, 120, 'Sales', 'Sales-082016220391', 62200, 200000, 111000, '2016-08-22 08:46:53', 1, '', '', '', NULL),
(659, 559, 86, 'Sales', 'Sales-082016220392', 30020, 0, -4560, '2016-08-22 10:31:18', 4, '', '', '', NULL),
(660, 560, 93, 'Sales', 'Sales-082016220393', 15550, 0, 1500, '2016-08-22 10:33:13', 4, '', '', '', NULL),
(661, 561, 88, 'Payment', 'Boss', 0, 15000, 81196, '2016-08-22 14:49:25', 1, '', '', NULL, 'Babu'),
(662, 562, 97, 'Payment', 'b', 0, 30000, 499750, '2016-08-22 14:49:58', 1, '', '', NULL, 'b'),
(663, 563, 88, 'Sales', 'Sales-082016220394', 15550, 0, 96746, '2016-08-22 14:53:33', 4, '', '', '', NULL),
(664, 564, 82, 'Sales', 'Sales-082016260395', 32600, 0, -691650, '2016-08-26 12:50:50', 4, '', '', '', NULL),
(665, 565, 82, 'Payment', '24.08.16', 0, 84000, -775650, '2016-08-26 12:51:38', 1, '', '', NULL, 'B'),
(666, 566, 99, 'Sales', 'Sales-082016260396', 15550, 0, 96495, '2016-08-26 12:52:30', 4, '', '', '', NULL),
(667, 567, 99, 'Payment', '19/21.08.16', 0, 35000, 61495, '2016-08-26 12:53:59', 1, '', '', NULL, 'b'),
(668, 568, 91, 'Sales', 'Sales-082016260397', 34000, 0, 133450, '2016-08-26 12:56:31', 4, '', '', '', NULL),
(669, 569, 91, 'Payment', '24.08.16', 0, 45000, 88450, '2016-08-26 12:57:20', 1, '', '', NULL, 'B'),
(670, 570, 91, 'Sales', 'Sales-082016260398', 25500, 0, 113950, '2016-08-26 12:58:00', 4, '', '', '', NULL),
(671, 571, 89, 'Sales', 'Sales-082016260399', 15550, 0, 254780, '2016-08-26 12:59:37', 4, '', '', '', NULL),
(672, 572, 103, 'Sales', 'Sales-082016260400', 10885, 0, 98080, '2016-08-26 13:00:36', 4, '', '', '', NULL),
(673, 573, 87, 'Sales', 'Sales-082016260401', 15550, 0, -215445, '2016-08-26 13:01:34', 4, '', '', '', NULL),
(674, 574, 86, 'Sales', 'Sales-082016260402', 28440, 0, 23880, '2016-08-26 13:02:53', 4, '', '', '', NULL),
(675, 575, 82, 'Sales', 'Sales-082016260403', 114100, 0, -661550, '2016-08-26 13:03:52', 4, '', '', '', NULL),
(676, 576, 98, 'Sales', 'Sales-082016260404', 70650, 0, 972460, '2016-08-26 13:05:43', 4, '', '', '', NULL),
(677, 577, 98, 'Payment', 'Vul sonsodon kora', 0, 95150, 877310, '2016-08-26 13:12:57', 1, '', '', NULL, 'b'),
(678, 578, 84, 'Sales', 'Sales-082016260405', 23850, 0, 55600, '2016-08-26 13:14:26', 4, '', '', '', NULL),
(679, 579, 84, 'Payment', '25.08.16', 0, 45000, 10600, '2016-08-26 13:15:46', 1, '', '', NULL, 'b'),
(680, 580, 95, 'Sales', 'Sales-082016260406', 24350, 20000, 229725, '2016-08-26 13:17:42', 1, '', '', '', NULL),
(681, 581, 93, 'Sales', 'Sales-082016260407', 15550, 0, 17050, '2016-08-26 13:19:08', 4, '', '', '', NULL),
(682, 582, 82, 'Sales', 'Sales-082016260408', 48900, 0, -612650, '2016-08-26 13:20:59', 4, '', '', '', NULL),
(683, 583, 113, 'Sales', 'Sales-082016260409', 77750, 0, 77750, '2016-08-26 13:21:56', 4, '', '', '', NULL),
(684, 584, 103, 'Sales', 'Sales-082016270410', 31100, 30000, 99180, '2016-08-27 12:00:25', 1, '', '', '', NULL),
(685, 585, 99, 'Sales', 'Sales-082016270411', 15550, 0, 77045, '2016-08-27 12:02:25', 4, '', '', '', NULL),
(686, 586, 83, 'Sales', 'Sales-082016270412', 77750, 0, 148500, '2016-08-27 12:04:30', 4, '', '', '', NULL),
(687, 587, 98, 'Sales', 'Sales-082016270413', 79150, 0, 1000440, '2016-08-27 12:08:49', 1, '', '', '', 'Update Invoce'),
(688, 588, 98, 'Sales', 'Sales-082016270414', 23325, 0, 971285, '2016-08-27 12:12:59', 4, '', '', '', NULL),
(689, 589, 91, 'Payment', 'Na', 0, 35000, 78950, '2016-08-28 10:24:10', 1, '', '', NULL, 'b'),
(690, 590, 84, 'Sales', 'Sales-082016280415', 31800, 30000, 12400, '2016-08-28 10:26:06', 1, '', '', '', NULL),
(691, 591, 95, 'Sales', 'Sales-082016280416', 15900, 15000, 230625, '2016-08-28 10:44:27', 1, '', '', '', NULL),
(692, 592, 88, 'Sales', 'Sales-082016280417', 7775, 0, 104521, '2016-08-28 10:45:41', 4, '', '', '', NULL),
(693, 593, 82, 'Sales', 'Sales-082016280418', 81500, 0, -531150, '2016-08-28 10:47:41', 4, '', '', '', NULL),
(694, 594, 82, 'Payment', 'Bass', 0, 155000, -686150, '2016-08-28 10:50:57', 1, '', '', NULL, 'B'),
(695, 595, 83, 'Payment', 'b', 0, 50000, 98500, '2016-08-28 11:00:30', 1, '', '', NULL, 'b'),
(696, 596, 97, 'Payment', 'b', 0, 20000, 479750, '2016-08-28 11:03:47', 1, '', '', NULL, 'b'),
(697, 597, 86, 'Sales', 'Sales-082016290419', 58460, 30000, 52340, '2016-08-29 13:16:31', 1, '', '', '', NULL),
(698, 598, 86, 'Payment', '25.08.16', 0, 36000, 16340, '2016-08-29 13:17:42', 1, '', '', NULL, 'B'),
(699, 599, 116, 'Sales', 'Sales-082016290420', 15550, 15000, 108400, '2016-08-29 13:19:08', 1, '', '', '', NULL),
(700, 600, 95, 'Sales', 'Sales-082016290421', 16900, 0, 264425, '2016-08-29 13:20:32', 1, '', '', '', 'Update Invoce'),
(701, 601, 87, 'Sales', 'Sales-082016290422', 15550, 0, -199895, '2016-08-29 13:21:28', 4, '', '', '', NULL),
(702, 602, 121, 'Sales', 'Sales-082016290423', 7775, 7775, 0, '2016-08-29 13:24:40', 4, '', '', '', NULL),
(703, 603, 91, 'Sales', 'Sales-082016290424', 34000, 0, 112950, '2016-08-29 13:31:31', 4, '', '', '', NULL),
(704, 604, 82, 'Sales', 'Sales-082016310425', 130400, 130000, -685750, '2016-08-31 13:24:02', 1, '', '', '', NULL),
(705, 605, 116, 'Sales', 'Sales-082016310426', 15550, 15000, 108950, '2016-08-31 13:24:50', 1, '', '', '', NULL),
(706, 606, 93, 'Sales', 'Sales-082016310427', 15550, 31100, 1500, '2016-08-31 13:26:21', 1, '', '', '', NULL),
(707, 607, 98, 'Payment', 'na', 0, 50000, 921285, '2016-08-31 14:10:09', 1, '', '', NULL, 'b'),
(708, 608, 84, 'Sales', 'Sales-092016010428', 32299, 0, 44699, '2016-09-01 13:15:49', 1, '', '', '', NULL),
(709, 609, 84, 'Payment', 'Ba', 0, 50000, -5301, '2016-09-01 14:20:58', 1, '', '', NULL, 'b'),
(710, 610, 83, 'Payment', 'b', 0, 25000, 73500, '2016-09-01 14:21:15', 1, '', '', NULL, 'b'),
(711, 611, 91, 'Payment', 'b', 0, 50000, 62950, '2016-09-01 14:21:58', 1, '', '', NULL, 'b'),
(712, 612, 86, 'Payment', 'b', 0, 30000, -13660, '2016-09-01 14:23:07', 1, '', '', NULL, 'b'),
(713, 613, 113, 'Sales', 'Sales-092016020429', 79000, 0, 156750, '2016-09-02 09:13:04', 4, '', '', '', NULL),
(714, 614, 113, 'Payment', 'na', 0, 77750, 79000, '2016-09-02 09:14:07', 1, '', '', NULL, 'na'),
(715, 615, 91, 'Sales', 'Sales-092016020430', 25875, 0, 88825, '2016-09-02 09:15:28', 4, '', '', '', NULL),
(716, 616, 99, 'Payment', 'B', 0, 15000, 62045, '2016-09-02 09:29:10', 1, '', '', NULL, 'b'),
(717, 617, 99, 'Sales', 'Sales-092016020431', 15800, 0, 77845, '2016-09-02 09:30:29', 4, '', '', '', NULL),
(718, 618, 87, 'Sales', 'Sales-092016020432', 15800, 0, -184095, '2016-09-02 09:41:23', 1, '', '', '', NULL),
(719, 619, 87, 'Payment', 'Cash', 0, 46650, -230745, '2016-09-02 09:42:42', 1, '', '', NULL, 'Boss'),
(720, 620, 82, 'Sales', 'Sales-092016020433', 115850, 0, -328650, '2016-09-02 09:45:45', 1, '', '', '', 'Update Invoce'),
(721, 621, 113, 'Payment', 'Chas', 0, 79000, 0, '2016-09-02 12:47:41', 1, '', '', NULL, 'B'),
(722, 622, 98, 'Payment', '40000', 0, 0, 929785, '2016-09-04 07:16:32', 1, '', '', NULL, 'B'),
(723, 623, 98, 'Sales', 'Sales-092016040434', 55300, 0, 985085, '2016-09-04 07:17:29', 4, '', '', '', NULL),
(724, 624, 98, 'Sales', 'Sales-092016040435', 55300, 0, 1040380, '2016-09-04 07:18:23', 4, '', '', '', NULL),
(725, 625, 95, 'Sales', 'Sales-092016040436', 16149, 0, 263674, '2016-09-04 07:30:35', 4, '', '', '', NULL),
(726, 626, 95, 'Sales', 'Sales-092016040437', 8575, 0, 272249, '2016-09-04 07:31:51', 4, '', '', '', NULL),
(727, 627, 95, 'Payment', 'B', 0, 20000, 252249, '2016-09-04 07:40:35', 1, '', '', NULL, 'b'),
(728, 628, 84, 'Sales', 'Sales-092016040438', 40375, 0, 35074, '2016-09-04 07:45:09', 4, '', '', '', NULL),
(729, 629, 89, 'Payment', 'Ager sob Joma ', 0, 159700, 95080, '2016-09-04 08:40:28', 1, '', '', NULL, 'b'),
(730, 630, 84, 'Payment', '04.09.16', 0, 30000, 5074, '2016-09-05 10:15:23', 1, '', '', NULL, 'b'),
(731, 631, 95, 'Payment', '04.09.16', 0, 15000, 237249, '2016-09-05 10:16:31', 1, '', '', NULL, 'b'),
(732, 632, 102, 'Payment', '04.09.16', 0, 10000, 16150, '2016-09-05 10:17:02', 1, '', '', NULL, 'b'),
(733, 633, 98, 'Payment', 'b', 0, 40000, 1000380, '2016-09-05 10:19:21', 1, '', '', NULL, 'b'),
(734, 634, 98, 'Payment', '04.09.16', 0, 100000, 900385, '2016-09-05 10:19:53', 1, '', '', NULL, 'b'),
(735, 635, 99, 'Payment', 'b', 0, 10000, 67845, '2016-09-05 10:21:51', 1, '', '', NULL, 'b'),
(736, 636, 93, 'Sales', 'Sales-092016050439', 15800, 0, 17300, '2016-09-05 10:24:30', 4, '', '', '', NULL),
(737, 637, 82, 'Sales', 'Sales-092016050440', 132400, 0, -305100, '2016-09-05 10:30:36', 1, '', '', '', 'Update Invoce'),
(738, 638, 86, 'Sales', 'Sales-092016050441', 59200, 0, 45540, '2016-09-05 10:35:11', 4, '', '', '', NULL),
(739, 639, 120, 'Sales', 'Sales-092016050442', 316000, 0, 427000, '2016-09-05 10:37:39', 4, '', '', '', NULL),
(740, 640, 120, 'Payment', 'b', 0, 111000, 316000, '2016-09-05 10:38:14', 1, '', '', NULL, 'b'),
(741, 641, 89, 'Sales', 'Sales-092016050443', 15550, 15550, 95080, '2016-09-05 10:47:23', 1, '', '', '', NULL),
(742, 642, 89, 'Sales', 'Sales-092016050444', 15800, 15800, 95080, '2016-09-05 10:49:34', 1, '', '', '', NULL),
(743, 643, 88, 'Payment', 'b', 0, 12000, 92521, '2016-09-05 11:11:27', 1, '', '', NULL, 'n'),
(744, 644, 120, 'Payment', 'Babu', 0, 200000, 116000, '2016-09-05 13:13:16', 1, '', '', NULL, 'B'),
(745, 645, 98, 'Sales', 'Sales-092016060445', 318700, 0, 1219080, '2016-09-06 08:40:27', 4, '', '', '', NULL),
(746, 646, 121, 'Sales', 'Sales-092016060446', 9480, 9480, 0, '2016-09-06 12:14:50', 1, '', '', '', NULL),
(747, 647, 95, 'Sales', 'Sales-092016060447', 26639, 0, 263888, '2016-09-06 12:16:46', 4, '', '', '', NULL),
(748, 648, 99, 'Sales', 'Sales-092016070448', 15800, 0, 83645, '2016-09-07 09:44:31', 4, '', '', '', NULL),
(749, 649, 87, 'Sales', 'Sales-092016070449', 15800, 0, -214945, '2016-09-07 09:45:26', 4, '', '', '', NULL),
(750, 650, 93, 'Sales', 'Sales-092016070450', 15800, 0, 33100, '2016-09-07 09:46:26', 4, '', '', '', NULL),
(751, 651, 103, 'Sales', 'Sales-092016070451', 15800, 15800, 99180, '2016-09-07 10:32:28', 1, '', '', '', NULL),
(752, 652, 103, 'Payment', 'b', 0, 4200, 94980, '2016-09-07 10:36:59', 1, '', '', NULL, 'b'),
(753, 653, 82, 'Sales', 'Sales-092016080452', 65200, 0, -437100, '2016-09-08 13:07:28', 1, '', '', '', 'Update Invoce'),
(754, 654, 91, 'Sales', 'Sales-092016080453', 34500, 50000, 73325, '2016-09-08 13:09:25', 1, '', '', '', NULL),
(755, 655, 116, 'Sales', 'Sales-092016080454', 15800, 0, 124750, '2016-09-08 13:10:42', 4, '', '', '', NULL),
(756, 656, 84, 'Payment', 'B', 0, 45000, -39926, '2016-09-08 13:12:46', 1, '', '', NULL, 'B'),
(757, 657, 95, 'Payment', 'B', 0, 18000, 245888, '2016-09-08 13:13:50', 1, '', '', NULL, 'B'),
(758, 658, 82, 'Payment', 'B', 0, 130000, -502300, '2016-09-09 05:51:13', 1, '', '', NULL, 'B'),
(759, 659, 89, 'Sales', 'Sales-092016090455', 39500, 0, 134580, '2016-09-09 07:38:17', 1, '', '', '', NULL),
(760, 660, 95, 'Sales', 'Sales-092016090456', 28154, 0, 274042, '2016-09-09 07:40:06', 4, '', '', '', NULL),
(761, 661, 84, 'Sales', 'Sales-092016090457', 80750, 0, 40824, '2016-09-09 07:41:04', 4, '', '', '', NULL),
(762, 662, 82, 'Sales', 'Sales-092016090458', 163000, 0, -339300, '2016-09-09 07:49:33', 4, '', '', '', NULL),
(763, 663, 86, 'Payment', '08.09.16', 0, 50000, -4460, '2016-09-09 12:58:36', 1, '', '', NULL, 'B'),
(764, 664, 82, 'Payment', '08.09.16', 0, 130000, -469300, '2016-09-09 13:23:25', 1, '', '', NULL, 'B'),
(765, 665, 116, 'Sales', 'Sales-092016100459', 12640, 0, 137390, '2016-09-10 09:10:04', 4, '', '', '', NULL),
(766, 666, 113, 'Sales', 'Sales-092016100460', 47400, 0, 47400, '2016-09-10 09:11:39', 4, '', '', '', NULL),
(767, 667, 103, 'Sales', 'Sales-092016100461', 12640, 0, 107620, '2016-09-10 09:56:19', 4, '', '', '', NULL),
(768, 668, 113, 'Payment', 'b', 0, 47400, 0, '2016-09-10 12:44:46', 1, '', '', NULL, 'b'),
(769, 669, 93, 'Sales', 'Sales-092016110462', 31600, 0, 64700, '2016-09-11 03:51:14', 4, '', '', '', NULL),
(770, 670, 91, 'Sales', 'Sales-092016110463', 51750, 0, 125075, '2016-09-11 03:52:54', 4, '', '', '', NULL),
(771, 671, 87, 'Sales', 'Sales-092016110464', 31600, 0, -183345, '2016-09-11 03:55:02', 4, '', '', '', NULL),
(772, 672, 86, 'Sales', 'Sales-092016110465', 59200, 0, 54740, '2016-09-11 03:55:52', 4, '', '', '', NULL),
(773, 673, 120, 'Sales', 'Sales-092016110466', 63200, 0, 179200, '2016-09-11 03:56:53', 4, '', '', '', NULL),
(774, 674, 99, 'Sales', 'Sales-092016110467', 23700, 0, 107345, '2016-09-11 05:07:52', 4, '', '', '', NULL),
(775, 675, 99, 'Payment', 'b', 0, 10000, 97345, '2016-09-11 05:09:21', 1, '', '', NULL, 'b'),
(776, 676, 82, 'Payment', 'b', 0, 150000, -619300, '2016-09-11 14:10:23', 1, '', '', NULL, 'Khanubari'),
(777, 677, 120, 'Payment', 'Boss', 0, 116000, 63200, '2016-09-11 14:11:44', 1, '', '', NULL, 'Gobindashi'),
(778, 678, 98, 'Payment', 'Babu kaka ', 0, 90000, 1129080, '2016-09-11 14:12:58', 1, '', '', NULL, 'Boss'),
(779, 679, 84, 'Payment', 'Boss', 0, 35000, 5824, '2016-09-11 14:13:27', 1, '', '', NULL, 'Gobindashi'),
(780, 680, 83, 'Payment', 'B', 0, 10000, 63500, '2016-09-11 14:14:10', 1, '', '', NULL, 'b'),
(781, 681, 82, 'Sales', 'Sales-092016110468', 81500, 0, -537800, '2016-09-11 14:28:03', 4, '', '', '', NULL),
(782, 682, 95, 'Sales', 'Sales-092016110469', 24725, 0, 298767, '2016-09-11 14:29:53', 4, '', '', '', NULL),
(783, 683, 84, 'Sales', 'Sales-092016110470', 16149, 0, 21973, '2016-09-11 14:32:47', 4, '', '', '', NULL),
(784, 684, 98, 'Sales', 'Sales-092016190471', 379875, 100000, 1408960, '2016-09-19 11:25:18', 1, '', '', '', NULL),
(785, 685, 103, 'Sales', 'Sales-092016190472', 15800, 0, 123420, '2016-09-19 11:27:26', 4, '', '', '', NULL),
(786, 686, 103, 'Payment', 'boss 12.09.16', 0, 10000, 113420, '2016-09-19 11:28:05', 1, '', '', NULL, 'b'),
(787, 687, 103, 'Payment', 'b 18.09.16', 0, 15000, 98420, '2016-09-19 11:28:36', 1, '', '', NULL, 'b'),
(788, 688, 121, 'Sales', 'Sales-092016190473', 18960, 15000, 3960, '2016-09-19 11:30:19', 1, '', '', '', NULL),
(789, 689, 91, 'Sales', 'Sales-092016190474', 34500, 75000, 84575, '2016-09-19 11:31:57', 1, '', '', '', NULL),
(790, 690, 84, 'Sales', 'Sales-092016190475', 32299, 80000, -25728, '2016-09-19 11:33:25', 1, '', '', '', NULL),
(791, 691, 95, 'Sales', 'Sales-092016190476', 16149, 35000, 279916, '2016-09-19 11:34:32', 1, '', '', '', NULL),
(792, 692, 120, 'Sales', 'Sales-092016190477', 126400, 100000, 89600, '2016-09-19 11:37:54', 1, '', '', '', NULL),
(793, 693, 95, 'Sales', 'Sales-092016190478', 33300, 0, 313216, '2016-09-19 11:46:09', 4, '', '', '', NULL),
(794, 694, 99, 'Payment', '12.09.16', 0, 5000, 92345, '2016-09-19 12:07:31', 1, '', '', NULL, 'b'),
(795, 695, 99, 'Payment', '17.09.16', 0, 15000, 77345, '2016-09-19 12:08:12', 1, '', '', NULL, 'b'),
(796, 696, 99, 'Sales', 'Sales-092016190479', 15800, 0, 93145, '2016-09-19 12:09:03', 4, '', '', '', NULL),
(797, 697, 113, 'Sales', 'Sales-092016190480', 79000, 0, 79000, '2016-09-19 12:10:03', 1, '', '', '', NULL),
(798, 698, 116, 'Sales', 'Sales-092016190481', 15800, 0, 153190, '2016-09-19 12:11:13', 4, '', '', '', NULL),
(799, 699, 93, 'Payment', 'b', 0, 50000, 14700, '2016-09-19 12:17:35', 1, '', '', NULL, 'b'),
(800, 700, 86, 'Payment', 'b', 0, 55000, -260, '2016-09-19 12:18:46', 1, '', '', NULL, 'b'),
(801, 701, 113, 'Payment', 'balal', 0, 79000, 0, '2016-09-19 12:34:52', 1, '', '', NULL, 'b'),
(802, 702, 97, 'Sales', 'Sales-092016210482', 77750, 0, 557500, '2016-09-21 07:41:40', 4, '', '', '', NULL),
(803, 703, 86, 'Sales', 'Sales-092016210483', 48000, 0, 47740, '2016-09-21 07:52:21', 4, '', '', '', NULL),
(804, 704, 87, 'Sales', 'Sales-092016210484', 15800, 0, -167545, '2016-09-21 07:55:37', 4, '', '', '', NULL),
(805, 705, 89, 'Sales', 'Sales-092016210485', 15800, 0, 150380, '2016-09-21 07:57:29', 4, '', '', '', NULL),
(806, 706, 89, 'Payment', 'b', 0, 17000, 133380, '2016-09-21 07:59:18', 1, '', '', NULL, 'b'),
(807, 707, 93, 'Sales', 'Sales-092016210486', 15800, 0, 30500, '2016-09-21 08:00:07', 4, '', '', '', NULL),
(808, 708, 116, 'Sales', 'Sales-092016210487', 15800, 0, 168990, '2016-09-21 08:01:18', 4, '', '', '', NULL),
(809, 709, 91, 'Sales', 'Sales-092016210488', 34500, 0, 119075, '2016-09-21 11:09:35', 4, '', '', '', NULL),
(810, 710, 121, 'Sales', 'Sales-092016220489', 18960, 18960, 3960, '2016-09-22 12:55:31', 1, '', '', '', NULL),
(811, 711, 121, 'Payment', 'ba', 0, 3960, 0, '2016-09-22 12:55:56', 1, '', '', NULL, 'fsd'),
(812, 712, 84, 'Sales', 'Sales-092016220490', 32299, 0, 6571, '2016-09-22 12:57:50', 1, '', '', '', NULL),
(813, 713, 84, 'Payment', 'Ba', 0, 45000, -38429, '2016-09-22 12:58:15', 1, '', '', NULL, 'b'),
(814, 714, 95, 'Sales', 'Sales-092016220491', 16650, 18000, 311866, '2016-09-22 12:59:27', 1, '', '', '', NULL),
(815, 715, 97, 'Payment', 'b', 0, 50000, 507500, '2016-09-22 13:04:44', 1, '', '', NULL, 'b'),
(816, 716, 93, 'Payment', 'Ager 50000 taka joma ', 0, 30000, 500, '2016-09-22 13:14:26', 1, '', '', NULL, 'b'),
(817, 717, 103, 'Sales', 'Sales-092016220492', 15800, 0, 114220, '2016-09-22 13:25:54', 1, '', '', '', NULL),
(818, 718, 103, 'Payment', 'b', 0, 15000, 99220, '2016-09-22 13:26:46', 1, '', '', NULL, 'b'),
(819, 719, 118, 'Payment', '20.08.16', 0, 62200, 0, '2016-09-23 09:16:25', 1, '', '', NULL, 'na'),
(820, 720, 118, 'Sales', 'Sales-092016230493', 158000, 0, 158000, '2016-09-23 09:17:05', 4, '', '', '', NULL),
(821, 721, 98, 'Sales', 'Sales-092016230494', 73125, 0, 1482080, '2016-09-23 09:18:40', 4, '', '', '', NULL),
(822, 722, 97, 'Sales', 'Sales-092016230495', 62200, 0, 569700, '2016-09-23 09:20:05', 4, '', '', '', NULL),
(823, 723, 82, 'Sales', 'Sales-092016230496', 114100, 0, -423700, '2016-09-23 09:21:15', 4, '', '', '', NULL),
(824, 724, 82, 'Payment', '12.09.16', 0, 63000, -486700, '2016-09-23 09:33:26', 1, '', '', NULL, 'b'),
(825, 725, 99, 'Sales', 'Sales-092016260497', 15800, 0, 108945, '2016-09-26 03:51:44', 4, '', '', '', NULL),
(826, 726, 87, 'Sales', 'Sales-092016260498', 15800, 0, -151745, '2016-09-26 04:00:03', 4, '', '', '', NULL),
(827, 727, 87, 'Payment', '22.09.16', 0, 63200, -214945, '2016-09-26 04:01:36', 1, '', '', NULL, 'b'),
(828, 728, 120, 'Sales', 'Sales-092016260499', 63200, 0, 152800, '2016-09-26 04:03:25', 4, '', '', '', NULL),
(829, 729, 116, 'Sales', 'Sales-092016260500', 15800, 15000, 169790, '2016-09-26 04:06:42', 1, '', '', '', NULL),
(830, 730, 91, 'Sales', 'Sales-092016260501', 34500, 0, 153575, '2016-09-26 04:08:37', 4, '', '', '', NULL),
(831, 731, 91, 'Payment', '22.09.16', 0, 40000, 113575, '2016-09-26 04:09:54', 1, '', '', NULL, 'f'),
(832, 732, 89, 'Sales', 'Sales-092016260502', 15800, 0, 149180, '2016-09-26 04:10:48', 4, '', '', '', NULL),
(833, 733, 95, 'Sales', 'Sales-092016260503', 16149, 0, 328015, '2016-09-26 04:12:59', 4, '', '', '', NULL),
(834, 734, 120, 'Sales', 'Sales-092016260504', 63200, 0, 216000, '2016-09-26 04:15:10', 4, '', '', '', NULL),
(835, 735, 84, 'Sales', 'Sales-092016260505', 40375, 0, 1946, '2016-09-26 04:16:39', 4, '', '', '', NULL),
(836, 736, 86, 'Sales', 'Sales-092016260506', 16000, 0, 63740, '2016-09-26 04:18:21', 4, '', '', '', NULL),
(837, 737, 86, 'Payment', '22.09.16', 0, 10000, 53740, '2016-09-26 04:19:17', 1, '', '', NULL, 'b'),
(838, 738, 82, 'Sales', 'Sales-092016260507', 81500, 0, -405200, '2016-09-26 04:25:14', 4, '', '', '', NULL),
(839, 739, 82, 'Sales', 'Sales-092016260508', 81500, 0, -323700, '2016-09-26 04:27:25', 4, '', '', '', NULL),
(840, 740, 82, 'Payment', '22.09.16', 0, 120000, -443700, '2016-09-26 04:28:44', 1, '', '', NULL, 'na'),
(841, 741, 82, 'Payment', '18-9-16', 0, 73000, -516700, '2016-09-26 05:15:43', 1, '', '', NULL, 'b'),
(842, 742, 86, 'Sales', 'Sales-092016260509', 40000, 30000, 63740, '2016-09-26 10:35:23', 1, '', '', '', NULL),
(843, 743, 97, 'Sales', 'Sales-092016260510', 62200, 50000, 581900, '2016-09-26 10:38:46', 1, '', '', '', NULL),
(844, 744, 93, 'Sales', 'Sales-092016270511', 15800, 0, 16300, '2016-09-27 10:12:54', 4, '', '', '', NULL),
(845, 745, 103, 'Sales', 'Sales-092016280512', 15800, 15000, 100020, '2016-09-28 11:19:28', 1, '', '', '', NULL),
(846, 746, 121, 'Sales', 'Sales-092016280513', 20540, 17050, 3490, '2016-09-28 11:21:00', 1, '', '', '', NULL),
(847, 747, 116, 'Sales', 'Sales-092016280514', 15800, 15000, 170590, '2016-09-28 11:21:53', 1, '', '', '', NULL),
(848, 748, 99, 'Sales', 'Sales-092016290515', 15800, 0, 124745, '2016-09-29 09:26:30', 4, '', '', '', NULL),
(849, 749, 99, 'Payment', '22.09.16', 0, 12000, 112745, '2016-09-29 09:28:50', 1, '', '', NULL, 'b'),
(850, 750, 99, 'Payment', '26.09.16', 0, 10000, 102745, '2016-09-29 09:29:28', 1, '', '', NULL, 'b'),
(851, 751, 91, 'Sales', 'Sales-092016290516', 34500, 0, 148075, '2016-09-29 09:32:13', 4, '', '', '', NULL),
(852, 752, 91, 'Payment', '25.09.16', 0, 30000, 118075, '2016-09-29 09:33:49', 1, '', '', NULL, 'b'),
(853, 753, 87, 'Sales', 'Sales-092016290517', 15800, 0, -199145, '2016-09-29 09:35:54', 4, '', '', '', NULL),
(854, 754, 82, 'Sales', 'Sales-092016290518', 81500, 0, -435200, '2016-09-29 09:37:50', 4, '', '', '', NULL),
(855, 755, 84, 'Sales', 'Sales-092016290519', 32299, 0, 34245, '2016-09-29 09:39:58', 4, '', '', '', NULL),
(856, 756, 95, 'Sales', 'Sales-092016290520', 16650, 0, 344665, '2016-09-29 09:42:19', 4, '', '', '', NULL),
(857, 757, 95, 'Payment', '25.09.16', 0, 15000, 329665, '2016-09-29 09:43:15', 1, '', '', NULL, 'b'),
(858, 758, 84, 'Payment', '25.09.16', 0, 30000, 4245, '2016-09-29 09:43:57', 1, '', '', NULL, 'b'),
(859, 759, 89, 'Sales', 'Sales-092016290521', 15800, 0, 164980, '2016-09-29 09:45:03', 4, '', '', '', NULL),
(860, 760, 89, 'Payment', '25.09.16', 0, 16000, 148980, '2016-09-29 09:46:10', 1, '', '', NULL, 'b'),
(861, 761, 84, 'Payment', 'b', 0, 45000, -40755, '2016-09-29 11:55:53', 1, '', '', NULL, 'b'),
(862, 762, 95, 'Payment', 'b', 0, 15000, 314665, '2016-09-29 11:56:30', 1, '', '', NULL, 'b'),
(863, 763, 91, 'Payment', 'b', 0, 40000, 78075, '2016-09-29 11:57:46', 1, '', '', NULL, 'b'),
(864, 764, 100, 'Payment', 'b', 0, 20000, 10100, '2016-09-29 12:00:12', 1, '', '', NULL, 'b'),
(865, 765, 86, 'Payment', 'b', 0, 27000, 36740, '2016-09-29 12:00:59', 1, '', '', NULL, 'b'),
(866, 766, 97, 'Sales', 'Sales-092016290522', 77750, 100000, 559650, '2016-09-29 12:18:15', 1, '', '', '', NULL),
(867, 767, 99, 'Payment', 'Boss', 0, 8000, 94745, '2016-09-29 12:36:46', 1, '', '', NULL, 'B'),
(868, 768, 98, 'Sales', 'Sales-092016300523', 71775, 0, 1553860, '2016-09-30 08:23:57', 4, '', '', '', NULL),
(869, 769, 98, 'Payment', '24.09.1+6', 0, 80000, 1473860, '2016-09-30 08:25:09', 1, '', '', NULL, 'b'),
(870, 770, 118, 'Sales', 'Sales-092016300524', 158000, 0, 316000, '2016-09-30 11:35:26', 4, '', '', '', NULL),
(871, 771, 89, 'Payment', 'B', 0, 16000, 132980, '2016-09-30 11:37:14', 1, '', '', NULL, 'Rasel'),
(872, 772, 87, 'Payment', 'b', 0, 31600, -230745, '2016-09-30 11:46:04', 1, '', '', NULL, 'B'),
(873, 773, 82, 'Payment', '27.09.16', 0, 115000, -550200, '2016-09-30 11:53:36', 1, '', '', NULL, 'b'),
(874, 774, 82, 'Payment', '30.09.16', 0, 100000, -650200, '2016-10-02 10:57:22', 1, '', '', NULL, 'b'),
(875, 775, 82, 'Sales', 'Sales-102016020525', 114100, 0, -536100, '2016-10-02 10:58:32', 4, '', '', '', NULL),
(876, 776, 95, 'Sales', 'Sales-102016020526', 24725, 0, 339390, '2016-10-02 12:36:08', 4, '', '', '', NULL),
(877, 777, 95, 'Payment', 'b', 0, 15000, 324390, '2016-10-02 12:37:21', 1, '', '', NULL, 'b'),
(878, 778, 91, 'Sales', 'Sales-102016020527', 34500, 30000, 82575, '2016-10-02 12:38:58', 1, '', '', '', NULL),
(879, 779, 84, 'Sales', 'Sales-102016020528', 32299, 30000, -38456, '2016-10-02 12:40:41', 1, '', '', '', NULL),
(880, 780, 116, 'Sales', 'Sales-102016020529', 15800, 15000, 171390, '2016-10-02 12:41:46', 1, '', '', '', NULL),
(881, 781, 103, 'Payment', 'b', 0, 15000, 85020, '2016-10-02 12:43:37', 1, '', '', NULL, 'm'),
(882, 782, 83, 'Payment', 'b', 0, 50000, 13500, '2016-10-02 12:45:10', 1, '', '', NULL, 'rf'),
(883, 783, 98, 'Sales', 'Sales-102016020530', 71775, 70000, 1475640, '2016-10-02 12:48:34', 1, '', '', '', NULL),
(884, 784, 103, 'Sales', 'Sales-102016030531', 15800, 0, 100820, '2016-10-03 08:08:51', 4, '', '', '', NULL),
(885, 785, 86, 'Sales', 'Sales-102016030532', 56000, 0, 92740, '2016-10-03 08:09:52', 4, '', '', '', NULL),
(886, 786, 83, 'Sales', 'Sales-102016030533', 79000, 0, 92500, '2016-10-03 08:10:59', 4, '', '', '', NULL),
(887, 787, 97, 'Sales', 'Sales-102016030534', 31100, 0, 590750, '2016-10-03 08:12:12', 4, '', '', '', NULL),
(888, 788, 87, 'Sales', 'Sales-102016030535', 15800, 0, -214945, '2016-10-03 08:13:16', 4, '', '', '', NULL),
(889, 789, 93, 'Payment', '30.09.16', 0, 61450, -45150, '2016-10-03 08:16:05', 1, '', '', NULL, 'b'),
(890, 790, 93, 'Sales', 'Sales-102016030536', 2055, 0, -43095, '2016-10-03 08:17:55', 4, '', '', '', NULL),
(891, 791, 93, 'Sales', 'Sales-102016030537', 8850, 0, -34245, '2016-10-03 08:18:55', 4, '', '', '', NULL),
(892, 792, 93, 'Sales', 'Sales-102016030538', 15800, 0, -18445, '2016-10-03 08:19:33', 4, '', '', '', NULL),
(893, 793, 89, 'Sales', 'Sales-102016030539', 14525, 0, 147505, '2016-10-03 08:21:36', 4, '', '', '', NULL),
(894, 794, 89, 'Sales', 'Sales-102016030540', 8850, 0, 156355, '2016-10-03 08:22:57', 4, '', '', '', NULL),
(895, 795, 98, 'Sales', 'Sales-102016030541', 316000, 0, 1791640, '2016-10-03 11:31:08', 4, '', '', '', NULL),
(896, 796, 89, 'Sales', 'Sales-102016040542', 15800, 0, 172155, '2016-10-04 11:25:12', 4, '', '', '', NULL),
(897, 797, 97, 'Sales', 'Sales-102016040543', 77750, 0, 668500, '2016-10-04 11:27:54', 4, '', '', '', NULL),
(898, 798, 121, 'Sales', 'Sales-102016040544', 18960, 18960, 3490, '2016-10-04 11:28:55', 1, '', '', '', NULL),
(899, 799, 121, 'Payment', 'boss', 0, 3490, 0, '2016-10-04 11:29:31', 1, '', '', NULL, 'cash'),
(900, 800, 99, 'Sales', 'Sales-102016050545', 15800, 0, 110545, '2016-10-05 12:12:43', 4, '', '', '', NULL),
(901, 801, 82, 'Sales', 'Sales-102016050546', 81500, 0, -454600, '2016-10-05 12:13:46', 4, '', '', '', NULL),
(902, 802, 95, 'Sales', 'Sales-102016050547', 8575, 0, 332965, '2016-10-05 12:15:39', 4, '', '', '', NULL),
(903, 803, 93, 'Sales', 'Sales-102016060548', 15800, 0, -2645, '2016-10-06 12:07:58', 4, '', '', '', NULL),
(904, 804, 91, 'Sales', 'Sales-102016060549', 34500, 40000, 77075, '2016-10-06 12:10:34', 1, '', '', '', NULL),
(905, 805, 84, 'Sales', 'Sales-102016060550', 32299, 45000, -51157, '2016-10-06 12:11:56', 1, '', '', '', NULL),
(906, 806, 95, 'Payment', 'Boss', 0, 20000, 312965, '2016-10-06 13:10:40', 1, '', '', NULL, 'b'),
(907, 807, 99, 'Payment', 'b', 0, 10000, 100545, '2016-10-06 13:11:59', 1, '', '', NULL, 'b'),
(908, 808, 97, 'Payment', 'b', 0, 50000, 618500, '2016-10-06 13:12:36', 1, '', '', NULL, 'b'),
(909, 809, 95, 'Sales', 'Sales-102016080551', 16149, 0, 329114, '2016-10-08 04:29:40', 1, '', '', '', NULL),
(910, 810, 87, 'Sales', 'Sales-102016080552', 15800, 0, -199145, '2016-10-08 04:31:43', 4, '', '', '', NULL),
(911, 811, 103, 'Sales', 'Sales-102016080553', 15800, 15000, 101620, '2016-10-08 04:33:40', 1, '', '', '', NULL),
(912, 812, 122, 'Sales', 'Sales-102016080554', 15800, 0, 15800, '2016-10-08 04:43:29', 4, '', '', '', NULL),
(913, 813, 122, 'Sales', 'Sales-102016080555', 15800, 0, 31600, '2016-10-08 04:43:56', 4, '', '', '', NULL),
(914, 814, 97, 'Sales', 'Sales-102016080556', 62200, 0, 680700, '2016-10-08 04:51:38', 4, '', '', '', NULL),
(915, 815, 95, 'Sales', 'Sales-102016080557', 33300, 0, 362414, '2016-10-08 08:06:12', 4, '', '', '', NULL),
(916, 816, 84, 'Sales', 'Sales-102016080558', 32299, 0, -18858, '2016-10-08 08:07:03', 4, '', '', '', NULL),
(917, 817, 89, 'Sales', 'Sales-102016080559', 24650, 16000, 180805, '2016-10-08 08:09:06', 1, '', '', '', NULL),
(918, 818, 93, 'Sales', 'Sales-102016080560', 8850, 0, 6205, '2016-10-08 08:12:25', 4, '', '', '', NULL),
(919, 819, 82, 'Sales', 'Sales-102016080561', 114100, 134000, -474500, '2016-10-08 11:43:57', 1, '', '', '', NULL),
(920, 820, 97, 'Payment', 'Boss', 0, 50000, 630700, '2016-10-08 12:04:42', 1, '', '', NULL, 'babu'),
(921, 821, 116, 'Sales', 'Sales-102016090562', 15800, 0, 187190, '2016-10-09 08:46:46', 4, '', '', '', NULL),
(922, 822, 91, 'Sales', 'Sales-102016090563', 34500, 0, 111575, '2016-10-09 08:48:55', 4, '', '', '', NULL),
(923, 823, 99, 'Sales', 'Sales-102016090564', 15800, 0, 116345, '2016-10-09 08:50:54', 4, '', '', '', NULL),
(924, 824, 99, 'Payment', 'boss', 0, 10000, 106345, '2016-10-09 08:51:46', 1, '', '', NULL, '06.10.16'),
(925, 825, 98, 'Payment', 'b', 0, 100000, 1691640, '2016-10-10 10:48:37', 1, '', '', NULL, 'b'),
(926, 826, 87, 'Payment', '30000', 0, 0, -199145, '2016-10-10 10:49:55', 1, '', '', NULL, 'b'),
(927, 827, 103, 'Payment', 'b', 0, 15000, 86620, '2016-10-10 10:50:53', 1, '', '', NULL, 'b'),
(928, 828, 95, 'Payment', 'b', 0, 15000, 347414, '2016-10-10 10:51:18', 1, '', '', NULL, 'b'),
(929, 829, 97, 'Payment', 'b', 0, 50000, 580700, '2016-10-10 10:52:08', 1, '', '', NULL, 'b'),
(930, 830, 84, 'Payment', 'b', 0, 25000, -43858, '2016-10-10 10:52:38', 1, '', '', NULL, 'b'),
(931, 831, 91, 'Payment', 'b', 0, 10000, 101575, '2016-10-10 10:53:26', 1, '', '', NULL, 'b'),
(932, 832, 99, 'Payment', 'b', 0, 8000, 98345, '2016-10-10 10:54:00', 1, '', '', NULL, 'hn'),
(933, 833, 86, 'Sales', 'Sales-102016100565', 56000, 25000, 123740, '2016-10-10 11:00:13', 1, '', '', '', NULL),
(934, 834, 86, 'Payment', '03.10.16', 0, 25000, 98740, '2016-10-10 11:02:10', 1, '', '', NULL, 'b'),
(935, 835, 86, 'Payment', '06.10.16', 0, 30000, 68740, '2016-10-10 11:02:34', 1, '', '', NULL, 'b'),
(936, 836, 118, 'Payment', '09.10.16', 0, 100000, 216000, '2016-10-10 12:11:33', 1, '', '', NULL, 'b'),
(937, 837, 97, 'Sales', 'Sales-102016110566', 77750, 0, 658450, '2016-10-11 12:11:48', 1, '', '', '', NULL),
(938, 838, 88, 'Sales', 'Sales-102016110567', 23700, 0, 116221, '2016-10-11 12:13:21', 1, '', '', '', NULL),
(939, 839, 93, 'Sales', 'Sales-102016110568', 15800, 0, 22005, '2016-10-11 12:14:33', 4, '', '', '', NULL),
(940, 840, 82, 'Sales', 'Sales-102016110569', 81500, 0, -393000, '2016-10-11 12:16:56', 4, '', '', '', NULL),
(941, 841, 87, 'Sales', 'Sales-102016110570', 15800, 0, -183345, '2016-10-11 12:17:53', 4, '', '', '', NULL),
(942, 842, 121, 'Sales', 'Sales-102016110571', 18960, 18750, 210, '2016-10-11 12:19:02', 1, '', '', '', NULL),
(943, 843, 89, 'Sales', 'Sales-102016110572', 15800, 14000, 182605, '2016-10-11 12:23:08', 1, '', '', '', NULL),
(944, 844, 95, 'Sales', 'Sales-102016130573', 16149, 0, 363563, '2016-10-13 07:01:50', 4, '', '', '', NULL),
(945, 845, 95, 'Sales', 'Sales-102016130574', 8575, 0, 372138, '2016-10-13 07:03:51', 4, '', '', '', NULL),
(946, 846, 122, 'Sales', 'Sales-102016130575', 15800, 0, 47400, '2016-10-13 07:05:28', 4, '', '', '', NULL),
(947, 847, 103, 'Sales', 'Sales-102016130576', 15800, 15000, 87420, '2016-10-13 07:06:42', 1, '', '', '', NULL),
(948, 848, 118, 'Sales', 'Sales-102016130577', 158000, 0, 374000, '2016-10-13 07:07:51', 4, '', '', '', NULL),
(949, 849, 91, 'Sales', 'Sales-102016130578', 34500, 0, 136075, '2016-10-13 07:09:26', 4, '', '', '', NULL),
(950, 850, 84, 'Sales', 'Sales-102016130579', 40375, 0, -3483, '2016-10-13 07:13:22', 4, '', '', '', NULL),
(951, 851, 122, 'Sales', 'Sales-102016130580', 31600, 0, 79000, '2016-10-13 11:40:07', 4, '', '', '', NULL),
(952, 852, 84, 'Payment', 'Bos ', 0, 45000, -48483, '2016-10-13 12:45:29', 1, '', '', NULL, 'b'),
(953, 853, 95, 'Payment', 'Bos s', 0, 19000, 353138, '2016-10-13 12:45:55', 1, '', '', NULL, 'B'),
(954, 854, 91, 'Payment', 'booss', 0, 45000, 91075, '2016-10-13 12:46:39', 1, '', '', NULL, 'b'),
(955, 855, 86, 'Payment', 'bosss', 0, 30000, 38740, '2016-10-13 12:47:12', 1, '', '', NULL, 'b'),
(956, 856, 116, 'Sales', 'Sales-102016140581', 15800, 0, 202990, '2016-10-14 11:54:04', 4, '', '', '', NULL),
(957, 857, 97, 'Sales', 'Sales-102016140582', 77750, 50000, 686200, '2016-10-14 11:55:24', 1, '', '', '', NULL),
(958, 858, 99, 'Sales', 'Sales-102016140583', 15800, 12000, 102145, '2016-10-14 11:56:56', 1, '', '', '', NULL),
(959, 859, 113, 'Sales', 'Sales-102016140584', 79000, 0, 79000, '2016-10-14 11:58:29', 4, '', '', '', NULL),
(960, 860, 118, 'Payment', 'b', 0, 100000, 274000, '2016-10-14 13:20:06', 1, '', '', NULL, 'b'),
(961, 861, 87, 'Sales', 'Sales-102016150585', 15800, 0, -167545, '2016-10-15 10:53:06', 4, '', '', '', NULL),
(962, 862, 87, 'Payment', 'boss', 0, 30000, -197545, '2016-10-15 10:53:49', 1, '', '', NULL, 'b'),
(963, 863, 95, 'Sales', 'Sales-102016150586', 16149, 0, 369287, '2016-10-15 10:54:53', 4, '', '', '', NULL),
(964, 864, 82, 'Sales', 'Sales-102016150587', 81500, 0, -311500, '2016-10-15 11:41:45', 4, '', '', '', NULL),
(965, 865, 82, 'Payment', '13.10.16', 0, 97000, -408500, '2016-10-15 11:59:37', 1, '', '', NULL, 'Boss'),
(966, 866, 97, 'Payment', 'Babu', 0, 50000, 636200, '2016-10-15 12:05:57', 1, '', '', NULL, 'b'),
(967, 867, 89, 'Sales', 'Sales-102016150588', 8850, 0, 191455, '2016-10-15 12:20:17', 4, '', '', '', NULL),
(968, 868, 93, 'Sales', 'Sales-102016160589', 29960, 0, 51965, '2016-10-16 11:47:29', 4, '', '', '', NULL),
(969, 869, 89, 'Sales', 'Sales-102016160590', 15800, 14800, 192455, '2016-10-16 11:50:32', 1, '', '', '', NULL),
(970, 870, 95, 'Sales', 'Sales-102016160591', 8575, 15000, 362862, '2016-10-16 11:53:16', 1, '', '', '', NULL),
(971, 871, 84, 'Sales', 'Sales-102016160592', 40375, 40000, -48108, '2016-10-16 11:55:32', 1, '', '', '', NULL),
(972, 872, 82, 'Payment', '14.10.16', 0, 120000, -528500, '2016-10-16 11:57:08', 1, '', '', NULL, 'boss'),
(973, 873, 82, 'Sales', 'Sales-102016160593', 114100, 0, -414400, '2016-10-16 11:58:05', 4, '', '', '', NULL),
(974, 874, 103, 'Payment', 'boss', 0, 15000, 72420, '2016-10-17 09:07:55', 1, '', '', NULL, 'b'),
(975, 875, 116, 'Payment', 'boss', 0, 25000, 177990, '2016-10-17 09:08:32', 1, '', '', NULL, 'B'),
(976, 876, 99, 'Payment', 'boss', 0, 10000, 92145, '2016-10-17 09:09:21', 1, '', '', NULL, 'b'),
(977, 877, 83, 'Payment', 'Boss', 0, 10000, 82500, '2016-10-17 09:11:37', 1, '', '', NULL, 'b '),
(978, 878, 83, 'Payment', 'boss', 0, 20000, 62500, '2016-10-17 09:12:14', 1, '', '', NULL, 'b'),
(979, 879, 89, 'Payment', 'boss', 0, 14800, 177655, '2016-10-17 09:13:32', 1, '', '', NULL, 'b'),
(980, 880, 87, 'Payment', 'b', 0, 33200, -230745, '2016-10-17 09:14:22', 1, '', '', NULL, 'b'),
(981, 881, 98, 'Sales', 'Sales-102016170594', 189600, 0, 1881240, '2016-10-17 10:23:15', 4, '', '', '', NULL),
(982, 882, 97, 'Sales', 'Sales-102016170595', 77750, 0, 713950, '2016-10-17 10:26:06', 4, '', '', '', NULL),
(983, 883, 86, 'Sales', 'Sales-102016170596', 56000, 28000, 66740, '2016-10-17 10:27:16', 1, '', '', '', NULL),
(984, 884, 91, 'Sales', 'Sales-102016170597', 34500, 0, 125575, '2016-10-17 10:28:38', 4, '', '', '', NULL),
(985, 885, 91, 'Payment', 'b', 0, 35000, 90575, '2016-10-17 10:29:54', 1, '', '', NULL, 'b'),
(986, 886, 83, 'Sales', 'Sales-102016170598', 79000, 0, 141500, '2016-10-17 10:31:21', 4, '', '', '', NULL),
(987, 887, 122, 'Sales', 'Sales-102016170599', 31600, 0, 110600, '2016-10-17 10:35:35', 4, '', '', '', NULL),
(988, 888, 103, 'Sales', 'Sales-102016170600', 7900, 0, 80320, '2016-10-17 10:36:42', 4, '', '', '', NULL),
(989, 889, 121, 'Sales', 'Sales-102016170601', 18960, 18960, 210, '2016-10-17 10:37:43', 1, '', '', '', NULL),
(990, 890, 116, 'Sales', 'Sales-102016190602', 23700, 0, 201690, '2016-10-19 10:56:27', 4, '', '', '', NULL),
(991, 891, 84, 'Sales', 'Sales-102016190603', 32299, 0, -15809, '2016-10-19 10:57:22', 4, '', '', '', NULL),
(992, 892, 95, 'Sales', 'Sales-102016190604', 24725, 0, 387587, '2016-10-19 10:58:43', 4, '', '', '', NULL),
(993, 893, 99, 'Sales', 'Sales-102016190605', 15800, 0, 107945, '2016-10-19 10:59:48', 4, '', '', '', NULL),
(994, 894, 118, 'Sales', 'Sales-102016190606', 158000, 0, 432000, '2016-10-19 11:00:42', 4, '', '', '', NULL),
(995, 895, 98, 'Payment', '03.10.16', 0, 35000, 1846240, '2016-10-20 11:45:04', 1, '', '', NULL, 'b'),
(996, 896, 98, 'Payment', '18.10.16', 0, 80000, 1766240, '2016-10-20 11:45:57', 1, '', '', NULL, 'boss'),
(997, 897, 87, 'Sales', 'Sales-102016200607', 15800, 0, -214945, '2016-10-20 12:02:34', 4, '', '', '', NULL),
(998, 898, 93, 'Sales', 'Sales-102016200608', 15800, 0, 67765, '2016-10-20 12:03:44', 4, '', '', '', NULL),
(999, 899, 89, 'Sales', 'Sales-102016200609', 24650, 0, 202305, '2016-10-20 12:07:04', 4, '', '', '', NULL),
(1000, 900, 113, 'Sales', 'Sales-102016200610', 79000, 79000, 79000, '2016-10-20 12:08:05', 1, '', '', '', NULL),
(1001, 901, 113, 'Payment', 'Boss', 0, 79000, 0, '2016-10-20 12:09:11', 1, '', '', NULL, 'b'),
(1002, 902, 103, 'Sales', 'Sales-102016200611', 31600, 20000, 91920, '2016-10-20 12:10:28', 1, '', '', '', NULL),
(1003, 903, 88, 'Sales', 'Sales-102016200612', 15800, 15000, 117021, '2016-10-20 12:11:58', 1, '', '', '', NULL),
(1004, 904, 97, 'Sales', 'Sales-102016200613', 77750, 50000, 741700, '2016-10-20 12:42:44', 1, '', '', '', NULL),
(1005, 905, 84, 'Payment', '20.10.16', 0, 40000, -55809, '2016-10-23 07:32:35', 1, '', '', NULL, 'boss'),
(1006, 906, 91, 'Payment', '20.10.16', 0, 40000, 50575, '2016-10-23 07:34:23', 1, '', '', NULL, 'boss'),
(1007, 907, 95, 'Payment', '20.10.16', 0, 18000, 369587, '2016-10-23 07:35:09', 1, '', '', NULL, 'boss'),
(1008, 908, 86, 'Payment', '20.10.16', 0, 25000, 41740, '2016-10-23 07:37:34', 1, '', '', NULL, 'boss'),
(1009, 909, 99, 'Payment', '20.10.16', 0, 10000, 97945, '2016-10-23 07:38:15', 1, '', '', NULL, 'boss'),
(1010, 910, 122, 'Sales', 'Sales-102016230614', 31600, 0, 142200, '2016-10-23 07:40:10', 1, '', '', '', NULL),
(1011, 911, 91, 'Sales', 'Sales-102016230615', 34500, 0, 85075, '2016-10-23 07:41:10', 4, '', '', '', NULL),
(1012, 912, 82, 'Sales', 'Sales-102016230616', 81500, 0, -332900, '2016-10-23 07:49:42', 4, '', '', '', NULL),
(1013, 913, 95, 'Sales', 'Sales-102016230617', 33300, 0, 402887, '2016-10-23 07:51:37', 4, '', '', '', NULL),
(1014, 914, 93, 'Sales', 'Sales-102016230618', 8850, 0, 76615, '2016-10-23 07:52:59', 4, '', '', '', NULL),
(1015, 915, 85, 'Payment', 'Bosss', 0, 178950, -418950, '2016-10-23 07:56:19', 1, '', '', NULL, 'Babu'),
(1016, 916, 85, 'Sales', 'Sales-102016230619', 79000, 0, -339950, '2016-10-23 07:57:31', 4, '', '', '', NULL);

-- --------------------------------------------------------

--
-- Table structure for table `product`
--

CREATE TABLE IF NOT EXISTS `product` (
  `product_id` int(11) NOT NULL AUTO_INCREMENT,
  `pd_code` varchar(30) CHARACTER SET latin1 NOT NULL,
  `pd_name` varchar(80) CHARACTER SET latin1 NOT NULL,
  `catagory_id` int(11) NOT NULL DEFAULT '0',
  `sub_catagory_id` int(11) NOT NULL DEFAULT '0',
  `pd_type` varchar(80) CHARACTER SET latin1 NOT NULL DEFAULT 'Finish Good Product',
  `status` varchar(30) CHARACTER SET latin1 NOT NULL DEFAULT 'Active',
  `reg_date` timestamp NOT NULL DEFAULT CURRENT_TIMESTAMP,
  PRIMARY KEY (`product_id`),
  KEY `catagory_id` (`catagory_id`)
) ENGINE=InnoDB  DEFAULT CHARSET=utf8 AUTO_INCREMENT=87 ;

--
-- Dumping data for table `product`
--

INSERT INTO `product` (`product_id`, `pd_code`, `pd_name`, `catagory_id`, `sub_catagory_id`, `pd_type`, `status`, `reg_date`) VALUES
(53, 'PD-01', 'Layer Starter Crumbles', 39, 3, 'Finish Good Product', 'Active', '2016-05-27 06:16:53'),
(54, 'PD-02', 'Layer Starter Mas', 39, 4, 'Finish Good Product', 'Active', '2016-05-27 06:17:57'),
(55, 'PD-03', 'Layer Grower', 39, 5, 'Finish Good Product', 'Active', '2016-05-27 06:19:14'),
(56, 'PD-04', 'Layer Layer 1', 39, 6, 'Finish Good Product', 'Active', '2016-05-27 06:20:04'),
(57, 'PD-05', 'Layer Layer 2', 39, 7, 'Finish Good Product', 'Active', '2016-05-27 06:20:33'),
(58, 'PD-06', 'Layer Finesher', 39, 8, 'Finish Good Product', 'Active', '2016-05-27 06:21:33'),
(59, 'PD-07', 'Boyler House Feed', 40, 9, 'Finish Good Product', 'Active', '2016-05-27 06:45:38'),
(60, 'PD-08', 'Boylar Grower', 40, 10, 'Finish Good Product', 'Active', '2016-05-27 06:46:14'),
(61, 'PD-09', 'Nursery Mas', 41, 11, 'Finish Good Product', 'Active', '2016-05-27 06:47:05'),
(62, 'PD-10', 'Grower Mas', 41, 12, 'Finish Good Product', 'Active', '2016-05-27 08:21:12'),
(63, 'PD-11', 'Pellets ', 41, 13, 'Finish Good Product', 'Active', '2016-05-27 08:22:55'),
(65, 'PD-12', 'Beef Cattle', 42, 14, 'Finish Good Product', 'Active', '2016-05-27 08:28:13'),
(66, 'PD-13', 'Dairy ', 42, 15, 'Finish Good Product', 'Active', '2016-05-27 08:28:49'),
(67, 'PD-14', 'LC Corn', 43, 16, 'Finish Good Product', 'Active', '2016-05-27 09:16:06'),
(68, 'PD-15', 'Corn', 43, 17, 'Finish Good Product', 'Active', '2016-05-27 09:18:17'),
(69, 'PD-16', 'Atob Polish', 44, 18, 'Finish Good Product', 'Active', '2016-05-27 09:19:16'),
(70, 'PD-17', 'Brazil Mead Born', 45, 19, 'Finish Good Product', 'Active', '2016-05-27 09:20:39'),
(72, 'PD-18', 'Australia Mead Born', 45, 21, 'Finish Good Product', 'Active', '2016-05-27 09:23:29'),
(73, 'PD-19', 'Italy Mead Born', 45, 22, 'Finish Good Product', 'Active', '2016-05-27 09:24:18'),
(74, 'PD-20', 'KG Mik Mead Born', 45, 23, 'Finish Good Product', 'Active', '2016-05-27 09:25:46'),
(75, 'PD-21', 'Meat Mill Mead Born', 45, 24, 'Finish Good Product', 'Active', '2016-05-27 09:26:31'),
(76, 'PD-22', 'Fish Mill Mead Born', 45, 25, 'Finish Good Product', 'Active', '2016-05-27 09:27:19'),
(77, 'PD-23', 'Kushi Holud', 47, 27, 'Finish Good Product', 'Active', '2016-05-27 09:29:09'),
(78, 'PD-24', 'Fala Holud', 47, 29, 'Finish Good Product', 'Active', '2016-05-27 09:29:48'),
(79, 'PD-25', 'Fresh Soya Meal', 48, 30, 'Finish Good Product', 'Active', '2016-05-27 09:30:42'),
(80, 'PD-26', 'Teer Soybean', 48, 31, 'Finish Good Product', 'Active', '2016-05-27 09:31:27'),
(81, 'PD-27', 'LC Soybean', 48, 32, 'Finish Good Product', 'Active', '2016-05-27 09:32:09'),
(82, 'PD-28', 'SOR Holud', 47, 26, 'Finish Good Product', 'Active', '2016-05-27 09:40:55'),
(83, 'PD-29', 'Jhinuk', 46, 33, 'Finish Good Product', 'Active', '2016-05-27 09:42:02'),
(84, 'PD-30', 'Limsten', 46, 34, 'Finish Good Product', 'Active', '2016-05-27 09:42:38'),
(85, 'PD-123', 'Stock Corn', 43, 35, 'Raw material product', 'Active', '2016-06-20 10:48:59'),
(86, 'PD-121', 'Bangla Fish Feed', 41, 36, 'Finish Good Product', 'Active', '2016-06-26 13:38:03');

-- --------------------------------------------------------

--
-- Table structure for table `product_accounts`
--

CREATE TABLE IF NOT EXISTS `product_accounts` (
  `id` int(11) NOT NULL AUTO_INCREMENT,
  `pd_id` int(11) NOT NULL DEFAULT '0',
  `order_sales_manage_status` varchar(40) NOT NULL DEFAULT 'CustomManage',
  `supplier_customerid` int(11) NOT NULL DEFAULT '0',
  `osm_content_code` varchar(40) NOT NULL,
  `osm_id` int(11) NOT NULL,
  `osm_fulll_id` varchar(70) NOT NULL,
  `stock_kg` float NOT NULL DEFAULT '0',
  `stock_bag` float NOT NULL DEFAULT '0',
  `bag_size` int(11) NOT NULL DEFAULT '0',
  `unit_number` int(11) NOT NULL DEFAULT '0',
  `total_kg` float NOT NULL DEFAULT '0',
  `nots` text,
  `auto_sales_pursess_unit_price` float NOT NULL DEFAULT '0',
  `total_price` float NOT NULL,
  `create_date` timestamp NOT NULL DEFAULT CURRENT_TIMESTAMP,
  `insert_id` int(11) NOT NULL,
  PRIMARY KEY (`id`),
  KEY `pd_id` (`pd_id`)
) ENGINE=InnoDB  DEFAULT CHARSET=latin1 AUTO_INCREMENT=954 ;

--
-- Dumping data for table `product_accounts`
--

INSERT INTO `product_accounts` (`id`, `pd_id`, `order_sales_manage_status`, `supplier_customerid`, `osm_content_code`, `osm_id`, `osm_fulll_id`, `stock_kg`, `stock_bag`, `bag_size`, `unit_number`, `total_kg`, `nots`, `auto_sales_pursess_unit_price`, `total_price`, `create_date`, `insert_id`) VALUES
(133, 56, 'SalesManage', 95, 'Sales-05201627', 1, 'Sales-0520162701', -0, -15, -50, 0, -750, 'à¦ªà§à¦°à¦¥à¦® à¦®à§‡à¦® à¦•à¦°à¦²à¦¾à¦® à§¨à§¬-à§¦à§«-à§¨à§¦à§§à§¬', 30.8, 23100, '2016-05-27 11:30:07', 2),
(134, 56, 'SalesManage', 82, 'Sales-05201627', 2, 'Sales-0520162702', -0, -30, -50, 0, -1500, 'NA', 31.6, 47400, '2016-05-27 11:40:29', 2),
(135, 56, 'CustomManage', 0, 'Custom-05201627', 1, 'Custom-0520162701', 0, 222, 50, 0, 11100, 'à¦¸à§à¦Ÿà¦•à§‡ à¦†à¦›à§‡ ', 0, 0, '2016-05-27 12:37:14', 2),
(136, 55, 'CustomManage', 0, 'Custom-05201627', 2, 'Custom-0520162702', 0, 46, 50, 0, 2300, 'à¦¸à§à¦Ÿà¦• à¦ à¦†à¦›à§‡ ', 0, 0, '2016-05-27 12:39:03', 2),
(137, 63, 'CustomManage', 0, 'Custom-05201627', 3, 'Custom-0520162703', 0, 4, 25, 0, 100, 'à¦¸à§à¦Ÿà¦• à¦ à¦†à¦›à§‡ ', 0, 0, '2016-05-27 12:40:51', 2),
(138, 62, 'CustomManage', 0, 'Custom-05201627', 4, 'Custom-0520162704', 0, 4, 25, 0, 100, 'à¦¸à§à¦Ÿà¦• à¦ à¦†à¦›à§‡ ', 0, 0, '2016-05-27 12:41:32', 2),
(139, 56, 'SalesManage', 97, 'Sales-05201628', 3, 'Sales-0520162803', -0, -25, -50, 0, -1250, 'Driver Belal', 30.1, 37625, '2016-05-28 06:11:06', 2),
(140, 55, 'SalesManage', 97, 'Sales-05201628', 3, 'Sales-0520162803', -0, -15, -50, 0, -750, 'Driver Belal', 31.4, 23550, '2016-05-28 06:11:06', 2),
(141, 56, 'SalesManage', 94, 'Sales-05201628', 4, 'Sales-0520162804', -0, -10, -50, 0, -500, 'NA', 30.9, 15450, '2016-05-28 06:35:37', 2),
(142, 56, 'SalesManage', 82, 'Sales-05201629', 5, 'Sales-0520162905', -0, -80, -50, 0, -4000, 'Sirajkandi ', 31.6, 126400, '2016-05-29 07:05:08', 2),
(143, 56, 'SalesManage', 89, 'Sales-05201629', 6, 'Sales-0520162906', -0, -20, -50, 0, -1000, 'NA', 30.1, 30100, '2016-05-29 13:44:41', 2),
(144, 56, 'SalesManage', 84, 'Sales-05201629', 7, 'Sales-0520162907', -0, -20, -50, 0, -1000, 'Bhuapur theke', 30.8, 30800, '2016-05-29 13:55:17', 2),
(145, 56, 'SalesManage', 83, 'Sales-05201629', 8, 'Sales-0520162908', -0, -40, -50, 0, -2000, 'Na', 30.1, 60200, '2016-05-29 14:01:24', 2),
(146, 55, 'SalesManage', 98, 'Sales-05201631', 9, 'Sales-0520163109', -0, -30, -50, 0, -1500, 'NA', 31.1, 46650, '2016-05-31 05:24:24', 2),
(147, 56, 'SalesManage', 98, 'Sales-05201631', 9, 'Sales-0520163109', -0, -15, -50, 0, -750, 'NA', 30.1, 22575, '2016-05-31 05:24:24', 2),
(148, 55, 'SalesManage', 97, 'Sales-05201631', 10, 'Sales-05201631010', -0, -20, -50, 0, -1000, 'Na', 31.1, 31100, '2016-05-31 10:28:25', 2),
(149, 56, 'SalesManage', 97, 'Sales-05201631', 10, 'Sales-05201631010', -0, -30, -50, 0, -1500, 'Na', 30.1, 45150, '2016-05-31 10:28:25', 2),
(150, 56, 'SalesManage', 84, 'Sales-06201601', 11, 'Sales-06201601011', -0, -30, -50, 0, -1500, 'NA', 30.8, 46200, '2016-06-01 08:51:23', 2),
(151, 55, 'SalesManage', 89, 'Sales-06201602', 12, 'Sales-06201602012', -0, -10, -50, 0, -500, '30-05-2016 à¦¤à¦¾à¦°à¦¿à¦– à¦–à¦¾à¦¦à§à¦¯ à¦¦à§‡à§Ÿà¦¾ à¦¹à§Ÿà¥¤ ', 31.1, 15550, '2016-06-02 06:46:21', 2),
(153, 56, 'SalesManage', 82, 'Sales-06201602', 14, 'Sales-06201602014', -0, -50, -50, 0, -2500, '31-05-2016 à¦¤à¦¾à¦°à¦¿à¦– à¦–à¦¾à¦¦à§à¦¯ à¦¦à§‡à§Ÿà¦¾ à¦¹à§Ÿà¥¤ à¦–à¦¾à¦£à§‚à¦¬à¦¾à§œà§€ ', 31.6, 79000, '2016-06-02 07:31:18', 2),
(154, 55, 'SalesManage', 91, 'Sales-06201602', 15, 'Sales-06201602015', -0, -10, -50, 0, -500, '29-05-2016 à¦¤à¦¾à¦°à¦¿à¦– à¦–à¦¾à¦¦à§à¦¯ à¦¦à§‡à§Ÿà¦¾ à¦¹à§Ÿà¥¤ ', 34.2, 17100, '2016-06-02 07:46:28', 2),
(155, 55, 'SalesManage', 91, 'Sales-06201602', 16, 'Sales-06201602016', -0, -15, -50, 0, -750, 'NA', 34.2, 25650, '2016-06-02 07:50:11', 2),
(156, 56, 'SalesManage', 88, 'Sales-06201602', 17, 'Sales-06201602017', -0, -10, -50, 0, -500, '30-05-2016 à¦¤à¦¾à¦°à¦¿à¦– à¦–à¦¾à¦¦à§à¦¯ à¦¦à§‡à§Ÿà¦¾ à¦¹à§Ÿà¥¤', 30.1, 15050, '2016-06-02 07:58:54', 2),
(157, 56, 'SalesManage', 86, 'Sales-06201602', 18, 'Sales-06201602018', -0, -37, -50, 0, -1850, '30-05-2016 à¦¤à¦¾à¦°à¦¿à¦– à¦–à¦¾à¦¦à§à¦¯ à¦¦à§‡à§Ÿà¦¾ à¦¹à§Ÿà¥¤', 31, 57350, '2016-06-02 08:03:18', 2),
(158, 56, 'SalesManage', 94, 'Sales-06201602', 19, 'Sales-06201602019', -0, -8, -50, 0, -400, '01-06-2016 à¦¤à¦¾à¦°à¦¿à¦– à¦–à¦¾à¦¦à§à¦¯ à¦¦à§‡à§Ÿà¦¾ à¦¹à§Ÿà¥¤ ', 30.9, 12360, '2016-06-02 08:10:20', 2),
(159, 56, 'SalesManage', 95, 'Sales-06201602', 20, 'Sales-06201602020', -0, -10, -50, 0, -500, '01.06-2016 à¦¤à¦¾à¦°à¦¿à¦– à¦–à¦¾à¦¦à§à¦¯ à¦¦à§‡à§Ÿà¦¾ à¦¹à§Ÿà¥¤ à¦–à¦¾à¦£à§‚à¦¬à¦¾à§œà§€ ', 30.8, 15400, '2016-06-02 08:16:40', 2),
(160, 56, 'SalesManage', 92, 'Sales-06201602', 21, 'Sales-06201602021', -0, -10, -50, 0, -500, 'NA', 30.1, 15050, '2016-06-02 08:20:36', 2),
(161, 56, 'SalesManage', 87, 'Sales-06201602', 22, 'Sales-06201602022', -0, -10, -50, 0, -500, 'NA', 30.1, 15050, '2016-06-02 08:24:39', 2),
(162, 56, 'SalesManage', 93, 'Sales-06201602', 23, 'Sales-06201602023', -0, -10, -50, 0, -500, 'NA', 30.1, 15050, '2016-06-02 11:42:25', 2),
(163, 56, 'SalesManage', 82, 'Sales-06201602', 24, 'Sales-06201602024', -0, -80, -50, 0, -4000, 'SIRAJKANDI', 31.6, 126400, '2016-06-02 13:17:47', 2),
(164, 56, 'CustomManage', 0, 'Custom-06201602', 5, 'Custom-0620160205', 0, 375, 50, 0, 18750, 'à¦Ÿà§‹à¦Ÿà¦¾à¦² à¦¸à§à¦Ÿà¦•à§‡ à¦œà¦®à¦¾ à¦•à¦°à¦¾ à¦¹à¦² à§©à§­à§« à¦¬à¦¸à§à¦¤à¦¾ à¥¤ à§¦à§¨.à§¦à§¬.à§§à§¬ à¦¤à¦¾à¦°à¦¿à¦– à¦ à¦¸à¦¬ à¦œà¦®à¦¾ à¦•à¦°à¦¾ à¦¹à¦²à¥¤ à¦†à¦—à§‡à¦° à¦¡à§‡à¦Ÿà§‡ à¦œà¦®à¦¾ à¦¨à¦¾ à¦¹à¦“à§Ÿà¦¾ à¦—à§à¦²à¦¾à¥¤', 0, 0, '2016-06-02 13:58:06', 2),
(165, 55, 'CustomManage', 0, 'Custom-06201602', 6, 'Custom-0620160206', 0, 63, 50, 0, 3150, 'à¦†à¦—à§‡à¦° à¦¡à§‡à¦Ÿà§‡ à¦œà¦®à¦¾ à¦¨à¦¾ à¦¹à¦“à§Ÿà¦¾ à§¬à§© à¦¬à¦¸à§à¦¤à¦¾  à§¦à§¨.à§¦à§¬.à§§à§¬ à¦¤à¦¾à¦°à¦¿à¦– à¦ à¦œà¦®à¦¾ à¦•à¦°à¦¾ à¦¹à§Ÿ à¥¤ ', 0, 0, '2016-06-02 14:03:55', 2),
(166, 56, 'SalesManage', 89, 'Sales-06201603', 25, 'Sales-06201603025', -0, -20, -50, 0, -1000, 'Na', 30.1, 30100, '2016-06-03 04:43:59', 2),
(167, 56, 'CustomManage', 0, 'Custom-06201603', 7, 'Custom-0620160307', 0, 250, 50, 0, 12500, 'à¦†à¦›à¦° à¦‰à¦¦à§à¦¦à¦¿ à¦—à§à¦¨à§‡ à¦¬à¦²à¦›à§‡ à§¨à§«à§¦ à¦¬à¦¸à§à¦¤à¦¾ ', 0, 0, '2016-06-03 12:28:05', 2),
(168, 55, 'CustomManage', 0, 'Custom-06201603', 7, 'Custom-0620160307', 0, 22, 50, 0, 1100, 'à¦†à¦›à¦° à¦‰à¦¦à§à¦¦à¦¿ à¦—à§à¦¨à§‡ à¦¬à¦²à¦›à§‡ à§¨à§«à§¦ à¦¬à¦¸à§à¦¤à¦¾ ', 0, 0, '2016-06-03 12:28:05', 2),
(169, 80, 'PurchaseManage', 60, 'Purchase-06201604', 1, 'Purchase-0620160401', 0, 250, 50, 0, 12500, 'NA', 42.25, 528125, '2016-06-04 04:43:09', 2),
(170, 56, 'SalesManage', 94, 'Sales-06201604', 26, 'Sales-06201604026', -0, -6, -50, 0, -300, 'NA', 30.9, 9270, '2016-06-04 04:47:38', 2),
(171, 68, 'PurchaseManage', 61, 'Purchase-06201604', 2, 'Purchase-0620160402', 0, 595, 60, 0, 35700, '1st Enty', 16.5, 589050, '2016-06-04 08:25:37', 2),
(172, 55, 'CustomManage', 0, 'Custom-06201604', 8, 'Custom-0620160408', 0, 109, 50, 0, 5450, '04.06.16  à¦‰à¦¦à¦ªà¦¾à¦¦à¦¨', 0, 0, '2016-06-04 12:43:51', 2),
(173, 56, 'SalesManage', 88, 'Sales-06201605', 27, 'Sales-06201605027', -0, -10, -50, 0, -500, 'RASEL AHMED', 30.1, 15050, '2016-06-05 05:06:36', 2),
(174, 56, 'SalesManage', 95, 'Sales-06201605', 28, 'Sales-06201605028', -0, -15, -50, 0, -750, 'RASEL AHMED', 30.8, 23100, '2016-06-05 05:10:18', 2),
(175, 56, 'SalesManage', 97, 'Sales-06201605', 29, 'Sales-06201605029', -0, -30, -50, 0, -1500, 'Joma 50000 taka', 30.1, 45150, '2016-06-05 10:45:20', 2),
(176, 55, 'SalesManage', 97, 'Sales-06201605', 29, 'Sales-06201605029', -0, -20, -50, 0, -1000, 'Joma 50000 taka', 31, 31000, '2016-06-05 10:45:20', 2),
(177, 55, 'SalesManage', 98, 'Sales-06201606', 30, 'Sales-06201606030', -0, -80, -50, 0, -4000, 'à¦®à¦¿à¦¨à¦¿à¦¸à§à¦Ÿà¦¾à¦° à¦•à§‡ à¦¦à§‡à§Ÿà¦¾ à¦¹à¦² à§«à§¦à§¦à§¦à§¦', 31, 124000, '2016-06-06 03:28:52', 2),
(178, 56, 'SalesManage', 98, 'Sales-06201606', 30, 'Sales-06201606030', -0, -10, -50, 0, -500, 'à¦®à¦¿à¦¨à¦¿à¦¸à§à¦Ÿà¦¾à¦° à¦•à§‡ à¦¦à§‡à§Ÿà¦¾ à¦¹à¦² à§«à§¦à§¦à§¦à§¦', 30.1, 15050, '2016-06-06 03:28:52', 2),
(179, 56, 'SalesManage', 82, 'Sales-06201606', 31, 'Sales-06201606031', -0, -40, -50, 0, -2000, 'NA', 31.6, 63200, '2016-06-06 03:50:23', 2),
(180, 56, 'SalesManage', 92, 'Sales-06201606', 32, 'Sales-06201606032', -0, -10, -50, 0, -500, 'NA', 30.1, 15050, '2016-06-06 03:53:05', 2),
(181, 55, 'SalesManage', 89, 'Sales-06201606', 33, 'Sales-06201606033', -0, -10, -50, 0, -500, 'na', 31.1, 15550, '2016-06-06 05:42:54', 2),
(182, 56, 'SalesManage', 84, 'Sales-06201606', 34, 'Sales-06201606034', -0, -20, -50, 0, -1000, 'Na', 30.8, 30800, '2016-06-06 05:46:16', 2),
(183, 56, 'SalesManage', 86, 'Sales-06201606', 35, 'Sales-06201606035', -0, -37, -50, 0, -1850, 'na', 31, 57350, '2016-06-06 05:54:09', 2),
(184, 56, 'CustomManage', 0, 'Custom-06201606', 9, 'Custom-0620160609', 0, 135, 50, 0, 6750, '05.06.16 Uppadon', 0, 0, '2016-06-06 06:00:03', 2),
(185, 55, 'SalesManage', 91, 'Sales-06201606', 36, 'Sales-06201606036', -0, -10, -50, 0, -500, 'Na', 34.2, 17100, '2016-06-06 07:36:41', 2),
(186, 56, 'SalesManage', 93, 'Sales-06201606', 37, 'Sales-06201606037', -0, -10, -50, 0, -500, 'na', 30.1, 15050, '2016-06-06 07:56:09', 2),
(187, 56, 'SalesManage', 83, 'Sales-06201606', 38, 'Sales-06201606038', -0, -40, -50, 0, -2000, 'Na', 30.1, 60200, '2016-06-06 10:15:22', 2),
(188, 56, 'SalesManage', 87, 'Sales-06201606', 39, 'Sales-06201606039', -0, -10, -50, 0, -500, 'na', 30.1, 15050, '2016-06-06 10:37:04', 2),
(189, 56, 'SalesManage', 82, 'Sales-06201606', 40, 'Sales-06201606040', -0, -80, -50, 0, -4000, 'Na', 31.6, 126400, '2016-06-06 12:16:44', 2),
(190, 56, 'SalesManage', 94, 'Sales-06201608', 41, 'Sales-06201608041', -0, -10, -50, 0, -500, 'Rasel Bai Gat pas dice', 30.9, 15450, '2016-06-08 07:30:38', 2),
(191, 80, 'PurchaseManage', 60, 'Purchase-06201608', 3, 'Purchase-0620160803', 0, 250, 50, 0, 12500, '05.06.16 Date Mal Ase . ', 40.8, 510000, '2016-06-08 08:02:43', 2),
(192, 56, 'CustomManage', 0, 'Custom-06201608', 10, 'Custom-06201608010', 0, 91, 50, 0, 4550, 'Na', 0, 0, '2016-06-08 10:11:25', 2),
(193, 55, 'SalesManage', 91, 'Sales-06201609', 42, 'Sales-06201609042', -0, -15, -50, 0, -750, 'NA', 34.2, 25650, '2016-06-09 03:18:50', 2),
(194, 56, 'SalesManage', 89, 'Sales-06201609', 43, 'Sales-06201609043', -0, -20, -50, 0, -1000, 'Na', 30.1, 30100, '2016-06-09 03:25:21', 2),
(195, 55, 'SalesManage', 97, 'Sales-06201609', 44, 'Sales-06201609044', -0, -15, -50, 0, -750, 'NA', 31, 23250, '2016-06-09 04:00:19', 2),
(196, 56, 'SalesManage', 97, 'Sales-06201609', 44, 'Sales-06201609044', -0, -25, -50, 0, -1250, 'NA', 30.1, 37625, '2016-06-09 04:00:19', 2),
(197, 56, 'SalesManage', 84, 'Sales-06201609', 45, 'Sales-06201609045', -0, -20, -50, 0, -1000, 'Na', 30.8, 30800, '2016-06-09 09:45:53', 2),
(198, 56, 'SalesManage', 95, 'Sales-06201609', 46, 'Sales-06201609046', -0, -10, -50, 0, -500, 'Na', 30.8, 15400, '2016-06-09 10:01:57', 2),
(199, 56, 'SalesManage', 93, 'Sales-06201609', 47, 'Sales-06201609047', -0, -10, -50, 0, -500, 'na', 30.1, 15050, '2016-06-09 11:18:51', 2),
(200, 56, 'CustomManage', 0, 'Custom-06201609', 11, 'Custom-06201609011', 0, 136, 50, 0, 6800, 'Na', 0, 0, '2016-06-09 11:43:13', 2),
(201, 55, 'CustomManage', 0, 'Custom-06201609', 12, 'Custom-06201609012', 0, 43, 50, 0, 2150, 'Na', 0, 0, '2016-06-09 11:43:44', 2),
(202, 56, 'SalesManage', 82, 'Sales-06201610', 48, 'Sales-06201610048', -0, -30, -50, 0, -1500, 'Na', 31.6, 47400, '2016-06-10 04:56:02', 2),
(203, 56, 'SalesManage', 88, 'Sales-06201610', 49, 'Sales-06201610049', -0, -10, -50, 0, -500, 'Na', 30.1, 15050, '2016-06-10 04:57:54', 2),
(204, 56, 'SalesManage', 92, 'Sales-06201610', 50, 'Sales-06201610050', -0, -10, -50, 0, -500, 'Na', 30.1, 15050, '2016-06-10 05:00:10', 2),
(205, 56, 'SalesManage', 82, 'Sales-06201610', 51, 'Sales-06201610051', -0, -80, -50, 0, -4000, 'SIRAJKANDI', 31.6, 126400, '2016-06-10 09:04:19', 2),
(206, 55, 'SalesManage', 89, 'Sales-06201611', 52, 'Sales-06201611052', -0, -10, -50, 0, -500, 'Na', 31.1, 15550, '2016-06-11 04:18:14', 2),
(207, 56, 'SalesManage', 87, 'Sales-06201611', 53, 'Sales-06201611053', -0, -10, -50, 0, -500, 'Na', 30.1, 15050, '2016-06-11 04:20:07', 2),
(208, 56, 'SalesManage', 94, 'Sales-06201611', 54, 'Sales-06201611054', -0, -6, -50, 0, -300, 'Na', 30.9, 9270, '2016-06-11 04:22:31', 2),
(209, 56, 'CustomManage', 0, 'Custom-06201612', 13, 'Custom-06201612013', 0, 136, 50, 0, 6800, 'Date :11.06.16 ', 0, 0, '2016-06-12 03:30:26', 2),
(210, 55, 'SalesManage', 97, 'Sales-06201612', 55, 'Sales-06201612055', -0, -25, -50, 0, -1250, 'NA', 31, 38750, '2016-06-12 06:46:55', 2),
(211, 56, 'SalesManage', 97, 'Sales-06201612', 55, 'Sales-06201612055', -0, -25, -50, 0, -1250, 'NA', 30.1, 37625, '2016-06-12 06:46:55', 2),
(212, 56, 'CustomManage', 0, 'Custom-06201612', 14, 'Custom-06201612014', 0, 91, 50, 0, 4550, 'Na', 0, 0, '2016-06-12 11:06:38', 2),
(213, 55, 'CustomManage', 0, 'Custom-06201612', 15, 'Custom-06201612015', 0, 46, 50, 0, 2300, 'Na', 0, 0, '2016-06-12 11:07:04', 2),
(214, 55, 'SalesManage', 91, 'Sales-06201612', 56, 'Sales-06201612056', -0, -20, -50, 0, -1000, 'Na', 34.2, 34200, '2016-06-12 13:30:54', 2),
(215, 55, 'SalesManage', 98, 'Sales-06201613', 57, 'Sales-06201613057', -0, -90, -50, 0, -4500, 'Mister ke deya holo 50140 Taka ', 31, 139500, '2016-06-13 04:41:51', 2),
(216, 56, 'SalesManage', 86, 'Sales-06201613', 58, 'Sales-06201613058', -0, -37, -50, 0, -1850, 'à¦¬à¦¸à§à¦¤à¦¾ à¦ªà¦¤à¦¿ à¦°à§‡à¦Ÿ à§§à§¦ à¦Ÿà¦¾à¦•à¦¾ à¦•à¦®à¦¾à¦¨à§‹ à¦¹à¦² à¥¤ ', 30.8, 56980, '2016-06-13 05:12:59', 2),
(217, 56, 'SalesManage', 95, 'Sales-06201613', 59, 'Sales-06201613059', -0, -10, -50, 0, -500, 'Na', 30.8, 15400, '2016-06-13 07:49:03', 2),
(218, 56, 'SalesManage', 84, 'Sales-06201613', 60, 'Sales-06201613060', -0, -20, -50, 0, -1000, 'Na', 30.8, 30800, '2016-06-13 07:51:48', 2),
(219, 56, 'SalesManage', 88, 'Sales-06201613', 61, 'Sales-06201613061', -0, -10, -50, 0, -500, 'Na', 30.1, 15050, '2016-06-13 07:56:36', 2),
(220, 55, 'CustomManage', 0, 'Custom-06201613', 16, 'Custom-06201613016', 0, 42, 50, 0, 2100, 'Na', 0, 0, '2016-06-13 10:59:52', 2),
(221, 56, 'SalesManage', 82, 'Sales-06201614', 62, 'Sales-06201614062', -0, -50, -50, 0, -2500, 'Na', 31.6, 79000, '2016-06-14 03:40:53', 2),
(222, 56, 'SalesManage', 89, 'Sales-06201614', 63, 'Sales-06201614063', -0, -20, -50, 0, -1000, 'NA', 30.1, 30100, '2016-06-14 08:21:57', 2),
(223, 56, 'SalesManage', 92, 'Sales-06201615', 64, 'Sales-06201615064', -0, -10, -50, 0, -500, 'Na', 30.1, 15050, '2016-06-15 03:40:55', 2),
(224, 56, 'SalesManage', 94, 'Sales-06201615', 65, 'Sales-06201615065', -0, -5, -50, 0, -250, 'Na', 30.9, 7725, '2016-06-15 03:44:23', 2),
(225, 55, 'CustomManage', 0, 'Custom-06201615', 17, 'Custom-06201615017', 0, 43, 50, 0, 2150, '14.06.16', 0, 0, '2016-06-15 08:05:58', 2),
(226, 56, 'SalesManage', 87, 'Sales-06201616', 66, 'Sales-06201616066', -0, -10, -50, 0, -500, 'Date :15.06.16 ', 30.1, 15050, '2016-06-16 12:02:36', 2),
(227, 56, 'SalesManage', 82, 'Sales-06201616', 67, 'Sales-06201616067', -0, -80, -50, 0, -4000, 'Shirejkandi', 31.6, 126400, '2016-06-16 12:05:48', 2),
(228, 55, 'SalesManage', 89, 'Sales-06201616', 68, 'Sales-06201616068', -0, -10, -50, 0, -500, 'na', 31.1, 15550, '2016-06-16 12:13:36', 2),
(229, 56, 'SalesManage', 95, 'Sales-06201616', 69, 'Sales-06201616069', -0, -10, -50, 0, -500, 'Na', 30.8, 15400, '2016-06-16 12:16:00', 2),
(230, 56, 'SalesManage', 84, 'Sales-06201616', 70, 'Sales-06201616070', -0, -20, -50, 0, -1000, 'Na', 30.8, 30800, '2016-06-16 12:18:06', 2),
(231, 56, 'SalesManage', 93, 'Sales-06201616', 71, 'Sales-06201616071', -0, -10, -50, 0, -500, 'Na', 30.1, 15050, '2016-06-16 12:19:22', 2),
(232, 56, 'CustomManage', 0, 'Custom-06201616', 18, 'Custom-06201616018', 0, 67, 50, 0, 3350, '15.06.16 Upadon ', 0, 0, '2016-06-16 13:09:51', 2),
(233, 55, 'CustomManage', 0, 'Custom-06201616', 19, 'Custom-06201616019', 0, 22, 50, 0, 1100, '15.06.16', 0, 0, '2016-06-16 13:10:22', 2),
(234, 56, 'SalesManage', 97, 'Sales-06201616', 72, 'Sales-06201616072', -0, -30, -50, 0, -1500, 'Joma .16.06.16', 30.1, 45150, '2016-06-16 13:31:42', 2),
(235, 55, 'SalesManage', 97, 'Sales-06201616', 72, 'Sales-06201616072', -0, -20, -50, 0, -1000, 'Joma .16.06.16', 31, 31000, '2016-06-16 13:31:42', 2),
(236, 56, 'SalesManage', 99, 'Sales-06201616', 73, 'Sales-06201616073', -0, -10, -50, 0, -500, 'Na', 30.1, 15050, '2016-06-16 13:36:51', 2),
(237, 56, 'SalesManage', 100, 'Sales-06201616', 74, 'Sales-06201616074', -0, -20, -50, 0, -1000, 'Na', 30.1, 30100, '2016-06-16 13:42:18', 2),
(238, 56, 'CustomManage', 0, 'Custom-06201616', 20, 'Custom-06201616020', 0, 272, 50, 0, 13600, 'Na', 0, 0, '2016-06-16 13:49:44', 2),
(239, 56, 'SalesManage', 99, 'Sales-06201617', 75, 'Sales-06201617075', -0, -10, -50, 0, -500, 'Na', 30.1, 15050, '2016-06-17 05:33:51', 2),
(240, 56, 'SalesManage', 101, 'Sales-06201617', 76, 'Sales-06201617076', -0, -50, -50, 0, -2500, 'NA', 30.1, 75250, '2016-06-17 06:51:04', 2),
(241, 56, 'CustomManage', 0, 'Custom-06201617', 21, 'Custom-06201617021', 0, 180, 50, 0, 9000, 'Na', 0, 0, '2016-06-17 15:56:40', 2),
(242, 56, 'SalesManage', 91, 'Sales-06201617', 77, 'Sales-06201617077', -0, -10, -50, 0, -500, 'Na', 33, 16500, '2016-06-17 15:59:29', 2),
(243, 56, 'SalesManage', 88, 'Sales-06201618', 78, 'Sales-06201618078', -0, -10, -50, 0, -500, 'Na', 30.1, 15050, '2016-06-18 09:45:02', 2),
(244, 56, 'SalesManage', 82, 'Sales-06201619', 79, 'Sales-06201619079', -0, -80, -50, 0, -4000, 'Na', 31.6, 126400, '2016-06-19 14:26:39', 2),
(245, 56, 'SalesManage', 97, 'Sales-06201619', 80, 'Sales-06201619080', -0, -25, -50, 0, -1250, 'Na', 30.1, 37625, '2016-06-19 14:32:29', 2),
(246, 55, 'SalesManage', 97, 'Sales-06201619', 80, 'Sales-06201619080', -0, -25, -50, 0, -1250, 'Na', 31, 38750, '2016-06-19 14:32:29', 2),
(247, 68, 'PurchaseManage', 61, 'Purchase-06201619', 4, 'Purchase-0620161904', 0, 136, 60, 0, 8160, '17 / 18 tarikher mal', 17, 138720, '2016-06-19 14:49:44', 2),
(248, 68, 'PurchaseManage', 61, 'Purchase-06201619', 4, 'Purchase-0620161904', 0, 400, 60, 0, 24000, '17 / 18 tarikher mal', 17, 408000, '2016-06-19 14:49:44', 2),
(249, 56, 'SalesManage', 82, 'Sales-06201620', 81, 'Sales-06201620081', -0, -20, -50, 0, -1000, 'Khanubari', 31.6, 31600, '2016-06-20 03:25:34', 2),
(250, 56, 'SalesManage', 99, 'Sales-06201620', 82, 'Sales-06201620082', -0, -10, -50, 0, -500, 'Na', 30.1, 15050, '2016-06-20 03:26:33', 2),
(251, 56, 'SalesManage', 92, 'Sales-06201620', 83, 'Sales-06201620083', -0, -10, -50, 0, -500, 'Na', 30.1, 15050, '2016-06-20 03:27:30', 2),
(252, 56, 'SalesManage', 102, 'Sales-06201620', 84, 'Sales-06201620084', -0, -5, -50, 0, -250, 'Na', 30.1, 7525, '2016-06-20 05:16:45', 2),
(253, 56, 'SalesManage', 87, 'Sales-06201620', 85, 'Sales-06201620085', -0, -10, -50, 0, -500, 'Na', 30.1, 15050, '2016-06-20 07:10:58', 2),
(254, 56, 'SalesManage', 89, 'Sales-06201620', 86, 'Sales-06201620086', -0, -20, -50, 0, -1000, 'Na', 30.1, 30100, '2016-06-20 07:12:39', 2),
(255, 56, 'SalesManage', 84, 'Sales-06201620', 87, 'Sales-06201620087', -0, -20, -50, 0, -1000, 'Na', 30.8, 30800, '2016-06-20 07:14:07', 2),
(256, 56, 'SalesManage', 95, 'Sales-06201620', 88, 'Sales-06201620088', -0, -10, -50, 0, -500, 'Na', 30.8, 15400, '2016-06-20 07:18:47', 2),
(257, 56, 'SalesManage', 93, 'Sales-06201620', 89, 'Sales-06201620089', -0, -10, -50, 0, -500, 'Na', 30.1, 15050, '2016-06-20 07:20:20', 2),
(258, 56, 'CustomManage', 0, 'Custom-06201620', 22, 'Custom-06201620022', 0, 69, 50, 0, 3450, '19.06.16 Uppadon', 0, 0, '2016-06-20 10:26:52', 2),
(259, 55, 'CustomManage', 0, 'Custom-06201620', 23, 'Custom-06201620023', 0, 22, 50, 0, 1100, '19.06.16 Uppadon', 0, 0, '2016-06-20 10:31:20', 2),
(260, 85, 'PurchaseManage', 84, 'Purchase-06201620', 5, 'Purchase-0620162005', 0, 500, 60, 0, 30000, 'à§©à§¦,à§¦à§¦à§¦ à¦•à§‡à¦œà¦¿ à¦®à¦¾à¦² à§¦à§§-à§¦à§¬-à§¨à§¦à§§à§¬ à¦¤à¦¾à¦°à¦¿à¦–à§‡ à¦¸à§‹à¦²à¦¾à§Ÿà¦®à¦¾à¦¨ à¦«à¦¿à¦¡à¦¸à§ à¦²à¦¿à¦®à¦¿à¦Ÿà§‡à¦¡ à¦ à¦—à§à¦¦à¦¾à¦® à¦œà¦¾à¦¤ à¦•à¦°à§‡à¥¤ à¦œà¦¾à¦° à¦¬à¦¤à§à¦¤à¦®à¦¾à¦¨ à¦®à§à¦²à§à¦¯ à§«à§¦à§¦à§¦à§¦à§¦ à¦Ÿà¦¾à¦•à¦¾ à¥¤ ', 16.67, 500100, '2016-06-20 10:55:27', 2),
(261, 56, 'SalesManage', 91, 'Sales-06201620', 90, 'Sales-06201620090', -0, -15, -50, 0, -750, 'Na', 33, 24750, '2016-06-20 11:05:06', 2),
(262, 56, 'SalesManage', 83, 'Sales-06201620', 91, 'Sales-06201620091', -0, -50, -50, 0, -2500, '19.06.16 ', 30.1, 75250, '2016-06-20 11:12:41', 2),
(263, 56, 'CustomManage', 0, 'Custom-06201620', 24, 'Custom-06201620024', 0, 136, 50, 0, 6800, 'Na', 0, 0, '2016-06-20 11:23:27', 2),
(264, 56, 'SalesManage', 94, 'Sales-06201620', 92, 'Sales-06201620092', -0, -10, -50, 0, -500, '18.06.16 Mal delivary', 30.9, 15450, '2016-06-20 11:57:51', 2),
(265, 56, 'SalesManage', 86, 'Sales-06201621', 93, 'Sales-06201621093', -0, -37, -50, 0, -1850, 'Na', 30.8, 56980, '2016-06-21 04:01:56', 2),
(266, 56, 'SalesManage', 88, 'Sales-06201622', 94, 'Sales-06201622094', -0, -10, -50, 0, -500, 'Na', 30.1, 15050, '2016-06-22 09:29:58', 2),
(269, 56, 'SalesManage', 97, 'Sales-06201622', 97, 'Sales-06201622097', -0, -25, -50, 0, -1250, 'Na', 30.1, 37625, '2016-06-22 13:26:39', 2),
(270, 55, 'SalesManage', 97, 'Sales-06201622', 97, 'Sales-06201622097', -0, -25, -50, 0, -1250, 'Na', 31, 38750, '2016-06-22 13:26:39', 2),
(271, 56, 'SalesManage', 84, 'Sales-06201624', 98, 'Sales-06201624098', -0, -20, -50, 0, -1000, 'Taka Joma 23.06.16 Tarik', 30.8, 30800, '2016-06-24 05:56:19', 2),
(272, 56, 'SalesManage', 95, 'Sales-06201624', 99, 'Sales-06201624099', -0, -10, -50, 0, -500, 'Taka joma 23.06.16', 30.8, 15400, '2016-06-24 05:58:10', 2),
(273, 56, 'SalesManage', 92, 'Sales-06201624', 100, 'Sales-062016240100', -0, -10, -50, 0, -500, 'Na', 30.1, 15050, '2016-06-24 06:31:57', 2),
(274, 56, 'SalesManage', 82, 'Sales-06201624', 101, 'Sales-062016240101', -0, -50, -50, 0, -2500, '23.06.16 Delivary', 31.6, 79000, '2016-06-24 06:57:40', 2),
(275, 56, 'SalesManage', 82, 'Sales-06201624', 102, 'Sales-062016240102', -0, -80, -50, 0, -4000, 'Na', 31.6, 126400, '2016-06-24 06:58:58', 2),
(276, 56, 'SalesManage', 91, 'Sales-06201624', 103, 'Sales-062016240103', -0, -20, -50, 0, -1000, '23.06.16 delivary', 33, 33000, '2016-06-24 07:02:56', 2),
(277, 56, 'SalesManage', 94, 'Sales-06201624', 104, 'Sales-062016240104', -0, -5, -50, 0, -250, 'Na', 30.9, 7725, '2016-06-24 07:07:07', 2),
(278, 56, 'SalesManage', 87, 'Sales-06201624', 105, 'Sales-062016240105', -0, -10, -50, 0, -500, '23.06.16', 30.1, 15050, '2016-06-24 07:11:03', 2),
(279, 56, 'SalesManage', 103, 'Sales-06201624', 106, 'Sales-062016240106', -0, -10, -50, 0, -500, 'na', 30.1, 15050, '2016-06-24 07:15:12', 2),
(280, 55, 'CustomManage', 0, 'Custom-06201624', 25, 'Custom-06201624025', 0, 44, 50, 0, 2200, '22.06.16 Uppadon', 0, 0, '2016-06-24 07:26:48', 2),
(281, 56, 'CustomManage', 0, 'Custom-06201624', 26, 'Custom-06201624026', 0, 45, 50, 0, 2250, '22.06.16 Uppadon', 0, 0, '2016-06-24 07:27:26', 2),
(282, 56, 'CustomManage', 0, 'Custom-06201625', 27, 'Custom-06201625027', 0, 244, 50, 0, 12200, '24.06.16', 0, 0, '2016-06-25 11:41:35', 2),
(283, 55, 'SalesManage', 89, 'Sales-06201625', 107, 'Sales-062016250107', -0, -8, -50, 0, -400, '22.06.16 Tarik delivary', 31.1, 12440, '2016-06-25 11:44:07', 2),
(284, 56, 'SalesManage', 93, 'Sales-06201625', 108, 'Sales-062016250108', -0, -10, -50, 0, -500, 'Na', 30.1, 15050, '2016-06-25 11:45:52', 2),
(285, 56, 'SalesManage', 99, 'Sales-06201625', 109, 'Sales-062016250109', -0, -6, -50, 0, -300, 'Na', 30.1, 9030, '2016-06-25 11:49:07', 2),
(286, 56, 'SalesManage', 94, 'Sales-06201625', 110, 'Sales-062016250110', -0, -16, -50, 0, -800, 'Na', 30.9, 24720, '2016-06-25 11:50:56', 2),
(287, 55, 'SalesManage', 98, 'Sales-06201626', 111, 'Sales-062016260111', -0, -45, -50, 0, -2250, 'Na', 31, 69750, '2016-06-26 04:58:17', 2),
(288, 56, 'SalesManage', 89, 'Sales-06201626', 112, 'Sales-062016260112', -0, -20, -50, 0, -1000, 'Na', 30.1, 30100, '2016-06-26 05:25:43', 2),
(289, 61, 'CustomManage', 0, 'Custom-06201626', 28, 'Custom-06201626028', -0, -4, -25, 0, -100, 'Hiseb Milanor Jonno Delate Kora Holo', 0, 0, '2016-06-26 13:27:44', 2),
(290, 61, 'CustomManage', 0, 'Custom-06201626', 29, 'Custom-06201626029', 0, 29, 25, 0, 725, '25.06.16 Uppadon', 0, 0, '2016-06-26 13:29:21', 2),
(291, 62, 'CustomManage', 0, 'Custom-06201626', 30, 'Custom-06201626030', -0, -4, -25, 0, -100, 'Hiseb Milanor Jonno Dilete Kora holo', 0, 0, '2016-06-26 13:32:58', 2),
(292, 61, 'CustomManage', 0, 'Custom-06201626', 31, 'Custom-06201626031', -0, -25, -25, 0, -625, 'Hiseb Vul Hower Jonno Dilete Kora holo', 0, 0, '2016-06-26 13:34:52', 2),
(293, 86, 'CustomManage', 0, 'Custom-06201626', 32, 'Custom-06201626032', 0, 29, 25, 0, 725, '25.06.16 Uppadon', 0, 0, '2016-06-26 13:38:56', 2),
(294, 63, 'CustomManage', 0, 'Custom-06201626', 33, 'Custom-06201626033', -0, -4, -25, 0, -100, 'Hiseb Milanor Jonno Dilete kora Holo', 0, 0, '2016-06-26 13:41:15', 2),
(295, 55, 'CustomManage', 0, 'Custom-06201626', 34, 'Custom-06201626034', 0, 43, 50, 0, 2150, 'Na', 0, 0, '2016-06-26 15:27:14', 2),
(296, 56, 'CustomManage', 0, 'Custom-06201626', 35, 'Custom-06201626035', 0, 112, 50, 0, 5600, 'Na', 0, 0, '2016-06-26 15:27:43', 2),
(297, 55, 'SalesManage', 97, 'Sales-06201628', 113, 'Sales-062016280113', -0, -30, -50, 0, -1500, '27.06.16', 31, 46500, '2016-06-28 04:15:51', 2),
(298, 56, 'SalesManage', 97, 'Sales-06201628', 113, 'Sales-062016280113', -0, -30, -50, 0, -1500, '27.06.16', 30.1, 45150, '2016-06-28 04:15:51', 2),
(299, 56, 'SalesManage', 86, 'Sales-06201628', 114, 'Sales-062016280114', -0, -37, -50, 0, -1850, '27.06.16', 30.8, 56980, '2016-06-28 04:19:45', 2),
(300, 56, 'SalesManage', 91, 'Sales-06201628', 115, 'Sales-062016280115', -0, -15, -50, 0, -750, '27.06.16', 33, 24750, '2016-06-28 04:22:56', 2),
(301, 56, 'SalesManage', 82, 'Sales-06201628', 116, 'Sales-062016280116', -0, -40, -50, 0, -2000, 'Taka joma 26.06.16', 31.6, 63200, '2016-06-28 04:26:31', 2),
(302, 56, 'SalesManage', 92, 'Sales-06201628', 117, 'Sales-062016280117', -0, -10, -50, 0, -500, 'Taka joma 26.06.16', 30.1, 15050, '2016-06-28 04:28:39', 2),
(303, 86, 'SalesManage', 109, 'Sales-06201628', 118, 'Sales-062016280118', -0, -10, -25, 0, -250, '27.06.16', 26.2, 6550, '2016-06-28 04:34:02', 2),
(304, 86, 'SalesManage', 111, 'Sales-06201628', 119, 'Sales-062016280119', -0, -5, -25, 0, -125, '27.06.16', 26.2, 3275, '2016-06-28 04:39:28', 2),
(305, 86, 'SalesManage', 112, 'Sales-06201628', 120, 'Sales-062016280120', -0, -6, -25, 0, -150, '27.06.16', 26.2, 3930, '2016-06-28 04:43:36', 2),
(306, 56, 'SalesManage', 83, 'Sales-06201628', 121, 'Sales-062016280121', -0, -40, -50, 0, -2000, 'na', 30.1, 60200, '2016-06-28 07:34:47', 2),
(307, 56, 'SalesManage', 87, 'Sales-06201628', 122, 'Sales-062016280122', -0, -10, -50, 0, -500, 'na', 30.1, 15050, '2016-06-28 07:35:45', 2),
(308, 55, 'CustomManage', 0, 'Custom-06201628', 36, 'Custom-06201628036', 0, 23, 50, 0, 1150, '27.06.16', 0, 0, '2016-06-28 07:36:50', 2),
(309, 56, 'SalesManage', 102, 'Sales-06201628', 123, 'Sales-062016280123', -0, -10, -50, 0, -500, '27.06.16', 30.1, 15050, '2016-06-28 08:12:10', 2),
(310, 56, 'SalesManage', 82, 'Sales-06201628', 124, 'Sales-062016280124', -0, -80, -50, 0, -4000, 'Na', 31.6, 126400, '2016-06-28 10:21:03', 2),
(311, 56, 'SalesManage', 88, 'Sales-06201628', 125, 'Sales-062016280125', -0, -10, -50, 0, -500, 'na', 30.1, 15050, '2016-06-28 13:15:00', 2),
(312, 56, 'SalesManage', 95, 'Sales-06201628', 126, 'Sales-062016280126', -0, -10, -50, 0, -500, 'na', 30.8, 15400, '2016-06-28 13:16:29', 2),
(313, 56, 'SalesManage', 84, 'Sales-06201628', 127, 'Sales-062016280127', -0, -25, -50, 0, -1250, 'na', 30.8, 38500, '2016-06-28 13:17:51', 2),
(314, 55, 'SalesManage', 89, 'Sales-06201628', 128, 'Sales-062016280128', -0, -10, -50, 0, -500, 'na', 31.1, 15550, '2016-06-28 13:19:28', 2),
(315, 56, 'SalesManage', 103, 'Sales-06201629', 129, 'Sales-062016290129', -0, -10, -50, 0, -500, 'Na', 30.1, 15050, '2016-06-29 03:37:08', 2),
(316, 56, 'SalesManage', 99, 'Sales-06201629', 130, 'Sales-062016290130', -0, -8, -50, 0, -400, 'na', 30.1, 12040, '2016-06-29 07:21:00', 2),
(317, 56, 'SalesManage', 93, 'Sales-06201629', 131, 'Sales-062016290131', -0, -10, -50, 0, -500, 'Na', 30.1, 15050, '2016-06-29 07:24:22', 2),
(318, 56, 'CustomManage', 0, 'Custom-06201629', 37, 'Custom-06201629037', 0, 178, 50, 0, 8900, 'Rasel Bai', 0, 0, '2016-06-29 13:23:02', 2),
(319, 55, 'SalesManage', 98, 'Sales-06201630', 132, 'Sales-062016300132', -0, -25, -50, 0, -1250, 'Na', 31, 38750, '2016-06-30 04:50:57', 2),
(320, 56, 'SalesManage', 98, 'Sales-06201630', 132, 'Sales-062016300132', -0, -20, -50, 0, -1000, 'Na', 30.1, 30100, '2016-06-30 04:50:57', 2),
(321, 55, 'CustomManage', 0, 'Custom-06201630', 38, 'Custom-06201630038', 0, 43, 50, 0, 2150, '29.06.16', 0, 0, '2016-06-30 05:10:54', 2),
(322, 86, 'CustomManage', 0, 'Custom-06201630', 39, 'Custom-06201630039', 0, 52, 25, 0, 1300, '29.06.16', 0, 0, '2016-06-30 06:19:21', 2),
(323, 63, 'CustomManage', 0, 'Custom-06201630', 40, 'Custom-06201630040', 0, 40, 25, 0, 1000, '29.06.16 ase', 0, 0, '2016-06-30 06:20:54', 2),
(324, 56, 'SalesManage', 91, 'Sales-07201601', 133, 'Sales-072016010133', -0, -15, -50, 0, -750, 'Na', 33, 24750, '2016-07-01 04:11:51', 2),
(325, 86, 'SalesManage', 105, 'Sales-07201601', 134, 'Sales-072016010134', -0, -20, -25, 0, -500, 'Na', 26.4, 13200, '2016-07-01 04:29:42', 2),
(326, 86, 'SalesManage', 108, 'Sales-07201601', 135, 'Sales-072016010135', -0, -20, -25, 0, -500, 'Na', 26.4, 13200, '2016-07-01 04:39:03', 2),
(327, 56, 'SalesManage', 84, 'Sales-07201601', 136, 'Sales-072016010136', -0, -20, -50, 0, -1000, 'Na', 30.8, 30800, '2016-07-01 05:19:08', 2),
(328, 56, 'SalesManage', 95, 'Sales-07201601', 137, 'Sales-072016010137', -0, -10, -50, 0, -500, 'Na', 30.8, 15400, '2016-07-01 05:23:48', 2),
(329, 56, 'SalesManage', 88, 'Sales-07201601', 138, 'Sales-072016010138', -0, -10, -50, 0, -500, 'na', 30.1, 15050, '2016-07-01 06:46:40', 2),
(330, 56, 'SalesManage', 97, 'Sales-07201601', 139, 'Sales-072016010139', -0, -40, -50, 0, -2000, 'Na', 30.1, 60200, '2016-07-01 10:16:37', 2),
(331, 56, 'SalesManage', 99, 'Sales-07201601', 140, 'Sales-072016010140', -0, -10, -50, 0, -500, 'na', 30.1, 15050, '2016-07-01 10:21:09', 2),
(332, 56, 'SalesManage', 101, 'Sales-07201601', 141, 'Sales-072016010141', -0, -50, -50, 0, -2500, 'Na', 30.1, 75250, '2016-07-01 10:26:12', 2),
(333, 56, 'CustomManage', 0, 'Custom-07201601', 41, 'Custom-07201601041', 0, 292, 50, 0, 14600, 'Na', 0, 0, '2016-07-01 13:20:32', 2),
(334, 56, 'SalesManage', 94, 'Sales-07201602', 142, 'Sales-072016020142', -0, -10, -50, 0, -500, 'Na', 30.9, 15450, '2016-07-02 04:30:06', 2),
(335, 56, 'SalesManage', 89, 'Sales-07201602', 143, 'Sales-072016020143', -0, -10, -50, 0, -500, 'Na', 30.1, 15050, '2016-07-02 04:34:39', 2),
(336, 56, 'SalesManage', 82, 'Sales-07201603', 144, 'Sales-072016030144', -0, -80, -50, 0, -4000, '02.07.16', 31.6, 126400, '2016-07-03 05:43:33', 2),
(337, 56, 'SalesManage', 87, 'Sales-07201603', 145, 'Sales-072016030145', -0, -20, -50, 0, -1000, 'Na', 30.1, 30100, '2016-07-03 05:48:07', 2),
(338, 56, 'SalesManage', 82, 'Sales-07201603', 146, 'Sales-072016030146', -0, -40, -50, 0, -2000, 'Na', 31.6, 63200, '2016-07-03 07:49:10', 2),
(339, 56, 'SalesManage', 99, 'Sales-07201603', 147, 'Sales-072016030147', -0, -10, -50, 0, -500, 'na', 30.1, 15050, '2016-07-03 07:50:21', 2),
(340, 56, 'CustomManage', 0, 'Custom-07201603', 42, 'Custom-07201603042', 0, 268, 50, 0, 13400, 'Na', 0, 0, '2016-07-03 09:56:08', 2),
(341, 56, 'SalesManage', 93, 'Sales-07201603', 148, 'Sales-072016030148', -0, -20, -50, 0, -1000, 'Na', 30.1, 30100, '2016-07-03 10:19:07', 2),
(342, 56, 'SalesManage', 91, 'Sales-07201603', 149, 'Sales-072016030149', -0, -30, -50, 0, -1500, 'Na', 33, 49500, '2016-07-03 10:23:56', 2),
(343, 56, 'SalesManage', 86, 'Sales-07201603', 150, 'Sales-072016030150', -0, -37, -50, 0, -1850, 'Na', 30.8, 56980, '2016-07-03 10:29:10', 2),
(344, 56, 'SalesManage', 103, 'Sales-07201604', 151, 'Sales-072016040151', -0, -16, -50, 0, -800, 'Na', 30.1, 24080, '2016-07-04 04:08:12', 2),
(345, 56, 'SalesManage', 113, 'Sales-07201604', 152, 'Sales-072016040152', -0, -50, -50, 0, -2500, 'Na', 30.1, 75250, '2016-07-04 04:10:38', 2),
(346, 56, 'SalesManage', 97, 'Sales-07201604', 153, 'Sales-072016040153', -0, -40, -50, 0, -2000, 'Na', 30.1, 60200, '2016-07-04 05:11:44', 2),
(347, 56, 'SalesManage', 82, 'Sales-07201604', 154, 'Sales-072016040154', -0, -30, -50, 0, -1500, 'Na', 31.6, 47400, '2016-07-04 05:13:54', 2),
(348, 56, 'SalesManage', 92, 'Sales-07201604', 155, 'Sales-072016040155', -0, -15, -50, 0, -750, 'Na', 30.1, 22575, '2016-07-04 05:17:19', 2),
(349, 56, 'SalesManage', 94, 'Sales-07201604', 156, 'Sales-072016040156', -0, -5, -50, 0, -250, 'Na', 30.9, 7725, '2016-07-04 05:19:39', 2),
(351, 56, 'SalesManage', 89, 'Sales-07201604', 158, 'Sales-072016040158', -0, -20, -50, 0, -1000, 'Na', 30.1, 30100, '2016-07-04 05:36:19', 2),
(352, 55, 'SalesManage', 89, 'Sales-07201604', 158, 'Sales-072016040158', -0, -10, -50, 0, -500, 'Na', 31.1, 15550, '2016-07-04 05:36:19', 2),
(353, 56, 'SalesManage', 88, 'Sales-07201604', 159, 'Sales-072016040159', -0, -10, -50, 0, -500, 'Na', 30.1, 15050, '2016-07-04 05:40:00', 2),
(354, 56, 'SalesManage', 84, 'Sales-07201604', 160, 'Sales-072016040160', -0, -35, -50, 0, -1750, 'na', 30.8, 53900, '2016-07-04 10:29:12', 2),
(355, 56, 'SalesManage', 95, 'Sales-07201604', 161, 'Sales-072016040161', -0, -15, -50, 0, -750, 'Na', 30.8, 23100, '2016-07-04 10:31:13', 2),
(356, 56, 'SalesManage', 82, 'Sales-07201604', 162, 'Sales-072016040162', -0, -80, -50, 0, -4000, '05.07.16 Tarik Delivari hobe', 31.6, 126400, '2016-07-04 10:48:01', 2),
(357, 56, 'CustomManage', 0, 'Custom-07201604', 43, 'Custom-07201604043', 0, 67, 50, 0, 3350, 'Na', 0, 0, '2016-07-04 11:46:29', 2),
(358, 56, 'SalesManage', 102, 'Sales-07201611', 163, 'Sales-072016110163', -0, -10, -50, 0, -500, '05.07.16', 30.1, 15050, '2016-07-11 04:12:47', 2),
(359, 56, 'SalesManage', 102, 'Sales-07201611', 164, 'Sales-072016110164', -0, -10, -50, 0, -500, '08.07.16', 30.1, 15050, '2016-07-11 04:15:04', 2),
(360, 56, 'SalesManage', 102, 'Sales-07201611', 165, 'Sales-072016110165', -0, -20, -50, 0, -1000, '10.07.16', 30.1, 30100, '2016-07-11 04:16:55', 2),
(361, 56, 'SalesManage', 97, 'Sales-07201611', 166, 'Sales-072016110166', -0, -30, -50, 0, -1500, '06.07.16', 30.1, 45150, '2016-07-11 04:22:53', 2),
(362, 56, 'SalesManage', 97, 'Sales-07201611', 167, 'Sales-072016110167', -0, -25, -50, 0, -1250, '08.07.16', 30.1, 37625, '2016-07-11 04:24:08', 2),
(363, 56, 'SalesManage', 97, 'Sales-07201611', 168, 'Sales-072016110168', -0, -50, -50, 0, -2500, '10.07.16', 30.1, 75250, '2016-07-11 04:25:08', 2),
(364, 56, 'SalesManage', 83, 'Sales-07201611', 169, 'Sales-072016110169', -0, -20, -50, 0, -1000, '06.07.16', 30.1, 30100, '2016-07-11 04:27:18', 2),
(365, 56, 'SalesManage', 99, 'Sales-07201611', 170, 'Sales-072016110170', -0, -5, -50, 0, -250, '08.07.16', 30.1, 7525, '2016-07-11 04:29:47', 2),
(366, 56, 'SalesManage', 84, 'Sales-07201611', 171, 'Sales-072016110171', -0, -10, -50, 0, -500, '10.07.16', 30.8, 15400, '2016-07-11 04:31:37', 2),
(367, 56, 'SalesManage', 94, 'Sales-07201611', 172, 'Sales-072016110172', -0, -5, -50, 0, -250, '10.07.16', 30.9, 7725, '2016-07-11 04:33:34', 2),
(368, 86, 'SalesManage', 104, 'Sales-07201611', 173, 'Sales-072016110173', -0, -4, -25, 0, -100, '10.07.16', 26.2, 2620, '2016-07-11 04:35:30', 2),
(369, 56, 'SalesManage', 88, 'Sales-07201611', 174, 'Sales-072016110174', -0, -5, -50, 0, -250, '10.07.16', 30.1, 7525, '2016-07-11 04:36:44', 2),
(370, 56, 'SalesManage', 91, 'Sales-07201611', 175, 'Sales-072016110175', -0, -25, -50, 0, -1250, '10.07.16', 33, 41250, '2016-07-11 04:50:50', 2),
(371, 56, 'CustomManage', 0, 'Custom-07201611', 44, 'Custom-07201611044', 0, 180, 50, 0, 9000, '04.07.16', 0, 0, '2016-07-11 04:57:06', 2),
(372, 68, 'PurchaseManage', 61, 'Purchase-07201611', 6, 'Purchase-0720161106', 0, 209, 60, 0, 12540, '02.07.16', 18.1, 226974, '2016-07-11 05:05:37', 2),
(373, 56, 'SalesManage', 103, 'Sales-07201611', 176, 'Sales-072016110176', -0, -15, -50, 0, -750, 'na', 30.1, 22575, '2016-07-11 05:49:30', 2),
(374, 56, 'SalesManage', 113, 'Sales-07201611', 177, 'Sales-072016110177', -0, -50, -50, 0, -2500, 'na', 30.1, 75250, '2016-07-11 05:52:38', 2),
(375, 56, 'SalesManage', 87, 'Sales-07201611', 178, 'Sales-072016110178', -0, -10, -50, 0, -500, 'na', 30.1, 15050, '2016-07-11 05:58:24', 2),
(376, 63, 'SalesManage', 114, 'Sales-07201612', 179, 'Sales-072016120179', -0, -15, -25, 0, -375, 'na', 28, 10500, '2016-07-12 07:01:09', 2),
(377, 56, 'SalesManage', 84, 'Sales-07201612', 180, 'Sales-072016120180', -0, -15, -50, 0, -750, '11.07.16', 30.8, 23100, '2016-07-12 07:03:25', 2),
(378, 56, 'SalesManage', 92, 'Sales-07201612', 181, 'Sales-072016120181', -0, -10, -50, 0, -500, 'na', 30.1, 15050, '2016-07-12 07:08:19', 2),
(379, 56, 'SalesManage', 83, 'Sales-07201612', 182, 'Sales-072016120182', -0, -40, -50, 0, -2000, '11.07.16', 30.1, 60200, '2016-07-12 07:14:46', 2),
(380, 56, 'SalesManage', 89, 'Sales-07201612', 183, 'Sales-072016120183', -0, -10, -50, 0, -500, '11.07.16', 30.1, 15050, '2016-07-12 07:15:48', 2),
(381, 56, 'SalesManage', 88, 'Sales-07201612', 184, 'Sales-072016120184', -0, -5, -50, 0, -250, 'na', 30.1, 7525, '2016-07-12 07:16:58', 2),
(382, 56, 'SalesManage', 93, 'Sales-07201612', 185, 'Sales-072016120185', -0, -5, -50, 0, -250, '11.07.16', 30.1, 7525, '2016-07-12 07:23:42', 2),
(383, 56, 'SalesManage', 82, 'Sales-07201612', 186, 'Sales-072016120186', -0, -80, -50, 0, -4000, 'na', 31.6, 126400, '2016-07-12 07:27:47', 2),
(384, 56, 'SalesManage', 86, 'Sales-07201612', 187, 'Sales-072016120187', -0, -37, -50, 0, -1850, 'na', 30.8, 56980, '2016-07-12 07:31:04', 2),
(385, 56, 'SalesManage', 101, 'Sales-07201612', 188, 'Sales-072016120188', -0, -50, -50, 0, -2500, 'na', 30.1, 75250, '2016-07-12 07:32:28', 2),
(386, 56, 'CustomManage', 0, 'Custom-07201612', 45, 'Custom-07201612045', 0, 280, 50, 0, 14000, '11.07.16', 0, 0, '2016-07-12 09:12:08', 2),
(387, 55, 'CustomManage', 0, 'Custom-07201612', 46, 'Custom-07201612046', 0, 22, 50, 0, 1100, '04.07.16', 0, 0, '2016-07-12 09:14:05', 2),
(388, 55, 'SalesManage', 98, 'Sales-07201612', 189, 'Sales-072016120189', -0, -30, -50, 0, -1500, '11.07.16', 31, 46500, '2016-07-12 09:18:46', 2),
(389, 56, 'SalesManage', 98, 'Sales-07201612', 189, 'Sales-072016120189', -0, -15, -50, 0, -750, '11.07.16', 30.1, 22575, '2016-07-12 09:18:46', 2),
(390, 56, 'SalesManage', 95, 'Sales-07201612', 190, 'Sales-072016120190', -0, -5, -50, 0, -250, 'na', 30.8, 7700, '2016-07-12 12:51:30', 2),
(391, 56, 'SalesManage', 95, 'Sales-07201612', 191, 'Sales-072016120191', -0, -6, -50, 0, -300, '08.07.16', 30.8, 9240, '2016-07-12 12:53:58', 2),
(392, 56, 'SalesManage', 99, 'Sales-07201612', 192, 'Sales-072016120192', -0, -5, -50, 0, -250, 'na', 30.1, 7525, '2016-07-12 12:58:02', 2),
(393, 56, 'CustomManage', 0, 'Custom-07201613', 47, 'Custom-07201613047', 0, 179, 50, 0, 8950, '12.07.16', 0, 0, '2016-07-13 04:32:03', 2),
(394, 56, 'SalesManage', 94, 'Sales-07201614', 193, 'Sales-072016140193', -0, -5, -50, 0, -250, '12.07.16', 30.9, 7725, '2016-07-14 05:32:29', 2),
(395, 86, 'SalesManage', 105, 'Sales-07201614', 194, 'Sales-072016140194', -0, -10, -25, 0, -250, '13.07.16', 26.2, 6550, '2016-07-14 05:38:26', 2),
(396, 55, 'SalesManage', 98, 'Sales-07201614', 195, 'Sales-072016140195', -0, -30, -50, 0, -1500, '13.07.16', 31, 46500, '2016-07-14 05:40:10', 2),
(397, 56, 'SalesManage', 82, 'Sales-07201614', 196, 'Sales-072016140196', -0, -20, -50, 0, -1000, '13.07.16', 31.6, 31600, '2016-07-14 05:45:05', 2),
(398, 56, 'SalesManage', 89, 'Sales-07201614', 197, 'Sales-072016140197', -0, -10, -50, 0, -500, '13.07.16', 30.1, 15050, '2016-07-14 05:46:31', 2),
(399, 55, 'SalesManage', 89, 'Sales-07201614', 197, 'Sales-072016140197', -0, -10, -50, 0, -500, '13.07.16', 31.1, 15550, '2016-07-14 05:46:31', 2),
(400, 56, 'SalesManage', 93, 'Sales-07201614', 198, 'Sales-072016140198', -0, -10, -50, 0, -500, '13.07.16', 30.1, 15050, '2016-07-14 05:48:37', 2),
(401, 56, 'SalesManage', 97, 'Sales-07201614', 199, 'Sales-072016140199', -0, -50, -50, 0, -2500, '13.07.16', 30.1, 75250, '2016-07-14 05:49:41', 2),
(402, 56, 'SalesManage', 84, 'Sales-07201614', 200, 'Sales-072016140200', -0, -20, -50, 0, -1000, 'na', 30.8, 30800, '2016-07-14 11:52:13', 2),
(403, 56, 'SalesManage', 95, 'Sales-07201614', 201, 'Sales-072016140201', -0, -8, -50, 0, -400, 'NA', 30.8, 12320, '2016-07-14 11:55:24', 2),
(404, 56, 'SalesManage', 88, 'Sales-07201614', 202, 'Sales-072016140202', -0, -10, -50, 0, -500, 'NA', 30.1, 15050, '2016-07-14 11:56:31', 2),
(405, 56, 'CustomManage', 0, 'Custom-07201615', 48, 'Custom-07201615048', 0, 120, 50, 0, 6000, '13.07.16', 0, 0, '2016-07-15 04:16:20', 2),
(406, 56, 'SalesManage', 99, 'Sales-07201615', 203, 'Sales-072016150203', -0, -10, -50, 0, -500, 'Vul Sonsodon Kora Holo', 30.1, 15050, '2016-07-15 04:24:27', 2),
(407, 56, 'CustomManage', 0, 'Custom-07201615', 49, 'Custom-07201615049', 0, 68, 50, 0, 3400, '14.07.16', 0, 0, '2016-07-15 04:26:07', 2),
(408, 56, 'SalesManage', 91, 'Sales-07201615', 204, 'Sales-072016150204', -0, -15, -50, 0, -750, 'na', 33, 24750, '2016-07-15 12:16:06', 2),
(409, 56, 'SalesManage', 94, 'Sales-07201615', 205, 'Sales-072016150205', -0, -5, -50, 0, -250, 'na', 30.9, 7725, '2016-07-15 12:17:50', 2),
(410, 56, 'SalesManage', 82, 'Sales-07201615', 206, 'Sales-072016150206', -0, -20, -50, 0, -1000, 'khanubari', 31.6, 31600, '2016-07-15 12:19:02', 2),
(411, 56, 'SalesManage', 92, 'Sales-07201615', 207, 'Sales-072016150207', -0, -10, -50, 0, -500, 'na', 30.1, 15050, '2016-07-15 12:22:10', 2),
(412, 56, 'SalesManage', 87, 'Sales-07201615', 208, 'Sales-072016150208', -0, -10, -50, 0, -500, 'na', 30.1, 15050, '2016-07-15 12:23:46', 2),
(413, 55, 'CustomManage', 0, 'Custom-07201615', 50, 'Custom-07201615050', 0, 43, 50, 0, 2150, '13.07.16', 0, 0, '2016-07-15 12:28:18', 2),
(414, 56, 'SalesManage', 82, 'Sales-07201615', 209, 'Sales-072016150209', -0, -80, -50, 0, -4000, 'Na', 31.6, 126400, '2016-07-15 13:02:51', 2),
(415, 56, 'CustomManage', 0, 'Custom-07201616', 51, 'Custom-07201616051', 0, 111, 50, 0, 5550, '15.07.16', 0, 0, '2016-07-16 10:04:46', 2),
(416, 56, 'SalesManage', 94, 'Sales-07201616', 210, 'Sales-072016160210', -0, -5, -50, 0, -250, 'dim babod joma 17220', 30.9, 7725, '2016-07-16 12:27:15', 2),
(417, 56, 'SalesManage', 97, 'Sales-07201617', 211, 'Sales-072016170211', -0, -50, -50, 0, -2500, 'na', 30.1, 75250, '2016-07-17 12:11:19', 2),
(418, 56, 'SalesManage', 84, 'Sales-07201617', 212, 'Sales-072016170212', -0, -15, -50, 0, -750, 'na', 30.8, 23100, '2016-07-17 12:14:06', 2),
(419, 56, 'SalesManage', 89, 'Sales-07201617', 213, 'Sales-072016170213', -0, -10, -50, 0, -500, 'na', 30.1, 15050, '2016-07-17 12:15:13', 2),
(420, 56, 'SalesManage', 95, 'Sales-07201617', 214, 'Sales-072016170214', -0, -10, -50, 0, -500, 'na', 30.8, 15400, '2016-07-17 12:16:50', 2),
(421, 56, 'SalesManage', 103, 'Sales-07201617', 215, 'Sales-072016170215', -0, -5, -50, 0, -250, 'na', 30.1, 7525, '2016-07-17 12:17:54', 2),
(422, 86, 'SalesManage', 108, 'Sales-07201617', 216, 'Sales-072016170216', -0, -10, -25, 0, -250, 'na', 26.2, 6550, '2016-07-17 12:19:04', 2),
(423, 86, 'SalesManage', 106, 'Sales-07201617', 217, 'Sales-072016170217', -0, -5, -25, 0, -125, 'na', 26.2, 3275, '2016-07-17 12:21:10', 2),
(424, 56, 'CustomManage', 0, 'Custom-07201617', 52, 'Custom-07201617052', 0, 127, 50, 0, 6350, '16.07.16', 0, 0, '2016-07-17 12:29:58', 2),
(425, 56, 'SalesManage', 113, 'Sales-07201619', 218, 'Sales-072016190218', -0, -50, -50, 0, -2500, '18.07.16', 30.1, 75250, '2016-07-19 08:57:24', 2),
(426, 56, 'SalesManage', 91, 'Sales-07201619', 219, 'Sales-072016190219', -0, -20, -50, 0, -1000, '08.07.16', 33, 33000, '2016-07-19 09:00:08', 2),
(427, 56, 'SalesManage', 93, 'Sales-07201619', 220, 'Sales-072016190220', -0, -10, -50, 0, -500, '18.07.16', 30.1, 15050, '2016-07-19 09:02:32', 2),
(428, 56, 'SalesManage', 86, 'Sales-07201619', 221, 'Sales-072016190221', -0, -37, -50, 0, -1850, '18.07.16', 30.8, 56980, '2016-07-19 09:04:22', 2),
(429, 56, 'SalesManage', 83, 'Sales-07201619', 222, 'Sales-072016190222', -0, -40, -50, 0, -2000, '18.07.16', 30.1, 60200, '2016-07-19 09:07:28', 2),
(430, 56, 'SalesManage', 102, 'Sales-07201619', 223, 'Sales-072016190223', -0, -10, -50, 0, -500, '18.07.16', 30.1, 15050, '2016-07-19 09:10:34', 2),
(431, 56, 'SalesManage', 88, 'Sales-07201619', 224, 'Sales-072016190224', -0, -10, -50, 0, -500, '18.07.16', 30.1, 15050, '2016-07-19 09:11:57', 2),
(432, 56, 'SalesManage', 82, 'Sales-07201619', 225, 'Sales-072016190225', -0, -20, -50, 0, -1000, '18.07.16', 31.6, 31600, '2016-07-19 09:13:27', 2),
(433, 56, 'CustomManage', 0, 'Custom-07201619', 53, 'Custom-07201619053', 0, 403, 50, 0, 20150, '18.07.16', 0, 0, '2016-07-19 09:16:23', 2),
(434, 56, 'SalesManage', 98, 'Sales-07201619', 226, 'Sales-072016190226', -0, -30, -50, 0, -1500, '18.07.16 Taka joma', 30.1, 45150, '2016-07-19 09:27:22', 2),
(435, 55, 'SalesManage', 98, 'Sales-07201619', 226, 'Sales-072016190226', -0, -15, -50, 0, -750, '18.07.16 Taka joma', 31, 23250, '2016-07-19 09:27:22', 2),
(436, 56, 'SalesManage', 99, 'Sales-07201619', 227, 'Sales-072016190227', -0, -10, -50, 0, -500, 'na', 30.1, 15050, '2016-07-19 09:29:35', 2),
(437, 56, 'SalesManage', 92, 'Sales-07201619', 228, 'Sales-072016190228', -0, -10, -50, 0, -500, '18.07.16 taka joma', 30.1, 15050, '2016-07-19 09:30:59', 2),
(438, 56, 'SalesManage', 116, 'Sales-07201619', 229, 'Sales-072016190229', -0, -10, -50, 0, -500, 'Na', 30.1, 15050, '2016-07-19 10:27:28', 2),
(439, 55, 'SalesManage', 89, 'Sales-07201619', 230, 'Sales-072016190230', -0, -6, -50, 0, -300, 'na', 31.1, 9330, '2016-07-19 10:28:33', 2),
(440, 56, 'SalesManage', 103, 'Sales-07201619', 231, 'Sales-072016190231', -0, -8, -50, 0, -400, 'na', 30.1, 12040, '2016-07-19 10:56:32', 2),
(441, 56, 'SalesManage', 87, 'Sales-07201620', 232, 'Sales-072016200232', -0, -10, -50, 0, -500, 'na', 30.1, 15050, '2016-07-20 03:28:35', 2),
(442, 56, 'SalesManage', 103, 'Sales-07201620', 233, 'Sales-072016200233', -0, -5, -50, 0, -250, 'na', 30.1, 7525, '2016-07-20 03:29:51', 2),
(443, 55, 'CustomManage', 0, 'Custom-07201620', 54, 'Custom-07201620054', 0, 21, 50, 0, 1050, '19.07.16', 0, 0, '2016-07-20 03:33:13', 2),
(444, 86, 'CustomManage', 0, 'Custom-07201620', 55, 'Custom-07201620055', 0, 53, 25, 0, 1325, '19.07.16', 0, 0, '2016-07-20 03:34:26', 2),
(445, 86, 'CustomManage', 0, 'Custom-07201620', 56, 'Custom-07201620056', 0, 53, 25, 0, 1325, '17.07.16', 0, 0, '2016-07-20 03:39:01', 2),
(446, 86, 'SalesManage', 117, 'Sales-07201620', 234, 'Sales-072016200234', -0, -2, -25, 0, -50, '18.07.16', 26.2, 1310, '2016-07-20 03:47:30', 2),
(447, 86, 'SalesManage', 115, 'Sales-07201620', 235, 'Sales-072016200235', -0, -14, -25, 0, -350, '15.07.16', 26.2, 9170, '2016-07-20 03:54:35', 2),
(448, 63, 'SalesManage', 115, 'Sales-07201620', 235, 'Sales-072016200235', -0, -25, -25, 0, -625, '15.07.16', 28.4, 17750, '2016-07-20 03:54:35', 2),
(449, 56, 'SalesManage', 82, 'Sales-07201620', 236, 'Sales-072016200236', -0, -80, -50, 0, -4000, 'na', 31.6, 126400, '2016-07-20 10:48:04', 2),
(450, 56, 'SalesManage', 82, 'Sales-07201620', 237, 'Sales-072016200237', -0, -10, -50, 0, -500, 'Khanubari', 31.6, 15800, '2016-07-20 10:49:09', 2),
(451, 56, 'SalesManage', 89, 'Sales-07201620', 238, 'Sales-072016200238', -0, -10, -50, 0, -500, 'na', 30.1, 15050, '2016-07-20 10:59:13', 2),
(452, 56, 'SalesManage', 84, 'Sales-07201620', 239, 'Sales-072016200239', -0, -10, -50, 0, -500, 'na', 30.8, 15400, '2016-07-20 11:00:17', 2),
(453, 56, 'SalesManage', 95, 'Sales-07201620', 240, 'Sales-072016200240', -0, -3, -50, 0, -150, 'na', 30.8, 4620, '2016-07-20 11:01:19', 2),
(454, 56, 'SalesManage', 94, 'Sales-07201620', 241, 'Sales-072016200241', -0, -10, -50, 0, -500, 'na', 30.9, 15450, '2016-07-20 11:05:00', 2),
(455, 56, 'SalesManage', 97, 'Sales-07201620', 242, 'Sales-072016200242', -0, -16, -50, 0, -800, 'na', 30.1, 24080, '2016-07-20 11:11:01', 2),
(456, 68, 'PurchaseManage', 61, 'Purchase-07201620', 7, 'Purchase-0720162007', 0, 104, 60, 0, 6240, '12.07.16', 18.5, 115440, '2016-07-20 12:22:47', 2),
(457, 56, 'SalesManage', 102, 'Sales-07201621', 243, 'Sales-072016210243', -0, -10, -50, 0, -500, 'Na', 30.1, 15050, '2016-07-21 10:50:19', 2),
(458, 56, 'SalesManage', 82, 'Sales-07201621', 244, 'Sales-072016210244', -0, -30, -50, 0, -1500, 'na', 31.6, 47400, '2016-07-21 10:53:53', 2),
(459, 56, 'SalesManage', 97, 'Sales-07201621', 245, 'Sales-072016210245', -0, -34, -50, 0, -1700, 'na', 30.1, 51170, '2016-07-21 11:03:41', 2),
(460, 56, 'SalesManage', 84, 'Sales-07201622', 246, 'Sales-072016220246', -0, -20, -50, 0, -1000, 'na', 30.8, 30800, '2016-07-22 13:22:12', 2);
INSERT INTO `product_accounts` (`id`, `pd_id`, `order_sales_manage_status`, `supplier_customerid`, `osm_content_code`, `osm_id`, `osm_fulll_id`, `stock_kg`, `stock_bag`, `bag_size`, `unit_number`, `total_kg`, `nots`, `auto_sales_pursess_unit_price`, `total_price`, `create_date`, `insert_id`) VALUES
(461, 56, 'SalesManage', 95, 'Sales-07201622', 247, 'Sales-072016220247', -0, -10, -50, 0, -500, 'na', 30.8, 15400, '2016-07-22 13:23:34', 2),
(462, 56, 'SalesManage', 91, 'Sales-07201622', 248, 'Sales-072016220248', -0, -20, -50, 0, -1000, 'na', 33, 33000, '2016-07-22 13:25:17', 2),
(463, 56, 'SalesManage', 93, 'Sales-07201622', 249, 'Sales-072016220249', -0, -10, -50, 0, -500, 'na', 30.1, 15050, '2016-07-22 13:29:11', 2),
(464, 56, 'CustomManage', 0, 'Custom-07201622', 57, 'Custom-07201622057', 0, 105, 50, 0, 5250, 'na', 0, 0, '2016-07-22 13:46:44', 2),
(465, 55, 'CustomManage', 0, 'Custom-07201622', 58, 'Custom-07201622058', 0, 11, 50, 0, 550, 'na', 0, 0, '2016-07-22 13:47:08', 2),
(466, 56, 'SalesManage', 101, 'Sales-07201623', 250, 'Sales-072016230250', -0, -50, -50, 0, -2500, 'NA', 30.1, 75250, '2016-07-23 12:14:49', 2),
(467, 56, 'SalesManage', 88, 'Sales-07201623', 251, 'Sales-072016230251', -0, -10, -50, 0, -500, 'NA', 30.1, 15050, '2016-07-23 12:17:13', 2),
(468, 55, 'SalesManage', 89, 'Sales-07201623', 252, 'Sales-072016230252', -0, -10, -50, 0, -500, 'NA', 31.1, 15550, '2016-07-23 12:19:18', 2),
(469, 56, 'SalesManage', 92, 'Sales-07201623', 253, 'Sales-072016230253', -0, -5, -50, 0, -250, 'NA', 30.1, 7525, '2016-07-23 12:20:00', 2),
(470, 56, 'SalesManage', 99, 'Sales-07201623', 254, 'Sales-072016230254', -0, -5, -50, 0, -250, 'NA', 30.1, 7525, '2016-07-23 12:20:40', 2),
(471, 56, 'SalesManage', 116, 'Sales-07201623', 255, 'Sales-072016230255', -0, -10, -50, 0, -500, 'NA', 30.1, 15050, '2016-07-23 12:21:18', 2),
(472, 56, 'SalesManage', 97, 'Sales-07201624', 256, 'Sales-072016240256', -0, -50, -50, 0, -2500, 'Na', 30.1, 75250, '2016-07-24 09:53:01', 2),
(473, 56, 'SalesManage', 98, 'Sales-07201624', 257, 'Sales-072016240257', -0, -30, -50, 0, -1500, 'na', 31.1, 46650, '2016-07-24 12:03:15', 2),
(474, 55, 'SalesManage', 98, 'Sales-07201624', 257, 'Sales-072016240257', -0, -15, -50, 0, -750, 'na', 32, 24000, '2016-07-24 12:03:15', 2),
(475, 56, 'SalesManage', 95, 'Sales-07201624', 258, 'Sales-072016240258', -0, -10, -50, 0, -500, 'na', 30.8, 15400, '2016-07-24 12:14:49', 2),
(476, 53, 'SalesManage', 95, 'Sales-07201624', 259, 'Sales-072016240259', -0, -21, -50, 0, -1050, 'Ager Layer Stater diye sonsodon Kora holo', 36.3, 38115, '2016-07-24 12:17:27', 2),
(477, 54, 'SalesManage', 95, 'Sales-07201624', 259, 'Sales-072016240259', -0, -10, -50, 0, -500, 'Ager Layer Stater diye sonsodon Kora holo', 34.5, 17250, '2016-07-24 12:17:27', 2),
(478, 56, 'SalesManage', 84, 'Sales-07201624', 260, 'Sales-072016240260', -0, -20, -50, 0, -1000, 'Na', 30.8, 30800, '2016-07-24 12:19:04', 2),
(479, 56, 'SalesManage', 89, 'Sales-07201624', 261, 'Sales-072016240261', -0, -10, -50, 0, -500, 'na', 30.1, 15050, '2016-07-24 12:21:12', 2),
(480, 56, 'SalesManage', 87, 'Sales-07201624', 262, 'Sales-072016240262', -0, -10, -50, 0, -500, 'na', 30.1, 15050, '2016-07-24 12:22:05', 2),
(481, 56, 'SalesManage', 103, 'Sales-07201624', 263, 'Sales-072016240263', -0, -10, -50, 0, -500, 'na', 30.1, 15050, '2016-07-24 12:23:00', 2),
(482, 56, 'CustomManage', 0, 'Custom-07201625', 59, 'Custom-07201625059', 0, 278, 50, 0, 13900, '24.07.16', 0, 0, '2016-07-25 08:26:09', 2),
(483, 56, 'SalesManage', 113, 'Sales-07201625', 264, 'Sales-072016250264', -0, -50, -50, 0, -2500, '24.07.16', 30.1, 75250, '2016-07-25 08:30:03', 2),
(484, 56, 'SalesManage', 94, 'Sales-07201625', 265, 'Sales-072016250265', -0, -6, -50, 0, -300, 'na', 31.9, 9570, '2016-07-25 12:29:04', 2),
(485, 56, 'SalesManage', 99, 'Sales-07201625', 266, 'Sales-072016250266', -0, -5, -50, 0, -250, 'na', 31.1, 7775, '2016-07-25 12:30:49', 2),
(486, 56, 'SalesManage', 91, 'Sales-07201625', 267, 'Sales-072016250267', -0, -10, -50, 0, -500, 'na', 34, 17000, '2016-07-25 12:32:48', 2),
(487, 56, 'SalesManage', 86, 'Sales-07201625', 268, 'Sales-072016250268', -0, -10, -50, 0, -500, 'na', 31.6, 15800, '2016-07-25 12:35:45', 2),
(488, 56, 'SalesManage', 102, 'Sales-07201625', 269, 'Sales-072016250269', -0, -10, -50, 0, -500, 'na', 31.1, 15550, '2016-07-25 12:37:38', 2),
(489, 56, 'SalesManage', 82, 'Sales-07201625', 270, 'Sales-072016250270', -0, -30, -50, 0, -1500, 'Khanubari', 31.6, 47400, '2016-07-25 12:45:02', 2),
(490, 56, 'SalesManage', 82, 'Sales-07201625', 271, 'Sales-072016250271', -0, -60, -50, 0, -3000, '22.07.16 Taka joma', 31.6, 94800, '2016-07-25 12:48:00', 2),
(491, 55, 'CustomManage', 0, 'Custom-07201625', 60, 'Custom-07201625060', 0, 21, 50, 0, 1050, '23.07.16', 0, 0, '2016-07-25 12:50:22', 2),
(492, 56, 'CustomManage', 0, 'Custom-07201626', 61, 'Custom-07201626061', 0, 85, 50, 0, 4250, 'Na', 0, 0, '2016-07-26 12:52:16', 2),
(493, 56, 'SalesManage', 92, 'Sales-07201626', 272, 'Sales-072016260272', -0, -10, -50, 0, -500, 'Na', 31.1, 15550, '2016-07-26 12:53:15', 2),
(494, 56, 'CustomManage', 0, 'Custom-07201627', 62, 'Custom-07201627062', 0, 170, 50, 0, 8500, 'Na', 0, 0, '2016-07-27 10:24:10', 2),
(495, 56, 'SalesManage', 91, 'Sales-07201627', 273, 'Sales-072016270273', -0, -10, -50, 0, -500, 'na', 34, 17000, '2016-07-27 10:29:05', 2),
(496, 56, 'SalesManage', 93, 'Sales-07201627', 274, 'Sales-072016270274', -0, -10, -50, 0, -500, 'na', 31.1, 15550, '2016-07-27 10:30:33', 2),
(497, 56, 'SalesManage', 94, 'Sales-07201627', 275, 'Sales-072016270275', -0, -7, -50, 0, -350, 'Na', 31.9, 11165, '2016-07-27 10:32:23', 2),
(498, 56, 'SalesManage', 99, 'Sales-07201627', 276, 'Sales-072016270276', -0, -5, -50, 0, -250, 'na', 31.1, 7775, '2016-07-27 10:36:28', 2),
(499, 56, 'SalesManage', 97, 'Sales-07201627', 277, 'Sales-072016270277', -0, -50, -50, 0, -2500, 'na', 31.1, 77750, '2016-07-27 10:38:04', 2),
(500, 56, 'SalesManage', 86, 'Sales-07201627', 278, 'Sales-072016270278', -0, -27, -50, 0, -1350, 'na', 31.6, 42660, '2016-07-27 11:59:27', 2),
(501, 56, 'SalesManage', 82, 'Sales-07201628', 279, 'Sales-072016280279', -0, -50, -50, 0, -2500, '27.07.16', 32.6, 81500, '2016-07-28 04:13:48', 2),
(502, 56, 'SalesManage', 89, 'Sales-07201628', 280, 'Sales-072016280280', -0, -10, -50, 0, -500, '27.07.16', 31.1, 15550, '2016-07-28 04:17:47', 2),
(503, 55, 'SalesManage', 89, 'Sales-07201628', 280, 'Sales-072016280280', -0, -10, -50, 0, -500, '27.07.16', 32.1, 16050, '2016-07-28 04:17:47', 2),
(504, 56, 'SalesManage', 88, 'Sales-07201628', 281, 'Sales-072016280281', -0, -5, -50, 0, -250, 'Na', 31.1, 7775, '2016-07-28 04:22:25', 2),
(505, 56, 'SalesManage', 87, 'Sales-07201628', 282, 'Sales-072016280282', -0, -10, -50, 0, -500, ' na', 31.1, 15550, '2016-07-28 12:03:39', 2),
(506, 56, 'SalesManage', 84, 'Sales-07201628', 283, 'Sales-072016280283', -0, -15, -50, 0, -750, 'na', 31.8, 23850, '2016-07-28 12:10:51', 2),
(507, 56, 'SalesManage', 95, 'Sales-07201628', 284, 'Sales-072016280284', -0, -10, -50, 0, -500, 'na', 31.8, 15900, '2016-07-28 12:12:33', 2),
(508, 56, 'SalesManage', 102, 'Sales-07201628', 285, 'Sales-072016280285', -0, -12, -50, 0, -600, 'na', 31.1, 18660, '2016-07-28 12:14:40', 2),
(509, 55, 'CustomManage', 0, 'Custom-07201628', 63, 'Custom-07201628063', 0, 20, 50, 0, 1000, '27.07.16', 0, 0, '2016-07-28 12:18:24', 2),
(510, 56, 'CustomManage', 0, 'Custom-07201629', 64, 'Custom-07201629064', 0, 84, 50, 0, 4200, '28.07.16', 0, 0, '2016-07-29 08:26:06', 2),
(511, 56, 'SalesManage', 103, 'Sales-07201629', 286, 'Sales-072016290286', -0, -10, -50, 0, -500, 'na', 31.1, 15550, '2016-07-29 08:27:17', 2),
(512, 56, 'SalesManage', 84, 'Sales-07201630', 287, 'Sales-072016300287', -0, -15, -50, 0, -750, '29.07.16', 31.8, 23850, '2016-07-30 08:29:58', 2),
(513, 56, 'SalesManage', 95, 'Sales-07201630', 288, 'Sales-072016300288', -0, -10, -50, 0, -500, '29.07.16', 31.8, 15900, '2016-07-30 08:31:21', 2),
(514, 56, 'SalesManage', 88, 'Sales-07201630', 289, 'Sales-072016300289', -0, -5, 0, 0, -0, '29.07.16', 0, 0, '2016-07-30 08:33:15', 2),
(515, 56, 'SalesManage', 89, 'Sales-07201630', 290, 'Sales-072016300290', -0, -10, -50, 0, -500, '29.07.16', 31.1, 15550, '2016-07-30 08:36:56', 2),
(516, 56, 'SalesManage', 116, 'Sales-07201630', 291, 'Sales-072016300291', -0, -10, -50, 0, -500, '29.07.16', 31.1, 15550, '2016-07-30 08:38:03', 2),
(517, 56, 'SalesManage', 91, 'Sales-07201630', 292, 'Sales-072016300292', -0, -20, -50, 0, -1000, 'na', 34, 34000, '2016-07-30 08:39:34', 2),
(518, 56, 'SalesManage', 98, 'Sales-07201630', 293, 'Sales-072016300293', -0, -35, -50, 0, -1750, 'na', 31.1, 54425, '2016-07-30 08:41:55', 2),
(519, 55, 'SalesManage', 98, 'Sales-07201630', 293, 'Sales-072016300293', -0, -10, -50, 0, -500, 'na', 32, 16000, '2016-07-30 08:41:55', 2),
(520, 56, 'SalesManage', 97, 'Sales-07201630', 294, 'Sales-072016300294', -0, -50, -50, 0, -2500, 'na', 31.1, 77750, '2016-07-30 08:43:24', 2),
(521, 56, 'SalesManage', 83, 'Sales-07201631', 295, 'Sales-072016310295', -0, -40, -50, 0, -2000, 'na', 31.1, 62200, '2016-07-31 07:08:14', 2),
(522, 56, 'SalesManage', 99, 'Sales-07201631', 296, 'Sales-072016310296', -0, -10, -50, 0, -500, '30.07.16', 31.1, 15550, '2016-07-31 07:09:24', 2),
(523, 56, 'SalesManage', 113, 'Sales-07201631', 297, 'Sales-072016310297', -0, -50, -50, 0, -2500, 'na', 31.1, 77750, '2016-07-31 07:11:21', 2),
(524, 56, 'CustomManage', 0, 'Custom-07201631', 65, 'Custom-07201631065', 0, 279, 50, 0, 13950, '30.07.16', 0, 0, '2016-07-31 07:24:08', 2),
(525, 56, 'SalesManage', 102, 'Sales-07201631', 298, 'Sales-072016310298', -0, -10, -50, 0, -500, 'na', 31.1, 15550, '2016-07-31 07:24:50', 2),
(526, 56, 'SalesManage', 93, 'Sales-07201631', 299, 'Sales-072016310299', -0, -10, -50, 0, -500, 'na', 31.1, 15550, '2016-07-31 07:25:59', 2),
(527, 56, 'SalesManage', 84, 'Sales-07201631', 300, 'Sales-072016310300', -0, -10, -50, 0, -500, 'na', 31.8, 15900, '2016-07-31 07:27:01', 2),
(528, 56, 'SalesManage', 82, 'Sales-08201601', 301, 'Sales-082016010301', -0, -25, -50, 0, -1250, '31.07.16', 32.6, 40750, '2016-08-01 10:55:56', 2),
(529, 56, 'SalesManage', 118, 'Sales-08201601', 302, 'Sales-082016010302', -0, -10, -50, 0, -500, '30.07.16', 31.1, 15550, '2016-08-01 11:06:00', 2),
(530, 86, 'SalesManage', 115, 'Sales-08201601', 303, 'Sales-082016010303', -0, -41, -25, 0, -1025, '31.07.16', 26.2, 26855, '2016-08-01 11:07:59', 2),
(531, 56, 'SalesManage', 98, 'Sales-08201601', 304, 'Sales-082016010304', -0, -35, -50, 0, -1750, 'Na', 31.1, 54425, '2016-08-01 11:12:27', 2),
(532, 55, 'SalesManage', 98, 'Sales-08201601', 304, 'Sales-082016010304', -0, -10, -50, 0, -500, 'Na', 32, 16000, '2016-08-01 11:12:27', 2),
(533, 56, 'SalesManage', 82, 'Sales-08201601', 305, 'Sales-082016010305', -0, -10, -50, 0, -500, 'Shirajkandi', 32.6, 16300, '2016-08-01 11:15:37', 2),
(534, 56, 'SalesManage', 82, 'Sales-08201601', 306, 'Sales-082016010306', -0, -20, -50, 0, -1000, 'khanubari', 32.6, 32600, '2016-08-01 11:16:15', 2),
(535, 68, 'PurchaseManage', 61, 'Purchase-08201601', 8, 'Purchase-0820160108', 0, 540, 60, 0, 32400, '23.07.16 Gor thake ', 19.25, 623700, '2016-08-01 11:22:08', 2),
(536, 68, 'PurchaseManage', 61, 'Purchase-08201601', 9, 'Purchase-0820160109', 0, 109, 60, 0, 6540, '24.07.16 Nowka thake ', 19.25, 125895, '2016-08-01 11:23:24', 2),
(537, 56, 'SalesManage', 87, 'Sales-08201602', 307, 'Sales-082016020307', -0, -10, -50, 0, -500, 'na', 31.1, 15550, '2016-08-02 12:36:44', 2),
(538, 56, 'SalesManage', 86, 'Sales-08201602', 308, 'Sales-082016020308', -0, -37, -50, 0, -1850, 'na', 31.6, 58460, '2016-08-02 12:38:13', 2),
(539, 56, 'SalesManage', 82, 'Sales-08201602', 309, 'Sales-082016020309', -0, -20, -50, 0, -1000, 'na', 32.6, 32600, '2016-08-02 12:46:09', 2),
(540, 56, 'SalesManage', 103, 'Sales-08201602', 310, 'Sales-082016020310', -0, -15, -50, 0, -750, '8 bag 02.08.16 delivary', 31.1, 23325, '2016-08-02 12:47:45', 2),
(541, 56, 'SalesManage', 91, 'Sales-08201602', 311, 'Sales-082016020311', -0, -15, -50, 0, -750, 'na', 34, 25500, '2016-08-02 12:56:14', 2),
(542, 56, 'CustomManage', 0, 'Custom-08201602', 66, 'Custom-08201602066', 0, 299, 50, 0, 14950, '01.08.16', 0, 0, '2016-08-02 13:01:24', 2),
(543, 56, 'SalesManage', 88, 'Sales-08201602', 312, 'Sales-082016020312', -0, -10, -50, 0, -500, '01.08.16', 31.1, 15550, '2016-08-02 13:10:03', 2),
(544, 56, 'SalesManage', 97, 'Sales-08201603', 313, 'Sales-082016030313', -0, -20, -50, 0, -1000, 'na', 31.1, 31100, '2016-08-03 11:39:34', 2),
(545, 56, 'SalesManage', 84, 'Sales-08201603', 314, 'Sales-082016030314', -0, -10, -50, 0, -500, 'na', 31.8, 15900, '2016-08-03 11:40:41', 2),
(546, 56, 'SalesManage', 95, 'Sales-08201603', 315, 'Sales-082016030315', -0, -5, -50, 0, -250, 'na', 31.8, 7950, '2016-08-03 11:43:04', 2),
(547, 56, 'SalesManage', 95, 'Sales-08201603', 316, 'Sales-082016030316', -0, -5, -50, 0, -250, '31.07.16', 31.8, 7950, '2016-08-03 11:50:32', 2),
(548, 56, 'SalesManage', 82, 'Sales-08201603', 317, 'Sales-082016030317', -0, -20, -50, 0, -1000, 'Sirajkandi', 32.6, 32600, '2016-08-03 12:03:00', 2),
(549, 56, 'SalesManage', 82, 'Sales-08201603', 318, 'Sales-082016030318', -0, -40, -50, 0, -2000, 'khanubari', 32.6, 65200, '2016-08-03 12:03:37', 2),
(550, 54, 'SalesManage', 95, 'Sales-08201603', 319, 'Sales-082016030319', -0, -10, -50, 0, -500, 'na', 35.5, 17750, '2016-08-03 12:58:22', 2),
(551, 56, 'SalesManage', 118, 'Sales-08201604', 320, 'Sales-082016040320', -0, -10, -50, 0, -500, 'na', 31.1, 15550, '2016-08-04 12:53:13', 2),
(552, 56, 'SalesManage', 87, 'Sales-08201604', 321, 'Sales-082016040321', -0, -10, -50, 0, -500, 'Na', 31.1, 15550, '2016-08-04 12:54:49', 2),
(553, 56, 'SalesManage', 98, 'Sales-08201604', 322, 'Sales-082016040322', -0, -35, -50, 0, -1750, 'na', 31.1, 54425, '2016-08-04 12:56:20', 2),
(554, 55, 'SalesManage', 98, 'Sales-08201604', 322, 'Sales-082016040322', -0, -10, -50, 0, -500, 'na', 32, 16000, '2016-08-04 12:56:20', 2),
(555, 56, 'SalesManage', 99, 'Sales-08201604', 323, 'Sales-082016040323', -0, -10, -50, 0, -500, 'na', 31.1, 15550, '2016-08-04 12:57:37', 2),
(556, 56, 'SalesManage', 93, 'Sales-08201604', 324, 'Sales-082016040324', -0, -10, -50, 0, -500, 'na', 31.1, 15550, '2016-08-04 12:58:28', 2),
(557, 56, 'SalesManage', 82, 'Sales-08201604', 325, 'Sales-082016040325', -0, -20, -50, 0, -1000, 'sirajkandi', 32.6, 32600, '2016-08-04 13:01:04', 2),
(558, 56, 'CustomManage', 0, 'Custom-08201604', 67, 'Custom-08201604067', 0, 44, 50, 0, 2200, '03.08.16', 0, 0, '2016-08-04 13:02:06', 2),
(559, 56, 'SalesManage', 88, 'Sales-08201605', 326, 'Sales-082016050326', -0, -20, -50, 0, -1000, 'na', 31.1, 31100, '2016-08-05 13:08:18', 2),
(560, 56, 'SalesManage', 82, 'Sales-08201605', 327, 'Sales-082016050327', -0, -20, -50, 0, -1000, 'Na', 32.6, 32600, '2016-08-05 13:10:05', 2),
(561, 56, 'SalesManage', 91, 'Sales-08201605', 328, 'Sales-082016050328', -0, -15, -50, 0, -750, 'na', 34, 25500, '2016-08-05 13:13:34', 2),
(562, 56, 'CustomManage', 0, 'Custom-08201605', 68, 'Custom-08201605068', 0, 173, 50, 0, 8650, '04.08.16', 0, 0, '2016-08-05 13:14:37', 2),
(563, 55, 'CustomManage', 0, 'Custom-08201605', 68, 'Custom-08201605068', 0, 21, 50, 0, 1050, '04.08.16', 0, 0, '2016-08-05 13:14:37', 2),
(564, 56, 'SalesManage', 82, 'Sales-08201605', 329, 'Sales-082016050329', -0, -6, -50, 0, -300, 'Firot mal ar dam dora holo ', 32.6, 9780, '2016-08-05 13:17:08', 2),
(565, 54, 'SalesManage', 95, 'Sales-08201606', 330, 'Sales-082016060330', -0, -10, -50, 0, -500, 'na', 35.5, 17750, '2016-08-06 09:28:52', 2),
(566, 56, 'SalesManage', 84, 'Sales-08201606', 331, 'Sales-082016060331', -0, -10, -50, 0, -500, 'na', 31.8, 15900, '2016-08-06 09:30:23', 2),
(567, 56, 'SalesManage', 98, 'Sales-08201606', 332, 'Sales-082016060332', -0, -35, -50, 0, -1750, 'na', 31.1, 54425, '2016-08-06 09:31:58', 2),
(568, 55, 'SalesManage', 98, 'Sales-08201606', 332, 'Sales-082016060332', -0, -10, -50, 0, -500, 'na', 32, 16000, '2016-08-06 09:31:58', 2),
(569, 56, 'SalesManage', 116, 'Sales-08201606', 333, 'Sales-082016060333', -0, -20, -50, 0, -1000, 'na', 31.1, 31100, '2016-08-06 09:34:28', 2),
(570, 56, 'SalesManage', 118, 'Sales-08201606', 334, 'Sales-082016060334', -0, -10, -50, 0, -500, 'na', 31.1, 15550, '2016-08-06 09:35:47', 2),
(571, 56, 'CustomManage', 0, 'Custom-08201606', 69, 'Custom-08201606069', 0, 158, 50, 0, 7900, 'na', 0, 0, '2016-08-06 12:19:09', 2),
(572, 56, 'SalesManage', 82, 'Sales-08201607', 335, 'Sales-082016070335', -0, -80, -50, 0, -4000, 'Khanubari', 32.6, 130400, '2016-08-07 11:27:56', 2),
(573, 56, 'SalesManage', 82, 'Sales-08201607', 336, 'Sales-082016070336', -0, -60, -50, 0, -3000, 'Na', 32.6, 97800, '2016-08-07 11:28:50', 2),
(574, 56, 'SalesManage', 113, 'Sales-08201607', 337, 'Sales-082016070337', -0, -50, -50, 0, -2500, 'Na', 31.1, 77750, '2016-08-07 11:32:47', 2),
(575, 56, 'SalesManage', 102, 'Sales-08201607', 338, 'Sales-082016070338', -0, -10, -50, 0, -500, 'Na', 31.1, 15550, '2016-08-07 11:33:47', 2),
(576, 56, 'SalesManage', 119, 'Sales-08201607', 339, 'Sales-082016070339', -0, -10, -50, 0, -500, 'Na', 31.1, 15550, '2016-08-07 11:36:08', 2),
(577, 56, 'SalesManage', 84, 'Sales-08201608', 340, 'Sales-082016080340', -0, -20, -50, 0, -1000, 'Na', 31.8, 31800, '2016-08-08 11:52:06', 2),
(578, 56, 'SalesManage', 95, 'Sales-08201608', 341, 'Sales-082016080341', -0, -10, -50, 0, -500, 'Na', 31.8, 15900, '2016-08-08 11:53:15', 2),
(579, 56, 'SalesManage', 91, 'Sales-08201608', 342, 'Sales-082016080342', -0, -20, -50, 0, -1000, 'na', 34, 34000, '2016-08-08 11:54:27', 2),
(580, 56, 'SalesManage', 89, 'Sales-08201608', 343, 'Sales-082016080343', -0, -10, -50, 0, -500, 'na', 31.1, 15550, '2016-08-08 11:55:28', 2),
(581, 56, 'SalesManage', 103, 'Sales-08201608', 344, 'Sales-082016080344', -0, -18, -50, 0, -900, 'na', 31.1, 27990, '2016-08-08 11:56:33', 2),
(582, 56, 'CustomManage', 0, 'Custom-08201608', 70, 'Custom-08201608070', 0, 107, 50, 0, 5350, '07.08.16', 0, 0, '2016-08-08 12:04:56', 2),
(583, 56, 'CustomManage', 0, 'Custom-08201608', 71, 'Custom-08201608071', 0, 85, 50, 0, 4250, '08.08.16', 0, 0, '2016-08-08 12:05:32', 2),
(584, 56, 'CustomManage', 0, 'Custom-08201608', 72, 'Custom-08201608072', 0, 8, 50, 0, 400, 'Nirajon shahar khabar Back asa', 0, 0, '2016-08-08 12:07:49', 2),
(585, 56, 'SalesManage', 93, 'Sales-08201610', 345, 'Sales-082016100345', -0, -10, -50, 0, -500, '09.08.16', 31.1, 15550, '2016-08-10 08:02:21', 2),
(586, 56, 'SalesManage', 86, 'Sales-08201610', 346, 'Sales-082016100346', -0, -37, -50, 0, -1850, '09.08.16', 31.6, 58460, '2016-08-10 08:04:18', 2),
(587, 56, 'SalesManage', 83, 'Sales-08201610', 347, 'Sales-082016100347', -0, -40, -50, 0, -2000, '09.08.16', 31.1, 62200, '2016-08-10 08:05:30', 2),
(588, 56, 'SalesManage', 99, 'Sales-08201610', 348, 'Sales-082016100348', -0, -10, -50, 0, -500, '09.08.16', 31.1, 15550, '2016-08-10 08:10:06', 2),
(589, 56, 'SalesManage', 87, 'Sales-08201610', 349, 'Sales-082016100349', -0, -10, -50, 0, -500, 'na', 31.1, 15550, '2016-08-10 08:11:11', 2),
(590, 56, 'SalesManage', 82, 'Sales-08201610', 350, 'Sales-082016100350', -0, -60, -50, 0, -3000, 'na', 32.6, 97800, '2016-08-10 08:14:35', 2),
(591, 56, 'CustomManage', 0, 'Custom-08201610', 73, 'Custom-08201610073', 0, 127, 50, 0, 6350, '09.08.16', 0, 0, '2016-08-10 10:25:55', 2),
(592, 56, 'SalesManage', 95, 'Sales-08201611', 351, 'Sales-082016110351', -0, -10, -50, 0, -500, 'na', 31.8, 15900, '2016-08-11 09:25:25', 2),
(593, 56, 'SalesManage', 84, 'Sales-08201611', 352, 'Sales-082016110352', -0, -20, -50, 0, -1000, 'na', 31.8, 31800, '2016-08-11 09:27:18', 2),
(594, 56, 'SalesManage', 91, 'Sales-08201611', 353, 'Sales-082016110353', -0, -15, -50, 0, -750, 'na', 34, 25500, '2016-08-11 09:29:28', 2),
(595, 56, 'SalesManage', 113, 'Sales-08201613', 354, 'Sales-082016130354', -0, -50, -50, 0, -2500, 'na', 31.1, 77750, '2016-08-13 12:40:43', 2),
(596, 56, 'SalesManage', 118, 'Sales-08201613', 355, 'Sales-082016130355', -0, -10, -50, 0, -500, 'na', 31.1, 15550, '2016-08-13 12:41:29', 2),
(597, 56, 'SalesManage', 93, 'Sales-08201613', 356, 'Sales-082016130356', -0, -10, -50, 0, -500, 'na', 31.1, 15550, '2016-08-13 12:42:24', 2),
(598, 56, 'SalesManage', 82, 'Sales-08201613', 357, 'Sales-082016130357', -0, -60, -50, 0, -3000, 'nm', 32.6, 97800, '2016-08-13 12:43:48', 2),
(599, 56, 'SalesManage', 97, 'Sales-08201613', 358, 'Sales-082016130358', -0, -50, -50, 0, -2500, 'na', 31.1, 77750, '2016-08-13 12:44:44', 2),
(600, 56, 'CustomManage', 0, 'Custom-08201613', 74, 'Custom-08201613074', 0, 191, 50, 0, 9550, '11.08.16', 0, 0, '2016-08-13 12:46:32', 2),
(601, 56, 'CustomManage', 0, 'Custom-08201613', 75, 'Custom-08201613075', 0, 170, 50, 0, 8500, 'bb', 0, 0, '2016-08-13 12:52:05', 2),
(602, 55, 'SalesManage', 98, 'Sales-08201614', 359, 'Sales-082016140359', -0, -15, -50, 0, -750, 'na', 32, 24000, '2016-08-14 10:21:42', 2),
(603, 56, 'SalesManage', 98, 'Sales-08201614', 359, 'Sales-082016140359', -0, -30, -50, 0, -1500, 'na', 31.1, 46650, '2016-08-14 10:21:42', 2),
(604, 55, 'SalesManage', 95, 'Sales-08201614', 360, 'Sales-082016140360', -0, -7, -50, 0, -350, 'na', 33.8, 11830, '2016-08-14 10:26:34', 2),
(605, 56, 'SalesManage', 95, 'Sales-08201614', 360, 'Sales-082016140360', -0, -10, -50, 0, -500, 'na', 31.8, 15900, '2016-08-14 10:26:34', 2),
(606, 56, 'SalesManage', 84, 'Sales-08201614', 361, 'Sales-082016140361', -0, -20, -50, 0, -1000, 'na', 31.8, 31800, '2016-08-14 10:27:44', 2),
(607, 56, 'SalesManage', 88, 'Sales-08201614', 362, 'Sales-082016140362', -0, -10, -50, 0, -500, 'na', 31.1, 15550, '2016-08-14 10:28:53', 2),
(608, 56, 'SalesManage', 99, 'Sales-08201614', 363, 'Sales-082016140363', -0, -10, -50, 0, -500, 'na', 31.1, 15550, '2016-08-14 10:31:50', 2),
(609, 56, 'SalesManage', 87, 'Sales-08201614', 364, 'Sales-082016140364', -0, -10, -50, 0, -500, 'na', 31.1, 15550, '2016-08-14 10:33:23', 2),
(610, 55, 'CustomManage', 0, 'Custom-08201614', 76, 'Custom-08201614076', 0, 21, 50, 0, 1050, '06.08.16', 0, 0, '2016-08-14 10:46:43', 2),
(611, 68, 'PurchaseManage', 61, 'Purchase-08201614', 10, 'Purchase-08201614010', 0, 600, 60, 0, 36000, '01.08.16', 19.25, 693000, '2016-08-14 12:03:27', 2),
(612, 68, 'PurchaseManage', 61, 'Purchase-08201614', 11, 'Purchase-08201614011', 0, 310, 60, 0, 18600, '04.08.16', 19, 353400, '2016-08-14 12:06:26', 2),
(613, 68, 'PurchaseManage', 61, 'Purchase-08201614', 12, 'Purchase-08201614012', 0, 250, 60, 0, 15000, '06.08.16', 19, 285000, '2016-08-14 12:07:46', 2),
(614, 79, 'PurchaseManage', 85, 'Purchase-08201614', 13, 'Purchase-08201614013', 0, 250, 50, 0, 12500, '04.08.16', 39, 487500, '2016-08-14 12:26:56', 2),
(615, 79, 'PurchaseManage', 85, 'Purchase-08201614', 14, 'Purchase-08201614014', 0, 250, 50, 0, 12500, '06.08.16', 39, 487500, '2016-08-14 12:28:23', 2),
(616, 79, 'PurchaseManage', 85, 'Purchase-08201614', 15, 'Purchase-08201614015', 0, 250, 50, 0, 12500, '07.08.16', 39, 487500, '2016-08-14 12:29:27', 2),
(617, 79, 'PurchaseManage', 85, 'Purchase-08201614', 16, 'Purchase-08201614016', 0, 248, 50, 0, 12510, '13.08.16', 39.25, 491018, '2016-08-14 12:32:50', 2),
(618, 56, 'SalesManage', 82, 'Sales-08201615', 365, 'Sales-082016150365', -0, -70, -50, 0, -3500, 'Sirajkandi', 32.6, 114100, '2016-08-15 11:40:32', 2),
(619, 56, 'SalesManage', 86, 'Sales-08201615', 366, 'Sales-082016150366', -0, -37, -50, 0, -1850, 'na', 31.6, 58460, '2016-08-15 11:42:03', 2),
(620, 56, 'SalesManage', 91, 'Sales-08201615', 367, 'Sales-082016150367', -0, -20, -50, 0, -1000, 'na', 34, 34000, '2016-08-15 11:44:24', 2),
(621, 56, 'CustomManage', 0, 'Custom-08201615', 77, 'Custom-08201615077', 0, 64, 50, 0, 3200, '14.08.16', 0, 0, '2016-08-15 13:03:22', 2),
(622, 56, 'SalesManage', 103, 'Sales-08201616', 368, 'Sales-082016160368', -0, -7, -50, 0, -350, 'na', 31.1, 10885, '2016-08-16 11:06:18', 2),
(623, 56, 'SalesManage', 116, 'Sales-08201618', 369, 'Sales-082016180369', -0, -10, -50, 0, -500, 'na', 31.1, 15550, '2016-08-18 09:02:55', 2),
(624, 56, 'SalesManage', 93, 'Sales-08201618', 370, 'Sales-082016180370', -0, -10, -50, 0, -500, 'na', 31.1, 15550, '2016-08-18 09:04:44', 2),
(625, 56, 'SalesManage', 82, 'Sales-08201618', 371, 'Sales-082016180371', -0, -80, -50, 0, -4000, 'na', 32.6, 130400, '2016-08-18 09:06:55', 2),
(626, 56, 'SalesManage', 98, 'Sales-08201618', 372, 'Sales-082016180372', -0, -30, -50, 0, -1500, 'na', 31.1, 46650, '2016-08-18 09:09:33', 2),
(627, 55, 'SalesManage', 98, 'Sales-08201618', 372, 'Sales-082016180372', -0, -15, -50, 0, -750, 'na', 32, 24000, '2016-08-18 09:09:33', 2),
(628, 56, 'SalesManage', 95, 'Sales-08201618', 373, 'Sales-082016180373', -0, -10, -50, 0, -500, 'n', 31.8, 15900, '2016-08-18 09:11:53', 2),
(629, 56, 'SalesManage', 89, 'Sales-08201618', 374, 'Sales-082016180374', -0, -10, -50, 0, -500, 'n', 31.1, 15550, '2016-08-18 09:12:39', 2),
(630, 56, 'SalesManage', 84, 'Sales-08201618', 375, 'Sales-082016180375', -0, -10, -50, 0, -500, 'na', 31.8, 15900, '2016-08-18 09:16:09', 2),
(631, 56, 'SalesManage', 99, 'Sales-08201618', 376, 'Sales-082016180376', -0, -10, -50, 0, -500, 'na', 31.1, 15550, '2016-08-18 09:17:07', 2),
(632, 56, 'SalesManage', 88, 'Sales-08201618', 377, 'Sales-082016180377', -0, -10, -50, 0, -500, 'na', 31.1, 15550, '2016-08-18 09:18:38', 2),
(633, 56, 'CustomManage', 0, 'Custom-08201618', 78, 'Custom-08201618078', 0, 571, 50, 0, 28550, '17.08.16', 0, 0, '2016-08-18 09:25:15', 2),
(634, 55, 'CustomManage', 0, 'Custom-08201618', 79, 'Custom-08201618079', 0, 41, 50, 0, 2050, 'na', 0, 0, '2016-08-18 09:30:05', 2),
(635, 56, 'SalesManage', 116, 'Sales-08201619', 378, 'Sales-082016190378', -0, -10, -50, 0, -500, 'na', 31.1, 15550, '2016-08-19 12:11:53', 2),
(636, 56, 'SalesManage', 103, 'Sales-08201619', 379, 'Sales-082016190379', -0, -10, -50, 0, -500, 'na', 31.1, 15550, '2016-08-19 12:12:57', 2),
(637, 56, 'SalesManage', 98, 'Sales-08201619', 380, 'Sales-082016190380', -0, -90, -50, 0, -4500, 'na', 31.1, 139950, '2016-08-19 12:15:22', 2),
(638, 55, 'SalesManage', 98, 'Sales-08201619', 380, 'Sales-082016190380', -0, -30, -50, 0, -1500, 'na', 32, 48000, '2016-08-19 12:15:22', 2),
(639, 55, 'SalesManage', 95, 'Sales-08201619', 381, 'Sales-082016190381', -0, -10, -50, 0, -500, 'na', 33.8, 16900, '2016-08-19 12:16:51', 2),
(640, 56, 'SalesManage', 84, 'Sales-08201619', 382, 'Sales-082016190382', -0, -10, -50, 0, -500, 'na', 31.8, 15900, '2016-08-19 12:17:49', 2),
(641, 56, 'SalesManage', 87, 'Sales-08201619', 383, 'Sales-082016190383', -0, -10, -50, 0, -500, 'na', 31.1, 15550, '2016-08-19 12:19:40', 2),
(642, 55, 'CustomManage', 0, 'Custom-08201619', 80, 'Custom-08201619080', 0, 20, 50, 0, 1000, 'na', 0, 0, '2016-08-19 12:56:22', 2),
(643, 56, 'SalesManage', 91, 'Sales-08201619', 384, 'Sales-082016190384', -0, -20, -50, 0, -1000, 'n', 34, 34000, '2016-08-19 13:20:36', 2),
(644, 56, 'SalesManage', 113, 'Sales-08201620', 385, 'Sales-082016200385', -0, -50, -50, 0, -2500, 'na', 31.1, 77750, '2016-08-20 10:38:50', 2),
(645, 56, 'CustomManage', 0, 'Custom-08201620', 81, 'Custom-08201620081', 0, 84, 50, 0, 4200, 'Aynal', 0, 0, '2016-08-20 10:40:10', 2),
(646, 56, 'SalesManage', 82, 'Sales-08201621', 386, 'Sales-082016210386', -0, -80, -50, 0, -4000, 'Sirajkandi', 32.6, 130400, '2016-08-21 11:25:48', 2),
(647, 56, 'SalesManage', 120, 'Sales-08201621', 387, 'Sales-082016210387', -0, -80, -50, 0, -4000, 'Na', 31.1, 124400, '2016-08-21 11:28:07', 2),
(648, 56, 'SalesManage', 95, 'Sales-08201621', 388, 'Sales-082016210388', -0, -10, -50, 0, -500, 'Na', 31.8, 15900, '2016-08-21 11:30:14', 2),
(649, 56, 'SalesManage', 84, 'Sales-08201621', 389, 'Sales-082016210389', -0, -25, -50, 0, -1250, 'Na', 31.8, 39750, '2016-08-21 11:31:40', 2),
(650, 56, 'SalesManage', 120, 'Sales-08201622', 390, 'Sales-082016220390', -0, -80, -50, 0, -4000, 'Na', 31.1, 124400, '2016-08-22 04:36:38', 2),
(651, 56, 'SalesManage', 120, 'Sales-08201622', 391, 'Sales-082016220391', -0, -40, -50, 0, -2000, 'Na', 31.1, 62200, '2016-08-22 08:46:53', 2),
(652, 56, 'SalesManage', 86, 'Sales-08201622', 392, 'Sales-082016220392', -0, -19, -50, 0, -950, 'na', 31.6, 30020, '2016-08-22 10:31:18', 2),
(653, 56, 'SalesManage', 93, 'Sales-08201622', 393, 'Sales-082016220393', -0, -10, -50, 0, -500, 'na', 31.1, 15550, '2016-08-22 10:33:13', 2),
(654, 56, 'SalesManage', 88, 'Sales-08201622', 394, 'Sales-082016220394', -0, -10, -50, 0, -500, 'Na', 31.1, 15550, '2016-08-22 14:53:33', 2),
(655, 56, 'CustomManage', 0, 'Custom-08201622', 82, 'Custom-08201622082', 0, 147, 50, 0, 7350, 'Na', 0, 0, '2016-08-22 14:54:40', 2),
(656, 56, 'SalesManage', 82, 'Sales-08201626', 395, 'Sales-082016260395', -0, -20, -50, 0, -1000, '22.08.16', 32.6, 32600, '2016-08-26 12:50:50', 2),
(657, 56, 'SalesManage', 99, 'Sales-08201626', 396, 'Sales-082016260396', -0, -10, -50, 0, -500, '22.08.16', 31.1, 15550, '2016-08-26 12:52:29', 2),
(658, 56, 'SalesManage', 91, 'Sales-08201626', 397, 'Sales-082016260397', -0, -20, -50, 0, -1000, '23.08.16', 34, 34000, '2016-08-26 12:56:31', 2),
(659, 56, 'SalesManage', 91, 'Sales-08201626', 398, 'Sales-082016260398', -0, -15, -50, 0, -750, 'n', 34, 25500, '2016-08-26 12:58:00', 2),
(660, 56, 'SalesManage', 89, 'Sales-08201626', 399, 'Sales-082016260399', -0, -10, -50, 0, -500, '23.08.16', 31.1, 15550, '2016-08-26 12:59:37', 2),
(661, 56, 'SalesManage', 103, 'Sales-08201626', 400, 'Sales-082016260400', -0, -7, -50, 0, -350, '23.08.16', 31.1, 10885, '2016-08-26 13:00:36', 2),
(662, 56, 'SalesManage', 87, 'Sales-08201626', 401, 'Sales-082016260401', -0, -10, -50, 0, -500, '23.08.16', 31.1, 15550, '2016-08-26 13:01:34', 2),
(663, 56, 'SalesManage', 86, 'Sales-08201626', 402, 'Sales-082016260402', -0, -18, -50, 0, -900, '25.08.16', 31.6, 28440, '2016-08-26 13:02:53', 2),
(664, 56, 'SalesManage', 82, 'Sales-08201626', 403, 'Sales-082016260403', -0, -70, -50, 0, -3500, '25.08.16', 32.6, 114100, '2016-08-26 13:03:52', 2),
(665, 56, 'SalesManage', 98, 'Sales-08201626', 404, 'Sales-082016260404', -0, -30, -50, 0, -1500, 'na', 31.1, 46650, '2016-08-26 13:05:43', 2),
(666, 55, 'SalesManage', 98, 'Sales-08201626', 404, 'Sales-082016260404', -0, -15, -50, 0, -750, 'na', 32, 24000, '2016-08-26 13:05:43', 2),
(667, 56, 'SalesManage', 84, 'Sales-08201626', 405, 'Sales-082016260405', -0, -15, -50, 0, -750, 'b', 31.8, 23850, '2016-08-26 13:14:26', 2),
(668, 55, 'SalesManage', 95, 'Sales-08201626', 406, 'Sales-082016260406', -0, -5, -50, 0, -250, '25.08.16 cash', 33.8, 8450, '2016-08-26 13:17:42', 2),
(669, 56, 'SalesManage', 95, 'Sales-08201626', 406, 'Sales-082016260406', -0, -10, -50, 0, -500, '25.08.16 cash', 31.8, 15900, '2016-08-26 13:17:42', 2),
(670, 56, 'SalesManage', 93, 'Sales-08201626', 407, 'Sales-082016260407', -0, -10, -50, 0, -500, 'na', 31.1, 15550, '2016-08-26 13:19:08', 2),
(671, 56, 'SalesManage', 82, 'Sales-08201626', 408, 'Sales-082016260408', -0, -30, -50, 0, -1500, 'sirajkandi', 32.6, 48900, '2016-08-26 13:20:59', 2),
(672, 56, 'SalesManage', 113, 'Sales-08201626', 409, 'Sales-082016260409', -0, -50, -50, 0, -2500, 'na', 31.1, 77750, '2016-08-26 13:21:56', 2),
(673, 56, 'CustomManage', 0, 'Custom-08201626', 83, 'Custom-08201626083', 0, 84, 50, 0, 4200, '24.08.16', 0, 0, '2016-08-26 13:24:03', 2),
(674, 56, 'CustomManage', 0, 'Custom-08201626', 84, 'Custom-08201626084', 0, 107, 50, 0, 5350, '25.08.16', 0, 0, '2016-08-26 13:24:27', 2),
(675, 79, 'PurchaseManage', 85, 'Purchase-08201626', 17, 'Purchase-08201626017', 0, 300, 50, 0, 15000, '23.08.16 ', 37.9, 568500, '2016-08-26 13:30:18', 2),
(676, 79, 'PurchaseManage', 85, 'Purchase-08201626', 18, 'Purchase-08201626018', 0, 300, 50, 0, 15000, '24.08.16', 37.9, 568500, '2016-08-26 13:31:10', 2),
(677, 79, 'PurchaseManage', 85, 'Purchase-08201626', 19, 'Purchase-08201626019', 0, 300, 50, 0, 15000, '25.08.16', 37.9, 568500, '2016-08-26 13:32:04', 2),
(678, 56, 'CustomManage', 0, 'Custom-08201627', 85, 'Custom-08201627085', 0, 278, 50, 0, 13900, '22 bag L/L2', 0, 0, '2016-08-27 11:59:10', 2),
(679, 56, 'SalesManage', 103, 'Sales-08201627', 410, 'Sales-082016270410', -0, -20, -50, 0, -1000, 'Na', 31.1, 31100, '2016-08-27 12:00:25', 2),
(680, 56, 'SalesManage', 99, 'Sales-08201627', 411, 'Sales-082016270411', -0, -10, -50, 0, -500, 'Na', 31.1, 15550, '2016-08-27 12:02:25', 2),
(681, 56, 'SalesManage', 83, 'Sales-08201627', 412, 'Sales-082016270412', -0, -50, -50, 0, -2500, 'Na', 31.1, 77750, '2016-08-27 12:04:30', 2),
(682, 56, 'SalesManage', 98, 'Sales-08201627', 413, 'Sales-082016270413', -0, -30, -50, 0, -1500, 'na', 31.1, 46650, '2016-08-27 12:08:49', 2),
(683, 55, 'SalesManage', 98, 'Sales-08201627', 413, 'Sales-082016270413', -0, -20, -50, 0, -1000, 'na', 32.5, 32500, '2016-08-27 12:08:49', 2),
(684, 56, 'SalesManage', 98, 'Sales-08201627', 414, 'Sales-082016270414', -0, -15, -50, 0, -750, 'n', 31.1, 23325, '2016-08-27 12:12:59', 2),
(685, 55, 'CustomManage', 0, 'Custom-08201627', 86, 'Custom-08201627086', 0, 63, 50, 0, 3150, 'Ager Date a 42 R pore 21', 0, 0, '2016-08-27 12:17:28', 2),
(686, 56, 'SalesManage', 84, 'Sales-08201628', 415, 'Sales-082016280415', -0, -20, -50, 0, -1000, 'na', 31.8, 31800, '2016-08-28 10:26:06', 2),
(687, 56, 'SalesManage', 95, 'Sales-08201628', 416, 'Sales-082016280416', -0, -10, -50, 0, -500, 'na', 31.8, 15900, '2016-08-28 10:44:27', 2),
(688, 56, 'SalesManage', 88, 'Sales-08201628', 417, 'Sales-082016280417', -0, -5, -50, 0, -250, 'na', 31.1, 7775, '2016-08-28 10:45:41', 2),
(689, 56, 'SalesManage', 82, 'Sales-08201628', 418, 'Sales-082016280418', -0, -50, -50, 0, -2500, 'na', 32.6, 81500, '2016-08-28 10:47:41', 2),
(690, 56, 'SalesManage', 86, 'Sales-08201629', 419, 'Sales-082016290419', -0, -37, -50, 0, -1850, 'Na', 31.6, 58460, '2016-08-29 13:16:31', 2),
(691, 56, 'SalesManage', 116, 'Sales-08201629', 420, 'Sales-082016290420', -0, -10, -50, 0, -500, 'Na', 31.1, 15550, '2016-08-29 13:19:08', 2),
(692, 56, 'SalesManage', 95, 'Sales-08201629', 421, 'Sales-082016290421', -0, -10, -50, 0, -500, 'Na', 33.8, 16900, '2016-08-29 13:20:32', 2),
(693, 56, 'SalesManage', 87, 'Sales-08201629', 422, 'Sales-082016290422', -0, -10, -50, 0, -500, 'Na', 31.1, 15550, '2016-08-29 13:21:28', 2),
(694, 56, 'SalesManage', 121, 'Sales-08201629', 423, 'Sales-082016290423', -0, -5, -50, 0, -250, 'Na', 31.1, 7775, '2016-08-29 13:24:40', 2),
(695, 56, 'SalesManage', 91, 'Sales-08201629', 424, 'Sales-082016290424', -0, -20, -50, 0, -1000, 'Na', 34, 34000, '2016-08-29 13:31:31', 2),
(696, 56, 'CustomManage', 0, 'Custom-08201629', 87, 'Custom-08201629087', 0, 171, 50, 0, 8550, 'Na', 0, 0, '2016-08-29 13:35:04', 2),
(697, 56, 'CustomManage', 0, 'Custom-08201631', 88, 'Custom-08201631088', 0, 169, 50, 0, 8450, '30.08.16', 0, 0, '2016-08-31 13:21:45', 2),
(698, 56, 'SalesManage', 82, 'Sales-08201631', 425, 'Sales-082016310425', -0, -80, -50, 0, -4000, 'na', 32.6, 130400, '2016-08-31 13:24:02', 2),
(699, 56, 'SalesManage', 116, 'Sales-08201631', 426, 'Sales-082016310426', -0, -10, -50, 0, -500, 'n', 31.1, 15550, '2016-08-31 13:24:50', 2),
(700, 56, 'SalesManage', 93, 'Sales-08201631', 427, 'Sales-082016310427', -0, -10, -50, 0, -500, 'na', 31.1, 15550, '2016-08-31 13:26:21', 2),
(701, 56, 'SalesManage', 84, 'Sales-09201601', 428, 'Sales-092016010428', -0, -20, -50, 0, -1000, 'n', 32.3, 32300, '2016-09-01 13:15:49', 2),
(702, 56, 'CustomManage', 0, 'Custom-09201602', 89, 'Custom-09201602089', 0, 173, 50, 0, 8650, 'na', 0, 0, '2016-09-02 09:11:54', 2),
(703, 56, 'SalesManage', 113, 'Sales-09201602', 429, 'Sales-092016020429', -0, -50, -50, 0, -2500, 'na', 31.6, 79000, '2016-09-02 09:13:04', 2),
(704, 56, 'SalesManage', 91, 'Sales-09201602', 430, 'Sales-092016020430', -0, -15, -50, 0, -750, 'na', 34.5, 25875, '2016-09-02 09:15:28', 2),
(705, 56, 'SalesManage', 99, 'Sales-09201602', 431, 'Sales-092016020431', -0, -10, -50, 0, -500, 'Na', 31.6, 15800, '2016-09-02 09:30:29', 2),
(706, 56, 'SalesManage', 87, 'Sales-09201602', 432, 'Sales-092016020432', -0, -10, -50, 0, -500, 'na', 31.6, 15800, '2016-09-02 09:41:23', 2),
(707, 56, 'SalesManage', 82, 'Sales-09201602', 433, 'Sales-092016020433', -0, -70, -50, 0, -3500, 'na', 33.1, 115850, '2016-09-02 09:45:45', 2),
(708, 56, 'SalesManage', 98, 'Sales-09201604', 434, 'Sales-092016040434', -0, -35, -50, 0, -1750, '01.09.16', 31.6, 55300, '2016-09-04 07:17:29', 2),
(709, 56, 'SalesManage', 98, 'Sales-09201604', 435, 'Sales-092016040435', -0, -35, -50, 0, -1750, 'Na', 31.6, 55300, '2016-09-04 07:18:23', 2),
(710, 55, 'SalesManage', 95, 'Sales-09201604', 436, 'Sales-092016040436', -0, -10, -50, 0, -500, 'Vul Sonsodon Kora holo', 32.3, 16150, '2016-09-04 07:30:35', 2),
(711, 55, 'SalesManage', 95, 'Sales-09201604', 437, 'Sales-092016040437', -0, -5, -50, 0, -250, 'na', 34.3, 8575, '2016-09-04 07:31:51', 2),
(712, 56, 'SalesManage', 84, 'Sales-09201604', 438, 'Sales-092016040438', -0, -25, -50, 0, -1250, 'n', 32.3, 40375, '2016-09-04 07:45:09', 2),
(713, 56, 'CustomManage', 0, 'Custom-09201604', 90, 'Custom-09201604090', 0, 212, 50, 0, 10600, '03.09.16', 0, 0, '2016-09-04 07:48:47', 2),
(714, 56, 'SalesManage', 93, 'Sales-09201605', 439, 'Sales-092016050439', -0, -10, -50, 0, -500, '04.09.16', 31.6, 15800, '2016-09-05 10:24:30', 2),
(715, 56, 'SalesManage', 82, 'Sales-09201605', 440, 'Sales-092016050440', -0, -80, -50, 0, -4000, 'na', 33.1, 132400, '2016-09-05 10:30:36', 2),
(716, 56, 'SalesManage', 86, 'Sales-09201605', 441, 'Sales-092016050441', -0, -37, -50, 0, -1850, 'na', 32, 59200, '2016-09-05 10:35:11', 2),
(717, 56, 'SalesManage', 120, 'Sales-09201605', 442, 'Sales-092016050442', -0, -200, -50, 0, -10000, 'na', 31.6, 316000, '2016-09-05 10:37:39', 2),
(718, 56, 'SalesManage', 89, 'Sales-09201605', 443, 'Sales-092016050443', -0, -10, -50, 0, -500, 'Vul Sonsodon kaor', 31.1, 15550, '2016-09-05 10:47:23', 2),
(719, 56, 'SalesManage', 89, 'Sales-09201605', 444, 'Sales-092016050444', -0, -10, -50, 0, -500, '04.09.16', 31.6, 15800, '2016-09-05 10:49:34', 2),
(720, 56, 'CustomManage', 0, 'Custom-09201605', 91, 'Custom-09201605091', 0, 43, 50, 0, 2150, '04.09.16', 0, 0, '2016-09-05 12:34:47', 2),
(721, 56, 'CustomManage', 0, 'Custom-09201605', 92, 'Custom-09201605092', 0, 114, 50, 0, 5700, 'Aynal', 0, 0, '2016-09-05 12:57:36', 2),
(722, 56, 'CustomManage', 0, 'Custom-09201605', 93, 'Custom-09201605093', 0, 100, 50, 0, 5000, '214 Bag', 0, 0, '2016-09-05 12:58:12', 2),
(723, 56, 'SalesManage', 98, 'Sales-09201606', 445, 'Sales-092016060445', -0, -140, -50, 0, -7000, 'na', 31.6, 221200, '2016-09-06 08:40:26', 2),
(724, 55, 'SalesManage', 98, 'Sales-09201606', 445, 'Sales-092016060445', -0, -60, -50, 0, -3000, 'na', 32.5, 97500, '2016-09-06 08:40:26', 2),
(725, 56, 'SalesManage', 121, 'Sales-09201606', 446, 'Sales-092016060446', -0, -6, -50, 0, -300, 'c', 31.6, 9480, '2016-09-06 12:14:50', 2),
(726, 56, 'SalesManage', 95, 'Sales-09201606', 447, 'Sales-092016060447', -0, -8, -50, 0, -400, 'na', 32.3, 12920, '2016-09-06 12:16:46', 2),
(727, 55, 'SalesManage', 95, 'Sales-09201606', 447, 'Sales-092016060447', -0, -8, -50, 0, -400, 'na', 34.3, 13720, '2016-09-06 12:16:46', 2),
(728, 56, 'CustomManage', 0, 'Custom-09201606', 94, 'Custom-09201606094', 0, 85, 50, 0, 4250, 'A', 0, 0, '2016-09-06 13:30:44', 2),
(729, 56, 'CustomManage', 0, 'Custom-09201606', 95, 'Custom-09201606095', 0, 2, 50, 0, 100, 'Layer Layer 2', 0, 0, '2016-09-06 13:31:09', 2),
(730, 55, 'CustomManage', 0, 'Custom-09201606', 96, 'Custom-09201606096', 0, 61, 50, 0, 3050, 'Na', 0, 0, '2016-09-06 13:31:28', 2),
(731, 56, 'SalesManage', 99, 'Sales-09201607', 448, 'Sales-092016070448', -0, -10, -50, 0, -500, 'na', 31.6, 15800, '2016-09-07 09:44:31', 2),
(732, 56, 'SalesManage', 87, 'Sales-09201607', 449, 'Sales-092016070449', -0, -10, -50, 0, -500, 'n', 31.6, 15800, '2016-09-07 09:45:26', 2),
(733, 56, 'SalesManage', 93, 'Sales-09201607', 450, 'Sales-092016070450', -0, -10, -50, 0, -500, 'na', 31.6, 15800, '2016-09-07 09:46:26', 2),
(734, 56, 'SalesManage', 103, 'Sales-09201607', 451, 'Sales-092016070451', -0, -10, -50, 0, -500, 'na', 31.6, 15800, '2016-09-07 10:32:28', 2),
(735, 56, 'CustomManage', 0, 'Custom-09201607', 97, 'Custom-09201607097', 0, 256, 50, 0, 12800, 'na', 0, 0, '2016-09-07 10:57:54', 2),
(736, 56, 'CustomManage', 0, 'Custom-09201607', 98, 'Custom-09201607098', -0, -20, -50, 0, -1000, 'Karon Bosoto', 0, 0, '2016-09-07 10:59:44', 2),
(737, 56, 'SalesManage', 82, 'Sales-09201608', 452, 'Sales-092016080452', -0, -40, -50, 0, -2000, 'na', 32.6, 65200, '2016-09-08 13:07:28', 2),
(738, 56, 'SalesManage', 91, 'Sales-09201608', 453, 'Sales-092016080453', -0, -20, -50, 0, -1000, 'na', 34.5, 34500, '2016-09-08 13:09:25', 2),
(739, 56, 'SalesManage', 116, 'Sales-09201608', 454, 'Sales-092016080454', -0, -10, -50, 0, -500, 'na', 31.6, 15800, '2016-09-08 13:10:42', 2),
(740, 56, 'SalesManage', 89, 'Sales-09201609', 455, 'Sales-092016090455', -0, -25, -50, 0, -1250, 'na', 31.6, 39500, '2016-09-09 07:38:17', 2),
(741, 56, 'SalesManage', 95, 'Sales-09201609', 456, 'Sales-092016090456', -0, -10, -50, 0, -500, 'na', 32.3, 16150, '2016-09-09 07:40:06', 2),
(742, 55, 'SalesManage', 95, 'Sales-09201609', 456, 'Sales-092016090456', -0, -7, -50, 0, -350, 'na', 34.3, 12005, '2016-09-09 07:40:06', 2),
(743, 56, 'SalesManage', 84, 'Sales-09201609', 457, 'Sales-092016090457', -0, -50, -50, 0, -2500, 'na', 32.3, 80750, '2016-09-09 07:41:04', 2),
(744, 56, 'SalesManage', 82, 'Sales-09201609', 458, 'Sales-092016090458', -0, -100, -50, 0, -5000, 'Na', 32.6, 163000, '2016-09-09 07:49:33', 2),
(745, 56, 'SalesManage', 116, 'Sales-09201610', 459, 'Sales-092016100459', -0, -8, -50, 0, -400, 'na', 31.6, 12640, '2016-09-10 09:10:04', 2),
(746, 56, 'SalesManage', 113, 'Sales-09201610', 460, 'Sales-092016100460', -0, -30, -50, 0, -1500, 'na', 31.6, 47400, '2016-09-10 09:11:39', 2),
(747, 56, 'SalesManage', 103, 'Sales-09201610', 461, 'Sales-092016100461', -0, -8, -50, 0, -400, 'na', 31.6, 12640, '2016-09-10 09:56:19', 2),
(748, 56, 'CustomManage', 0, 'Custom-09201610', 99, 'Custom-09201610099', 0, 423, 50, 0, 21150, 'A', 0, 0, '2016-09-10 13:29:20', 2),
(749, 56, 'SalesManage', 93, 'Sales-09201611', 462, 'Sales-092016110462', -0, -20, -50, 0, -1000, 'na', 31.6, 31600, '2016-09-11 03:51:14', 2),
(750, 56, 'SalesManage', 91, 'Sales-09201611', 463, 'Sales-092016110463', -0, -30, -50, 0, -1500, 'na', 34.5, 51750, '2016-09-11 03:52:54', 2),
(751, 56, 'SalesManage', 87, 'Sales-09201611', 464, 'Sales-092016110464', -0, -20, -50, 0, -1000, 'Na', 31.6, 31600, '2016-09-11 03:55:02', 2),
(752, 56, 'SalesManage', 86, 'Sales-09201611', 465, 'Sales-092016110465', -0, -37, -50, 0, -1850, 'na', 32, 59200, '2016-09-11 03:55:52', 2),
(753, 56, 'SalesManage', 120, 'Sales-09201611', 466, 'Sales-092016110466', -0, -40, -50, 0, -2000, 'Na', 31.6, 63200, '2016-09-11 03:56:53', 2),
(754, 80, 'PurchaseManage', 60, 'Purchase-09201611', 20, 'Purchase-09201611020', 0, 250, 50, 0, 12500, '28.06.16', 45, 562500, '2016-09-11 04:12:26', 2),
(755, 56, 'SalesManage', 99, 'Sales-09201611', 467, 'Sales-092016110467', -0, -15, -50, 0, -750, 'na', 31.6, 23700, '2016-09-11 05:07:52', 2),
(756, 56, 'CustomManage', 0, 'Custom-09201611', 100, 'Custom-092016110100', 0, 191, 50, 0, 9550, 'Rasel', 0, 0, '2016-09-11 14:17:08', 2),
(757, 55, 'CustomManage', 0, 'Custom-09201611', 101, 'Custom-092016110101', 0, 20, 50, 0, 1000, 'Rasel', 0, 0, '2016-09-11 14:17:32', 2),
(758, 56, 'SalesManage', 82, 'Sales-09201611', 468, 'Sales-092016110468', -0, -50, -50, 0, -2500, 'Sirajkandi', 32.6, 81500, '2016-09-11 14:28:03', 2),
(759, 55, 'SalesManage', 95, 'Sales-09201611', 469, 'Sales-092016110469', -0, -5, -50, 0, -250, '12.09.16', 34.3, 8575, '2016-09-11 14:29:53', 2),
(760, 56, 'SalesManage', 95, 'Sales-09201611', 469, 'Sales-092016110469', -0, -10, -50, 0, -500, '12.09.16', 32.3, 16150, '2016-09-11 14:29:53', 2),
(761, 56, 'SalesManage', 84, 'Sales-09201611', 470, 'Sales-092016110470', -0, -10, -50, 0, -500, '12.09.16', 32.3, 16150, '2016-09-11 14:32:47', 2),
(762, 55, 'SalesManage', 98, 'Sales-09201619', 471, 'Sales-092016190471', -0, -15, -50, 0, -750, 'n', 32.5, 24375, '2016-09-19 11:25:18', 2),
(763, 56, 'SalesManage', 98, 'Sales-09201619', 471, 'Sales-092016190471', -0, -225, -50, 0, -11250, 'n', 31.6, 355500, '2016-09-19 11:25:18', 2),
(764, 56, 'SalesManage', 103, 'Sales-09201619', 472, 'Sales-092016190472', -0, -10, -50, 0, -500, 'na', 31.6, 15800, '2016-09-19 11:27:26', 2),
(765, 56, 'SalesManage', 121, 'Sales-09201619', 473, 'Sales-092016190473', -0, -12, -50, 0, -600, '16.09.16', 31.6, 18960, '2016-09-19 11:30:19', 2),
(766, 56, 'SalesManage', 91, 'Sales-09201619', 474, 'Sales-092016190474', -0, -20, -50, 0, -1000, '18.09.16', 34.5, 34500, '2016-09-19 11:31:57', 2),
(767, 56, 'SalesManage', 84, 'Sales-09201619', 475, 'Sales-092016190475', -0, -20, -50, 0, -1000, '18.09.16', 32.3, 32300, '2016-09-19 11:33:25', 2),
(768, 56, 'SalesManage', 95, 'Sales-09201619', 476, 'Sales-092016190476', -0, -10, -50, 0, -500, '18.09.16', 32.3, 16150, '2016-09-19 11:34:32', 2),
(769, 56, 'SalesManage', 120, 'Sales-09201619', 477, 'Sales-092016190477', -0, -80, -50, 0, -4000, 'na', 31.6, 126400, '2016-09-19 11:37:54', 2),
(770, 55, 'SalesManage', 95, 'Sales-09201619', 478, 'Sales-092016190478', -0, -10, -50, 0, -500, 'Na', 34.3, 17150, '2016-09-19 11:46:09', 2),
(771, 56, 'SalesManage', 95, 'Sales-09201619', 478, 'Sales-092016190478', -0, -10, -50, 0, -500, 'Na', 32.3, 16150, '2016-09-19 11:46:09', 2),
(772, 56, 'SalesManage', 99, 'Sales-09201619', 479, 'Sales-092016190479', -0, -10, -50, 0, -500, 'na', 31.6, 15800, '2016-09-19 12:09:03', 2),
(773, 56, 'SalesManage', 113, 'Sales-09201619', 480, 'Sales-092016190480', -0, -50, -50, 0, -2500, 'na', 31.6, 79000, '2016-09-19 12:10:03', 2),
(774, 56, 'SalesManage', 116, 'Sales-09201619', 481, 'Sales-092016190481', -0, -10, -50, 0, -500, 'na', 31.6, 15800, '2016-09-19 12:11:13', 2),
(775, 56, 'SalesManage', 97, 'Sales-09201621', 482, 'Sales-092016210482', -0, -50, -50, 0, -2500, '19.09.16', 31.1, 77750, '2016-09-21 07:41:40', 2),
(776, 56, 'CustomManage', 0, 'Custom-09201621', 102, 'Custom-092016210102', 0, 374, 50, 0, 18700, '20.09.16', 0, 0, '2016-09-21 07:51:03', 2),
(777, 56, 'SalesManage', 86, 'Sales-09201621', 483, 'Sales-092016210483', -0, -30, -50, 0, -1500, '20.09.16', 32, 48000, '2016-09-21 07:52:21', 2),
(778, 56, 'SalesManage', 87, 'Sales-09201621', 484, 'Sales-092016210484', -0, -10, -50, 0, -500, 'na', 31.6, 15800, '2016-09-21 07:55:37', 2),
(779, 56, 'SalesManage', 89, 'Sales-09201621', 485, 'Sales-092016210485', -0, -10, -50, 0, -500, 'na', 31.6, 15800, '2016-09-21 07:57:29', 2),
(780, 56, 'SalesManage', 93, 'Sales-09201621', 486, 'Sales-092016210486', -0, -10, -50, 0, -500, 'na', 31.6, 15800, '2016-09-21 08:00:07', 2),
(781, 56, 'SalesManage', 116, 'Sales-09201621', 487, 'Sales-092016210487', -0, -10, -50, 0, -500, 'na', 31.6, 15800, '2016-09-21 08:01:18', 2),
(782, 56, 'CustomManage', 0, 'Custom-09201621', 103, 'Custom-092016210103', 0, 44, 50, 0, 2200, 'na', 0, 0, '2016-09-21 08:02:25', 2),
(783, 55, 'CustomManage', 0, 'Custom-09201621', 104, 'Custom-092016210104', 0, 60, 50, 0, 3000, 'na', 0, 0, '2016-09-21 08:02:59', 2),
(784, 56, 'SalesManage', 91, 'Sales-09201621', 488, 'Sales-092016210488', -0, -20, -50, 0, -1000, 'n', 34.5, 34500, '2016-09-21 11:09:35', 2),
(785, 56, 'SalesManage', 121, 'Sales-09201622', 489, 'Sales-092016220489', -0, -12, -50, 0, -600, 'na', 31.6, 18960, '2016-09-22 12:55:31', 2),
(786, 56, 'SalesManage', 84, 'Sales-09201622', 490, 'Sales-092016220490', -0, -20, -50, 0, -1000, 'na', 32.3, 32300, '2016-09-22 12:57:50', 2),
(787, 56, 'SalesManage', 95, 'Sales-09201622', 491, 'Sales-092016220491', -0, -5, -50, 0, -250, 'na', 32.3, 8075, '2016-09-22 12:59:27', 2),
(788, 55, 'SalesManage', 95, 'Sales-09201622', 491, 'Sales-092016220491', -0, -5, -50, 0, -250, 'na', 34.3, 8575, '2016-09-22 12:59:27', 2),
(789, 56, 'CustomManage', 0, 'Custom-09201622', 105, 'Custom-092016220105', 0, 193, 50, 0, 9650, 'na', 0, 0, '2016-09-22 13:03:38', 2),
(790, 56, 'SalesManage', 103, 'Sales-09201622', 492, 'Sales-092016220492', -0, -10, -50, 0, -500, 'Na', 31.6, 15800, '2016-09-22 13:25:54', 2),
(791, 56, 'SalesManage', 118, 'Sales-09201623', 493, 'Sales-092016230493', -0, -100, -50, 0, -5000, 'Na', 31.6, 158000, '2016-09-23 09:17:05', 2),
(792, 55, 'SalesManage', 98, 'Sales-09201623', 494, 'Sales-092016230494', -0, -45, -50, 0, -2250, 'Na', 32.5, 73125, '2016-09-23 09:18:40', 2),
(793, 56, 'SalesManage', 97, 'Sales-09201623', 495, 'Sales-092016230495', -0, -40, -50, 0, -2000, 'Na', 31.1, 62200, '2016-09-23 09:20:05', 2),
(794, 56, 'SalesManage', 82, 'Sales-09201623', 496, 'Sales-092016230496', -0, -70, -50, 0, -3500, 'na', 32.6, 114100, '2016-09-23 09:21:15', 2),
(795, 56, 'SalesManage', 99, 'Sales-09201626', 497, 'Sales-092016260497', -0, -10, -50, 0, -500, '24.09.16', 31.6, 15800, '2016-09-26 03:51:44', 2),
(796, 56, 'SalesManage', 87, 'Sales-09201626', 498, 'Sales-092016260498', -0, -10, -50, 0, -500, '24.09.16', 31.6, 15800, '2016-09-26 04:00:02', 2),
(797, 56, 'SalesManage', 120, 'Sales-09201626', 499, 'Sales-092016260499', -0, -40, -50, 0, -2000, '24.09.16', 31.6, 63200, '2016-09-26 04:03:25', 2),
(798, 56, 'SalesManage', 116, 'Sales-09201626', 500, 'Sales-092016260500', -0, -10, -50, 0, -500, '24.09.16', 31.6, 15800, '2016-09-26 04:06:42', 2),
(799, 56, 'SalesManage', 91, 'Sales-09201626', 501, 'Sales-092016260501', -0, -20, -50, 0, -1000, 'Na', 34.5, 34500, '2016-09-26 04:08:37', 2),
(800, 56, 'SalesManage', 89, 'Sales-09201626', 502, 'Sales-092016260502', -0, -10, -50, 0, -500, '25.09.16', 31.6, 15800, '2016-09-26 04:10:48', 2),
(801, 56, 'SalesManage', 95, 'Sales-09201626', 503, 'Sales-092016260503', -0, -10, -50, 0, -500, 'Na', 32.3, 16150, '2016-09-26 04:12:59', 2),
(802, 56, 'SalesManage', 120, 'Sales-09201626', 504, 'Sales-092016260504', -0, -40, -50, 0, -2000, '25.09.16', 31.6, 63200, '2016-09-26 04:15:10', 2),
(803, 56, 'SalesManage', 84, 'Sales-09201626', 505, 'Sales-092016260505', -0, -25, -50, 0, -1250, 'na', 32.3, 40375, '2016-09-26 04:16:39', 2),
(804, 56, 'SalesManage', 86, 'Sales-09201626', 506, 'Sales-092016260506', -0, -10, -50, 0, -500, '25.09.16', 32, 16000, '2016-09-26 04:18:20', 2),
(805, 56, 'CustomManage', 0, 'Custom-09201626', 106, 'Custom-092016260106', 0, 50, 50, 0, 2500, 'Vul Cilo', 0, 0, '2016-09-26 04:22:29', 2),
(806, 56, 'SalesManage', 82, 'Sales-09201626', 507, 'Sales-092016260507', -0, -50, -50, 0, -2500, '18.09.16', 32.6, 81500, '2016-09-26 04:25:14', 2),
(807, 56, 'SalesManage', 82, 'Sales-09201626', 508, 'Sales-092016260508', -0, -50, -50, 0, -2500, 'na', 32.6, 81500, '2016-09-26 04:27:25', 2),
(808, 56, 'CustomManage', 0, 'Custom-09201626', 107, 'Custom-092016260107', 0, 171, 50, 0, 8550, 'na', 0, 0, '2016-09-26 04:31:35', 2);
INSERT INTO `product_accounts` (`id`, `pd_id`, `order_sales_manage_status`, `supplier_customerid`, `osm_content_code`, `osm_id`, `osm_fulll_id`, `stock_kg`, `stock_bag`, `bag_size`, `unit_number`, `total_kg`, `nots`, `auto_sales_pursess_unit_price`, `total_price`, `create_date`, `insert_id`) VALUES
(809, 56, 'SalesManage', 86, 'Sales-09201626', 509, 'Sales-092016260509', -0, -25, -50, 0, -1250, 'Na', 32, 40000, '2016-09-26 10:35:23', 2),
(810, 56, 'SalesManage', 97, 'Sales-09201626', 510, 'Sales-092016260510', -0, -40, -50, 0, -2000, 'na', 31.1, 62200, '2016-09-26 10:38:46', 2),
(811, 56, 'SalesManage', 93, 'Sales-09201627', 511, 'Sales-092016270511', -0, -10, -50, 0, -500, 'na', 31.6, 15800, '2016-09-27 10:12:54', 2),
(812, 56, 'CustomManage', 0, 'Custom-09201627', 108, 'Custom-092016270108', 0, 441, 50, 0, 22050, 'na', 0, 0, '2016-09-27 10:16:48', 2),
(813, 56, 'SalesManage', 103, 'Sales-09201628', 512, 'Sales-092016280512', -0, -10, -50, 0, -500, 'na', 31.6, 15800, '2016-09-28 11:19:28', 2),
(814, 56, 'SalesManage', 121, 'Sales-09201628', 513, 'Sales-092016280513', -0, -13, -50, 0, -650, 'na', 31.6, 20540, '2016-09-28 11:21:00', 2),
(815, 56, 'SalesManage', 116, 'Sales-09201628', 514, 'Sales-092016280514', -0, -10, -50, 0, -500, 'Na', 31.6, 15800, '2016-09-28 11:21:53', 2),
(816, 56, 'SalesManage', 99, 'Sales-09201629', 515, 'Sales-092016290515', -0, -10, -50, 0, -500, 'na', 31.6, 15800, '2016-09-29 09:26:30', 2),
(817, 56, 'SalesManage', 91, 'Sales-09201629', 516, 'Sales-092016290516', -0, -20, -50, 0, -1000, 'na', 34.5, 34500, '2016-09-29 09:32:13', 2),
(818, 56, 'SalesManage', 87, 'Sales-09201629', 517, 'Sales-092016290517', -0, -10, -50, 0, -500, 'na', 31.6, 15800, '2016-09-29 09:35:54', 2),
(819, 56, 'SalesManage', 82, 'Sales-09201629', 518, 'Sales-092016290518', -0, -50, -50, 0, -2500, 'na', 32.6, 81500, '2016-09-29 09:37:50', 2),
(820, 56, 'SalesManage', 84, 'Sales-09201629', 519, 'Sales-092016290519', -0, -20, -50, 0, -1000, 'na', 32.3, 32300, '2016-09-29 09:39:58', 2),
(821, 56, 'SalesManage', 95, 'Sales-09201629', 520, 'Sales-092016290520', -0, -5, -50, 0, -250, 'na', 32.3, 8075, '2016-09-29 09:42:19', 2),
(822, 55, 'SalesManage', 95, 'Sales-09201629', 520, 'Sales-092016290520', -0, -5, -50, 0, -250, 'na', 34.3, 8575, '2016-09-29 09:42:19', 2),
(823, 56, 'SalesManage', 89, 'Sales-09201629', 521, 'Sales-092016290521', -0, -10, -50, 0, -500, 'na', 31.6, 15800, '2016-09-29 09:45:03', 2),
(824, 56, 'SalesManage', 97, 'Sales-09201629', 522, 'Sales-092016290522', -0, -50, -50, 0, -2500, 'Krishi Bank TT-100000', 31.1, 77750, '2016-09-29 12:18:15', 2),
(825, 56, 'CustomManage', 0, 'Custom-09201629', 109, 'Custom-092016290109', -0, -40, -50, 0, -2000, 'Vul Bosoto ', 0, 0, '2016-09-29 12:34:01', 2),
(826, 55, 'CustomManage', 0, 'Custom-09201629', 110, 'Custom-092016290110', 0, 40, 50, 0, 2000, 'Na', 0, 0, '2016-09-29 12:34:24', 2),
(827, 56, 'SalesManage', 98, 'Sales-09201630', 523, 'Sales-092016300523', -0, -30, -50, 0, -1500, 'na', 31.6, 47400, '2016-09-30 08:23:57', 2),
(828, 55, 'SalesManage', 98, 'Sales-09201630', 523, 'Sales-092016300523', -0, -15, -50, 0, -750, 'na', 32.5, 24375, '2016-09-30 08:23:57', 2),
(829, 56, 'SalesManage', 118, 'Sales-09201630', 524, 'Sales-092016300524', -0, -100, -50, 0, -5000, 'Na', 31.6, 158000, '2016-09-30 11:35:26', 2),
(830, 56, 'SalesManage', 82, 'Sales-10201602', 525, 'Sales-102016020525', -0, -70, -50, 0, -3500, 'Khanubari', 32.6, 114100, '2016-10-02 10:58:32', 2),
(831, 56, 'SalesManage', 95, 'Sales-10201602', 526, 'Sales-102016020526', -0, -10, -50, 0, -500, 'n', 32.3, 16150, '2016-10-02 12:36:08', 2),
(832, 55, 'SalesManage', 95, 'Sales-10201602', 526, 'Sales-102016020526', -0, -5, -50, 0, -250, 'n', 34.3, 8575, '2016-10-02 12:36:08', 2),
(833, 56, 'SalesManage', 91, 'Sales-10201602', 527, 'Sales-102016020527', -0, -20, -50, 0, -1000, 'na', 34.5, 34500, '2016-10-02 12:38:58', 2),
(834, 56, 'SalesManage', 84, 'Sales-10201602', 528, 'Sales-102016020528', -0, -20, -50, 0, -1000, 'na', 32.3, 32300, '2016-10-02 12:40:41', 2),
(835, 56, 'SalesManage', 116, 'Sales-10201602', 529, 'Sales-102016020529', -0, -10, -50, 0, -500, 'na', 31.6, 15800, '2016-10-02 12:41:46', 2),
(836, 55, 'SalesManage', 98, 'Sales-10201602', 530, 'Sales-102016020530', -0, -15, -50, 0, -750, 'na', 32.5, 24375, '2016-10-02 12:48:34', 2),
(837, 56, 'SalesManage', 98, 'Sales-10201602', 530, 'Sales-102016020530', -0, -30, -50, 0, -1500, 'na', 31.6, 47400, '2016-10-02 12:48:34', 2),
(838, 56, 'CustomManage', 0, 'Custom-10201602', 111, 'Custom-102016020111', 0, 106, 50, 0, 5300, '30.09.16', 0, 0, '2016-10-02 12:59:34', 2),
(839, 56, 'CustomManage', 0, 'Custom-10201602', 112, 'Custom-102016020112', 0, 62, 50, 0, 3100, 'b', 0, 0, '2016-10-02 12:59:50', 2),
(840, 56, 'SalesManage', 103, 'Sales-10201603', 531, 'Sales-102016030531', -0, -10, -50, 0, -500, 'na', 31.6, 15800, '2016-10-03 08:08:51', 2),
(841, 56, 'SalesManage', 86, 'Sales-10201603', 532, 'Sales-102016030532', -0, -35, -50, 0, -1750, 'na', 32, 56000, '2016-10-03 08:09:52', 2),
(842, 56, 'SalesManage', 83, 'Sales-10201603', 533, 'Sales-102016030533', -0, -50, -50, 0, -2500, 'na', 31.6, 79000, '2016-10-03 08:10:59', 2),
(843, 56, 'SalesManage', 97, 'Sales-10201603', 534, 'Sales-102016030534', -0, -20, -50, 0, -1000, 'na', 31.1, 31100, '2016-10-03 08:12:12', 2),
(844, 56, 'SalesManage', 87, 'Sales-10201603', 535, 'Sales-102016030535', -0, -10, -50, 0, -500, 'na', 31.6, 15800, '2016-10-03 08:13:16', 2),
(845, 59, 'SalesManage', 93, 'Sales-10201603', 536, 'Sales-102016030536', -0, -1, -50, 0, -50, '01.10.16', 41.1, 2055, '2016-10-03 08:17:55', 2),
(846, 53, 'SalesManage', 93, 'Sales-10201603', 537, 'Sales-102016030537', -0, -5, -50, 0, -250, 'b', 35.4, 8850, '2016-10-03 08:18:55', 2),
(847, 56, 'SalesManage', 93, 'Sales-10201603', 538, 'Sales-102016030538', -0, -10, -50, 0, -500, 'na', 31.6, 15800, '2016-10-03 08:19:33', 2),
(848, 59, 'SalesManage', 89, 'Sales-10201603', 539, 'Sales-102016030539', -0, -7, -50, 0, -350, 'n', 41.5, 14525, '2016-10-03 08:21:36', 2),
(849, 53, 'SalesManage', 89, 'Sales-10201603', 540, 'Sales-102016030540', -0, -5, -50, 0, -250, 'na', 35.4, 8850, '2016-10-03 08:22:57', 2),
(850, 59, 'CustomManage', 0, 'Custom-10201603', 113, 'Custom-102016030113', 0, 18, 50, 0, 900, 'Totel', 0, 0, '2016-10-03 08:23:58', 2),
(851, 53, 'CustomManage', 0, 'Custom-10201603', 114, 'Custom-102016030114', 0, 100, 50, 0, 5000, 'Banaya ana', 0, 0, '2016-10-03 11:25:19', 2),
(852, 56, 'SalesManage', 98, 'Sales-10201603', 541, 'Sales-102016030541', -0, -200, -50, 0, -10000, 'na', 31.6, 316000, '2016-10-03 11:31:08', 2),
(853, 56, 'CustomManage', 0, 'Custom-10201603', 115, 'Custom-102016030115', 0, 310, 50, 0, 15500, 'n', 0, 0, '2016-10-03 12:46:27', 2),
(854, 55, 'CustomManage', 0, 'Custom-10201603', 115, 'Custom-102016030115', 0, 20, 50, 0, 1000, 'n', 0, 0, '2016-10-03 12:46:27', 2),
(855, 56, 'SalesManage', 89, 'Sales-10201604', 542, 'Sales-102016040542', -0, -10, -50, 0, -500, 'na', 31.6, 15800, '2016-10-04 11:25:12', 2),
(856, 56, 'SalesManage', 97, 'Sales-10201604', 543, 'Sales-102016040543', -0, -50, -50, 0, -2500, 'na', 31.1, 77750, '2016-10-04 11:27:54', 2),
(857, 56, 'SalesManage', 121, 'Sales-10201604', 544, 'Sales-102016040544', -0, -12, -50, 0, -600, 'na', 31.6, 18960, '2016-10-04 11:28:55', 2),
(858, 56, 'CustomManage', 0, 'Custom-10201604', 116, 'Custom-102016040116', 0, 166, 50, 0, 8300, 'n', 0, 0, '2016-10-04 12:41:16', 2),
(859, 56, 'SalesManage', 99, 'Sales-10201605', 545, 'Sales-102016050545', -0, -10, -50, 0, -500, 'na', 31.6, 15800, '2016-10-05 12:12:43', 2),
(860, 56, 'SalesManage', 82, 'Sales-10201605', 546, 'Sales-102016050546', -0, -50, -50, 0, -2500, 'na', 32.6, 81500, '2016-10-05 12:13:46', 2),
(861, 56, 'CustomManage', 0, 'Custom-10201605', 117, 'Custom-102016050117', 0, 43, 50, 0, 2150, 'na', 0, 0, '2016-10-05 12:14:26', 2),
(862, 55, 'SalesManage', 95, 'Sales-10201605', 547, 'Sales-102016050547', -0, -5, -50, 0, -250, 'na', 34.3, 8575, '2016-10-05 12:15:39', 2),
(863, 56, 'SalesManage', 93, 'Sales-10201606', 548, 'Sales-102016060548', -0, -10, -50, 0, -500, 'na', 31.6, 15800, '2016-10-06 12:07:58', 2),
(864, 56, 'SalesManage', 91, 'Sales-10201606', 549, 'Sales-102016060549', -0, -20, -50, 0, -1000, 'na', 34.5, 34500, '2016-10-06 12:10:34', 2),
(865, 56, 'SalesManage', 84, 'Sales-10201606', 550, 'Sales-102016060550', -0, -20, -50, 0, -1000, 'na', 32.3, 32300, '2016-10-06 12:11:56', 2),
(866, 56, 'SalesManage', 95, 'Sales-10201608', 551, 'Sales-102016080551', -0, -10, -50, 0, -500, 'ba', 32.3, 16150, '2016-10-08 04:29:40', 2),
(867, 56, 'SalesManage', 87, 'Sales-10201608', 552, 'Sales-102016080552', -0, -10, -50, 0, -500, 'na', 31.6, 15800, '2016-10-08 04:31:43', 2),
(868, 56, 'SalesManage', 103, 'Sales-10201608', 553, 'Sales-102016080553', -0, -10, -50, 0, -500, 'na', 31.6, 15800, '2016-10-08 04:33:40', 2),
(869, 56, 'SalesManage', 122, 'Sales-10201608', 554, 'Sales-102016080554', -0, -10, -50, 0, -500, 'na', 31.6, 15800, '2016-10-08 04:43:28', 2),
(870, 56, 'SalesManage', 122, 'Sales-10201608', 555, 'Sales-102016080555', -0, -10, -50, 0, -500, 'na', 31.6, 15800, '2016-10-08 04:43:56', 2),
(871, 56, 'SalesManage', 97, 'Sales-10201608', 556, 'Sales-102016080556', -0, -40, -50, 0, -2000, 'na', 31.1, 62200, '2016-10-08 04:51:38', 2),
(872, 56, 'CustomManage', 0, 'Custom-10201608', 118, 'Custom-102016080118', 0, 210, 50, 0, 10500, 'na', 0, 0, '2016-10-08 04:52:05', 2),
(873, 56, 'CustomManage', 0, 'Custom-10201608', 119, 'Custom-102016080119', 0, 39, 50, 0, 1950, 'Shajahan Back', 0, 0, '2016-10-08 04:52:33', 2),
(874, 56, 'SalesManage', 95, 'Sales-10201608', 557, 'Sales-102016080557', -0, -10, -50, 0, -500, 'na', 32.3, 16150, '2016-10-08 08:06:12', 2),
(875, 55, 'SalesManage', 95, 'Sales-10201608', 557, 'Sales-102016080557', -0, -10, -50, 0, -500, 'na', 34.3, 17150, '2016-10-08 08:06:12', 2),
(876, 56, 'SalesManage', 84, 'Sales-10201608', 558, 'Sales-102016080558', -0, -20, -50, 0, -1000, 'na', 32.3, 32300, '2016-10-08 08:07:03', 2),
(877, 56, 'SalesManage', 89, 'Sales-10201608', 559, 'Sales-102016080559', -0, -10, -50, 0, -500, 'na', 31.6, 15800, '2016-10-08 08:09:06', 2),
(878, 55, 'SalesManage', 89, 'Sales-10201608', 559, 'Sales-102016080559', -0, -5, -50, 0, -250, 'na', 35.4, 8850, '2016-10-08 08:09:06', 2),
(879, 53, 'SalesManage', 93, 'Sales-10201608', 560, 'Sales-102016080560', -0, -5, -50, 0, -250, 'na', 35.4, 8850, '2016-10-08 08:12:25', 2),
(880, 55, 'CustomManage', 0, 'Custom-10201608', 120, 'Custom-102016080120', 0, 5, 50, 0, 250, 'Vul', 0, 0, '2016-10-08 08:13:42', 2),
(881, 56, 'SalesManage', 82, 'Sales-10201608', 561, 'Sales-102016080561', -0, -70, -50, 0, -3500, 'na', 32.6, 114100, '2016-10-08 11:43:57', 2),
(882, 56, 'SalesManage', 116, 'Sales-10201609', 562, 'Sales-102016090562', -0, -10, -50, 0, -500, 'n', 31.6, 15800, '2016-10-09 08:46:46', 2),
(883, 56, 'SalesManage', 91, 'Sales-10201609', 563, 'Sales-102016090563', -0, -20, -50, 0, -1000, 'na', 34.5, 34500, '2016-10-09 08:48:55', 2),
(884, 56, 'SalesManage', 99, 'Sales-10201609', 564, 'Sales-102016090564', -0, -10, -50, 0, -500, 'n', 31.6, 15800, '2016-10-09 08:50:54', 2),
(885, 56, 'CustomManage', 0, 'Custom-10201609', 121, 'Custom-102016090121', 0, 128, 50, 0, 6400, 'Na', 0, 0, '2016-10-09 11:21:38', 2),
(886, 55, 'CustomManage', 0, 'Custom-10201609', 122, 'Custom-102016090122', 0, 20, 50, 0, 1000, 'na', 0, 0, '2016-10-09 11:22:10', 2),
(887, 56, 'SalesManage', 86, 'Sales-10201610', 565, 'Sales-102016100565', -0, -35, -50, 0, -1750, 'b', 32, 56000, '2016-10-10 11:00:13', 2),
(888, 56, 'CustomManage', 0, 'Custom-10201610', 123, 'Custom-102016100123', 0, 104, 50, 0, 5200, 'na', 0, 0, '2016-10-10 11:10:43', 2),
(889, 56, 'SalesManage', 97, 'Sales-10201611', 566, 'Sales-102016110566', -0, -50, -50, 0, -2500, '10.10.16', 31.1, 77750, '2016-10-11 12:11:48', 2),
(890, 56, 'SalesManage', 88, 'Sales-10201611', 567, 'Sales-102016110567', -0, -15, -50, 0, -750, 'na', 31.6, 23700, '2016-10-11 12:13:21', 2),
(891, 56, 'SalesManage', 93, 'Sales-10201611', 568, 'Sales-102016110568', -0, -10, -50, 0, -500, 'na', 31.6, 15800, '2016-10-11 12:14:33', 2),
(892, 56, 'SalesManage', 82, 'Sales-10201611', 569, 'Sales-102016110569', -0, -50, -50, 0, -2500, 'na', 32.6, 81500, '2016-10-11 12:16:56', 2),
(893, 56, 'SalesManage', 87, 'Sales-10201611', 570, 'Sales-102016110570', -0, -10, -50, 0, -500, 'na', 31.6, 15800, '2016-10-11 12:17:53', 2),
(894, 56, 'SalesManage', 121, 'Sales-10201611', 571, 'Sales-102016110571', -0, -12, -50, 0, -600, 'na', 31.6, 18960, '2016-10-11 12:19:02', 2),
(895, 56, 'SalesManage', 89, 'Sales-10201611', 572, 'Sales-102016110572', -0, -10, -50, 0, -500, 'na', 31.6, 15800, '2016-10-11 12:23:08', 2),
(896, 56, 'SalesManage', 95, 'Sales-10201613', 573, 'Sales-102016130573', -0, -10, -50, 0, -500, 'na', 32.3, 16150, '2016-10-13 07:01:50', 2),
(897, 55, 'SalesManage', 95, 'Sales-10201613', 574, 'Sales-102016130574', -0, -5, -50, 0, -250, 'na', 34.3, 8575, '2016-10-13 07:03:51', 2),
(898, 56, 'SalesManage', 122, 'Sales-10201613', 575, 'Sales-102016130575', -0, -10, -50, 0, -500, 'na', 31.6, 15800, '2016-10-13 07:05:28', 2),
(899, 56, 'SalesManage', 103, 'Sales-10201613', 576, 'Sales-102016130576', -0, -10, -50, 0, -500, 'na', 31.6, 15800, '2016-10-13 07:06:42', 2),
(900, 56, 'SalesManage', 118, 'Sales-10201613', 577, 'Sales-102016130577', -0, -100, -50, 0, -5000, 'na', 31.6, 158000, '2016-10-13 07:07:51', 2),
(901, 56, 'SalesManage', 91, 'Sales-10201613', 578, 'Sales-102016130578', -0, -20, -50, 0, -1000, 'na', 34.5, 34500, '2016-10-13 07:09:26', 2),
(902, 56, 'SalesManage', 84, 'Sales-10201613', 579, 'Sales-102016130579', -0, -25, -50, 0, -1250, 'na', 32.3, 40375, '2016-10-13 07:13:22', 2),
(903, 56, 'SalesManage', 122, 'Sales-10201613', 580, 'Sales-102016130580', -0, -20, -50, 0, -1000, 'na', 31.6, 31600, '2016-10-13 11:40:07', 2),
(904, 56, 'CustomManage', 0, 'Custom-10201613', 124, 'Custom-102016130124', 0, 209, 50, 0, 10450, 'na', 0, 0, '2016-10-13 11:45:22', 2),
(905, 56, 'SalesManage', 116, 'Sales-10201614', 581, 'Sales-102016140581', -0, -10, -50, 0, -500, 'na', 31.6, 15800, '2016-10-14 11:54:03', 2),
(906, 56, 'SalesManage', 97, 'Sales-10201614', 582, 'Sales-102016140582', -0, -50, -50, 0, -2500, 'na', 31.1, 77750, '2016-10-14 11:55:24', 2),
(907, 56, 'SalesManage', 99, 'Sales-10201614', 583, 'Sales-102016140583', -0, -10, -50, 0, -500, 'na', 31.6, 15800, '2016-10-14 11:56:56', 2),
(908, 56, 'SalesManage', 113, 'Sales-10201614', 584, 'Sales-102016140584', -0, -50, -50, 0, -2500, 'Na', 31.6, 79000, '2016-10-14 11:58:29', 2),
(909, 56, 'CustomManage', 0, 'Custom-10201614', 125, 'Custom-102016140125', 0, 167, 50, 0, 8350, 'Na', 0, 0, '2016-10-14 12:00:06', 2),
(910, 56, 'SalesManage', 87, 'Sales-10201615', 585, 'Sales-102016150585', -0, -10, -50, 0, -500, 'Na', 31.6, 15800, '2016-10-15 10:53:06', 2),
(911, 56, 'SalesManage', 95, 'Sales-10201615', 586, 'Sales-102016150586', -0, -10, -50, 0, -500, 'Na', 32.3, 16150, '2016-10-15 10:54:53', 2),
(912, 56, 'CustomManage', 0, 'Custom-10201615', 126, 'Custom-102016150126', 0, 210, 50, 0, 10500, 'Na', 0, 0, '2016-10-15 10:56:17', 2),
(913, 56, 'SalesManage', 82, 'Sales-10201615', 587, 'Sales-102016150587', -0, -50, -50, 0, -2500, 'Na', 32.6, 81500, '2016-10-15 11:41:45', 2),
(914, 54, 'SalesManage', 89, 'Sales-10201615', 588, 'Sales-102016150588', -0, -5, -50, 0, -250, 'na', 35.4, 8850, '2016-10-15 12:20:17', 2),
(915, 56, 'SalesManage', 93, 'Sales-10201616', 589, 'Sales-102016160589', -0, -10, -50, 0, -500, 'na', 31.6, 15800, '2016-10-16 11:47:29', 2),
(916, 54, 'SalesManage', 93, 'Sales-10201616', 589, 'Sales-102016160589', -0, -8, -50, 0, -400, 'na', 35.4, 14160, '2016-10-16 11:47:29', 2),
(917, 56, 'SalesManage', 89, 'Sales-10201616', 590, 'Sales-102016160590', -0, -10, -50, 0, -500, 'Na', 31.6, 15800, '2016-10-16 11:50:32', 2),
(918, 55, 'SalesManage', 95, 'Sales-10201616', 591, 'Sales-102016160591', -0, -5, -50, 0, -250, 'na', 34.3, 8575, '2016-10-16 11:53:16', 2),
(919, 56, 'SalesManage', 84, 'Sales-10201616', 592, 'Sales-102016160592', -0, -25, -50, 0, -1250, 'na', 32.3, 40375, '2016-10-16 11:55:32', 2),
(920, 56, 'SalesManage', 82, 'Sales-10201616', 593, 'Sales-102016160593', -0, -70, -50, 0, -3500, 'Khanubari', 32.6, 114100, '2016-10-16 11:58:05', 2),
(921, 56, 'SalesManage', 98, 'Sales-10201617', 594, 'Sales-102016170594', -0, -120, -50, 0, -6000, 'Na', 31.6, 189600, '2016-10-17 10:23:15', 2),
(922, 56, 'SalesManage', 97, 'Sales-10201617', 595, 'Sales-102016170595', -0, -50, -50, 0, -2500, 'Na', 31.1, 77750, '2016-10-17 10:26:06', 2),
(923, 56, 'SalesManage', 86, 'Sales-10201617', 596, 'Sales-102016170596', -0, -35, -50, 0, -1750, 'Na', 32, 56000, '2016-10-17 10:27:16', 2),
(924, 56, 'SalesManage', 91, 'Sales-10201617', 597, 'Sales-102016170597', -0, -20, -50, 0, -1000, 'Na', 34.5, 34500, '2016-10-17 10:28:37', 2),
(925, 56, 'SalesManage', 83, 'Sales-10201617', 598, 'Sales-102016170598', -0, -50, -50, 0, -2500, 'Na', 31.6, 79000, '2016-10-17 10:31:21', 2),
(926, 56, 'SalesManage', 122, 'Sales-10201617', 599, 'Sales-102016170599', -0, -20, -50, 0, -1000, 'Na', 31.6, 31600, '2016-10-17 10:35:35', 2),
(927, 56, 'SalesManage', 103, 'Sales-10201617', 600, 'Sales-102016170600', -0, -5, -50, 0, -250, 'Na', 31.6, 7900, '2016-10-17 10:36:42', 2),
(928, 56, 'SalesManage', 121, 'Sales-10201617', 601, 'Sales-102016170601', -0, -12, -50, 0, -600, 'Na', 31.6, 18960, '2016-10-17 10:37:43', 2),
(929, 56, 'CustomManage', 0, 'Custom-10201617', 127, 'Custom-102016170127', 0, 210, 50, 0, 10500, 'na', 0, 0, '2016-10-17 10:43:55', 2),
(930, 56, 'SalesManage', 116, 'Sales-10201619', 602, 'Sales-102016190602', -0, -15, -50, 0, -750, '18.10.16', 31.6, 23700, '2016-10-19 10:56:27', 2),
(931, 56, 'SalesManage', 84, 'Sales-10201619', 603, 'Sales-102016190603', -0, -20, -50, 0, -1000, 'n', 32.3, 32300, '2016-10-19 10:57:22', 2),
(932, 55, 'SalesManage', 95, 'Sales-10201619', 604, 'Sales-102016190604', -0, -5, -50, 0, -250, 'na', 34.3, 8575, '2016-10-19 10:58:43', 2),
(933, 56, 'SalesManage', 95, 'Sales-10201619', 604, 'Sales-102016190604', -0, -10, -50, 0, -500, 'na', 32.3, 16150, '2016-10-19 10:58:43', 2),
(934, 56, 'SalesManage', 99, 'Sales-10201619', 605, 'Sales-102016190605', -0, -10, -50, 0, -500, 'Na', 31.6, 15800, '2016-10-19 10:59:48', 2),
(935, 56, 'SalesManage', 118, 'Sales-10201619', 606, 'Sales-102016190606', -0, -100, -50, 0, -5000, 'Na', 31.6, 158000, '2016-10-19 11:00:42', 2),
(936, 56, 'CustomManage', 0, 'Custom-10201619', 128, 'Custom-102016190128', 0, 382, 50, 0, 19100, 'Na', 0, 0, '2016-10-19 11:04:27', 2),
(937, 56, 'CustomManage', 0, 'Custom-10201619', 129, 'Custom-102016190129', 0, 21, 50, 0, 1050, 'Monir', 0, 0, '2016-10-19 12:38:53', 2),
(938, 56, 'SalesManage', 87, 'Sales-10201620', 607, 'Sales-102016200607', -0, -10, -50, 0, -500, 'Na', 31.6, 15800, '2016-10-20 12:02:34', 2),
(939, 56, 'SalesManage', 93, 'Sales-10201620', 608, 'Sales-102016200608', -0, -10, -50, 0, -500, 'Na', 31.6, 15800, '2016-10-20 12:03:44', 2),
(940, 56, 'SalesManage', 89, 'Sales-10201620', 609, 'Sales-102016200609', -0, -10, -50, 0, -500, 'Na', 31.6, 15800, '2016-10-20 12:07:04', 2),
(941, 54, 'SalesManage', 89, 'Sales-10201620', 609, 'Sales-102016200609', -0, -5, -50, 0, -250, 'Na', 35.4, 8850, '2016-10-20 12:07:04', 2),
(942, 56, 'SalesManage', 113, 'Sales-10201620', 610, 'Sales-102016200610', -0, -50, -50, 0, -2500, 'Na', 31.6, 79000, '2016-10-20 12:08:05', 2),
(943, 56, 'SalesManage', 103, 'Sales-10201620', 611, 'Sales-102016200611', -0, -20, -50, 0, -1000, 'Na', 31.6, 31600, '2016-10-20 12:10:28', 2),
(944, 56, 'SalesManage', 88, 'Sales-10201620', 612, 'Sales-102016200612', -0, -10, -50, 0, -500, 'Na', 31.6, 15800, '2016-10-20 12:11:58', 2),
(945, 56, 'SalesManage', 97, 'Sales-10201620', 613, 'Sales-102016200613', -0, -50, -50, 0, -2500, 'na', 31.1, 77750, '2016-10-20 12:42:44', 2),
(946, 56, 'SalesManage', 122, 'Sales-10201623', 614, 'Sales-102016230614', -0, -20, -50, 0, -1000, '21.10.16', 31.6, 31600, '2016-10-23 07:40:10', 2),
(947, 56, 'SalesManage', 91, 'Sales-10201623', 615, 'Sales-102016230615', -0, -20, -50, 0, -1000, '21.10.16', 34.5, 34500, '2016-10-23 07:41:10', 2),
(948, 56, 'SalesManage', 82, 'Sales-10201623', 616, 'Sales-102016230616', -0, -50, -50, 0, -2500, 'Na', 32.6, 81500, '2016-10-23 07:49:41', 2),
(949, 56, 'SalesManage', 95, 'Sales-10201623', 617, 'Sales-102016230617', -0, -10, -50, 0, -500, '22.10.16', 32.3, 16150, '2016-10-23 07:51:36', 2),
(950, 55, 'SalesManage', 95, 'Sales-10201623', 617, 'Sales-102016230617', -0, -10, -50, 0, -500, '22.10.16', 34.3, 17150, '2016-10-23 07:51:36', 2),
(951, 54, 'SalesManage', 93, 'Sales-10201623', 618, 'Sales-102016230618', -0, -5, -50, 0, -250, 'na', 35.4, 8850, '2016-10-23 07:52:58', 2),
(952, 56, 'SalesManage', 85, 'Sales-10201623', 619, 'Sales-102016230619', -0, -50, -50, 0, -2500, 'na', 31.6, 79000, '2016-10-23 07:57:31', 2),
(953, 56, 'CustomManage', 0, 'Custom-10201623', 130, 'Custom-102016230130', 0, 168, 50, 0, 8400, 'na', 0, 0, '2016-10-23 08:05:02', 2);

-- --------------------------------------------------------

--
-- Table structure for table `product_osm_accounts`
--

CREATE TABLE IF NOT EXISTS `product_osm_accounts` (
  `id` int(11) NOT NULL AUTO_INCREMENT,
  `osm_full_id` varchar(60) NOT NULL,
  `sales_purchase_status` varchar(30) NOT NULL DEFAULT 'Sales',
  `customer_supplier_id` int(11) NOT NULL,
  `truck_no` varchar(40) NOT NULL,
  `truck_rate` float NOT NULL DEFAULT '0',
  `totla_kg` float NOT NULL DEFAULT '0',
  `total_bag` float NOT NULL DEFAULT '0',
  `total_unit` float NOT NULL DEFAULT '0',
  `subtotal` float NOT NULL DEFAULT '0',
  `discount_amount` float NOT NULL DEFAULT '0',
  `final_amount` float NOT NULL DEFAULT '0',
  `payment_amount` float NOT NULL DEFAULT '0',
  `create_date` timestamp NOT NULL DEFAULT CURRENT_TIMESTAMP,
  PRIMARY KEY (`id`),
  KEY `customer_id` (`customer_supplier_id`)
) ENGINE=InnoDB  DEFAULT CHARSET=latin1 AUTO_INCREMENT=741 ;

--
-- Dumping data for table `product_osm_accounts`
--

INSERT INTO `product_osm_accounts` (`id`, `osm_full_id`, `sales_purchase_status`, `customer_supplier_id`, `truck_no`, `truck_rate`, `totla_kg`, `total_bag`, `total_unit`, `subtotal`, `discount_amount`, `final_amount`, `payment_amount`, `create_date`) VALUES
(102, 'Sales-0520162701', 'Sales', 95, 'BY VAN', 0, 750, 15, 0, 23100, 0, 23100, 0, '2016-05-27 11:30:07'),
(103, 'Sales-0520162702', 'Sales', 82, 'BY VAN', 0, 1500, 30, 0, 47400, 0, 47400, 0, '2016-05-27 11:40:29'),
(104, 'Sales-0520162803', 'Sales', 97, 'D.M.N-14-9127', 0, 2000, 40, 0, 61175, 0, 61175, 0, '2016-05-28 06:11:06'),
(105, 'Sales-0520162804', 'Sales', 94, 'BAY VAN', 0, 500, 10, 0, 15450, 0, 15450, 0, '2016-05-28 06:35:37'),
(106, 'Sales-0520162905', 'Sales', 82, 'By Van', 0, 4000, 80, 0, 126400, 0, 126400, 0, '2016-05-29 07:05:08'),
(107, 'Sales-0520162906', 'Sales', 89, 'By Van', 0, 1000, 20, 0, 30100, 0, 30100, 0, '2016-05-29 13:44:41'),
(108, 'Sales-0520162907', 'Sales', 84, 'NULL', 0, 1000, 20, 0, 30800, 0, 30800, 30000, '2016-05-29 13:55:17'),
(109, 'Sales-0520162908', 'Sales', 83, 'NA', 0, 2000, 40, 0, 60200, 0, 60200, 40000, '2016-05-29 14:01:24'),
(110, 'Sales-0520163109', 'Sales', 98, 'D.M.NA-14-9127', 0, 2250, 45, 0, 69225, 0, 69225, 0, '2016-05-31 05:24:24'),
(111, 'Sales-05201631010', 'Sales', 97, 'By van', 0, 2500, 50, 0, 76250, 0, 76250, 0, '2016-05-31 10:28:25'),
(112, 'Sales-06201601011', 'Sales', 84, 'NULL', 0, 1500, 30, 0, 46200, 0, 46200, 0, '2016-06-01 08:51:23'),
(113, 'Sales-06201602012', 'Sales', 89, 'BY VAN', 0, 500, 10, 0, 15550, 0, 15550, 0, '2016-06-02 06:46:21'),
(115, 'Sales-06201602014', 'Sales', 82, 'BY VAN', 0, 2500, 50, 0, 79000, 0, 79000, 0, '2016-06-02 07:31:18'),
(116, 'Sales-06201602015', 'Sales', 91, 'By Van', 0, 500, 10, 0, 17100, 0, 17100, 0, '2016-06-02 07:46:28'),
(117, 'Sales-06201602016', 'Sales', 91, 'BY VAN', 0, 750, 15, 0, 25650, 0, 25650, 0, '2016-06-02 07:50:11'),
(118, 'Sales-06201602017', 'Sales', 88, 'BY VAN', 0, 500, 10, 0, 15050, 0, 15050, 0, '2016-06-02 07:58:54'),
(119, 'Sales-06201602018', 'Sales', 86, 'BY VAN', 0, 1850, 37, 0, 57350, 0, 57350, 0, '2016-06-02 08:03:18'),
(120, 'Sales-06201602019', 'Sales', 94, 'BY VAN', 0, 400, 8, 0, 12360, 0, 12360, 0, '2016-06-02 08:10:20'),
(121, 'Sales-06201602020', 'Sales', 95, 'BY VAN', 0, 500, 10, 0, 15400, 0, 15400, 0, '2016-06-02 08:16:40'),
(122, 'Sales-06201602021', 'Sales', 92, 'BY VAN', 0, 500, 10, 0, 15050, 0, 15050, 0, '2016-06-02 08:20:36'),
(123, 'Sales-06201602022', 'Sales', 87, 'BY VAN', 0, 500, 10, 0, 15050, 0, 15050, 0, '2016-06-02 08:24:39'),
(124, 'Sales-06201602023', 'Sales', 93, 'BY VAN', 0, 500, 10, 0, 15050, 0, 15050, 0, '2016-06-02 11:42:25'),
(125, 'Sales-06201602024', 'Sales', 82, 'BY VAN', 0, 4000, 80, 0, 126400, 0, 126400, 0, '2016-06-02 13:17:47'),
(126, 'Sales-06201603025', 'Sales', 89, 'By Van', 0, 1000, 20, 0, 30100, 0, 30100, 0, '2016-06-03 04:43:59'),
(127, 'Purchase-0620160401', 'Purchase', 60, 'D.M.T-14-1922', 0, 12500, 250, 0, 528125, 0, 528125, 0, '2016-06-04 04:43:09'),
(128, 'Sales-06201604026', 'Sales', 94, 'BY VAN', 0, 300, 6, 0, 9270, 0, 9270, 0, '2016-06-04 04:47:38'),
(129, 'Purchase-0620160402', 'Purchase', 61, 'By Van', 0, 35700, 595, 0, 589050, 0, 589050, 0, '2016-06-04 08:25:37'),
(130, 'Sales-06201605027', 'Sales', 88, 'BY VAN', 0, 500, 10, 0, 15050, 0, 15050, 0, '2016-06-05 05:06:36'),
(131, 'Sales-06201605028', 'Sales', 95, 'BY VAN', 0, 750, 15, 0, 23100, 0, 23100, 0, '2016-06-05 05:10:18'),
(132, 'Sales-06201605029', 'Sales', 97, 'Belal Car', 0, 2500, 50, 0, 76150, 0, 76150, 50000, '2016-06-05 10:45:20'),
(133, 'Sales-06201606030', 'Sales', 98, 'D.M.N-14-9127', 0, 4500, 90, 0, 139050, 0, 139050, 50000, '2016-06-06 03:28:52'),
(134, 'Sales-06201606031', 'Sales', 82, 'BY VAN', 0, 2000, 40, 0, 63200, 0, 63200, 0, '2016-06-06 03:50:23'),
(135, 'Sales-06201606032', 'Sales', 92, 'BY VAN', 0, 500, 10, 0, 15050, 0, 15050, 0, '2016-06-06 03:53:05'),
(136, 'Sales-06201606033', 'Sales', 89, 'By Van', 0, 500, 10, 0, 15550, 0, 15550, 0, '2016-06-06 05:42:54'),
(137, 'Sales-06201606034', 'Sales', 84, 'By Van', 0, 1000, 20, 0, 30800, 0, 30800, 0, '2016-06-06 05:46:16'),
(138, 'Sales-06201606035', 'Sales', 86, 'By van', 0, 1850, 37, 0, 57350, 0, 57350, 0, '2016-06-06 05:54:09'),
(139, 'Sales-06201606036', 'Sales', 91, 'By Van', 0, 500, 10, 0, 17100, 0, 17100, 0, '2016-06-06 07:36:41'),
(140, 'Sales-06201606037', 'Sales', 93, 'By Van', 0, 500, 10, 0, 15050, 0, 15050, 0, '2016-06-06 07:56:09'),
(141, 'Sales-06201606038', 'Sales', 83, 'D.M.N-14-9127', 0, 2000, 40, 0, 60200, 0, 60200, 50000, '2016-06-06 10:15:22'),
(142, 'Sales-06201606039', 'Sales', 87, 'By Van', 0, 500, 10, 0, 15050, 0, 15050, 0, '2016-06-06 10:37:04'),
(143, 'Sales-06201606040', 'Sales', 82, 'By Van', 0, 4000, 80, 0, 126400, 0, 126400, 0, '2016-06-06 12:16:44'),
(144, 'Sales-06201608041', 'Sales', 94, 'By Van', 0, 500, 10, 0, 15450, 0, 15450, 0, '2016-06-08 07:30:38'),
(145, 'Purchase-0620160803', 'Purchase', 60, 'NULL', 0, 12500, 250, 0, 510000, 0, 509999, 0, '2016-06-08 08:02:43'),
(146, 'Sales-06201609042', 'Sales', 91, 'By Van', 0, 750, 15, 0, 25650, 0, 25650, 0, '2016-06-09 03:18:50'),
(147, 'Sales-06201609043', 'Sales', 89, 'BY Van', 0, 1000, 20, 0, 30100, 0, 30100, 0, '2016-06-09 03:25:21'),
(148, 'Sales-06201609044', 'Sales', 97, 'D.M.NA 14-9127', 0, 2000, 40, 0, 60875, 0, 60875, 0, '2016-06-09 04:00:19'),
(149, 'Sales-06201609045', 'Sales', 84, 'By Van', 0, 1000, 20, 0, 30800, 0, 30800, 0, '2016-06-09 09:45:53'),
(150, 'Sales-06201609046', 'Sales', 95, 'NULL', 0, 500, 10, 0, 15400, 0, 15400, 0, '2016-06-09 10:01:57'),
(151, 'Sales-06201609047', 'Sales', 93, 'NULL', 0, 500, 10, 0, 15050, 0, 15050, 0, '2016-06-09 11:18:51'),
(152, 'Sales-06201610048', 'Sales', 82, 'By Van Khanubari', 0, 1500, 30, 0, 47400, 0, 47400, 0, '2016-06-10 04:56:02'),
(153, 'Sales-06201610049', 'Sales', 88, 'By Van', 0, 500, 10, 0, 15050, 0, 15050, 0, '2016-06-10 04:57:54'),
(154, 'Sales-06201610050', 'Sales', 92, 'By Van', 0, 500, 10, 0, 15050, 0, 15050, 0, '2016-06-10 05:00:10'),
(155, 'Sales-06201610051', 'Sales', 82, 'NULL', 0, 4000, 80, 0, 126400, 0, 126400, 0, '2016-06-10 09:04:19'),
(156, 'Sales-06201611052', 'Sales', 89, 'By Van', 0, 500, 10, 0, 15550, 0, 15550, 0, '2016-06-11 04:18:14'),
(157, 'Sales-06201611053', 'Sales', 87, 'By Van', 0, 500, 10, 0, 15050, 0, 15050, 0, '2016-06-11 04:20:07'),
(158, 'Sales-06201611054', 'Sales', 94, 'By Van', 0, 300, 6, 0, 9270, 0, 9270, 0, '2016-06-11 04:22:31'),
(159, 'Sales-06201612055', 'Sales', 97, 'D.M.NA-14-9127', 0, 2500, 50, 0, 76375, 0, 76375, 40000, '2016-06-12 06:46:55'),
(160, 'Sales-06201612056', 'Sales', 91, 'By Van', 0, 1000, 20, 0, 34200, 0, 34200, 0, '2016-06-12 13:30:54'),
(161, 'Sales-06201613057', 'Sales', 98, 'NULL', 0, 4500, 90, 0, 139500, 0, 139500, 50140, '2016-06-13 04:41:51'),
(162, 'Sales-06201613058', 'Sales', 86, 'à¦¬à¦¸à§à¦¤à¦¾ à¦ªà¦¤à¦¿ à¦°à§‡à¦Ÿ à§§à', 0, 1850, 37, 0, 56980, 0, 56980, 0, '2016-06-13 05:12:59'),
(163, 'Sales-06201613059', 'Sales', 95, 'By Van', 0, 500, 10, 0, 15400, 0, 15400, 0, '2016-06-13 07:49:03'),
(164, 'Sales-06201613060', 'Sales', 84, 'By Van', 0, 1000, 20, 0, 30800, 0, 30800, 0, '2016-06-13 07:51:48'),
(165, 'Sales-06201613061', 'Sales', 88, 'By Van', 0, 500, 10, 0, 15050, 0, 15050, 0, '2016-06-13 07:56:36'),
(166, 'Sales-06201614062', 'Sales', 82, 'KhanuBari', 0, 2500, 50, 0, 79000, 0, 79000, 0, '2016-06-14 03:40:53'),
(167, 'Sales-06201614063', 'Sales', 89, 'BY VAN', 0, 1000, 20, 0, 30100, 0, 30100, 0, '2016-06-14 08:21:57'),
(168, 'Sales-06201615064', 'Sales', 92, 'By Van', 0, 500, 10, 0, 15050, 0, 15050, 0, '2016-06-15 03:40:55'),
(169, 'Sales-06201615065', 'Sales', 94, 'NULL', 0, 250, 5, 0, 7725, 0, 7725, 0, '2016-06-15 03:44:23'),
(170, 'Sales-06201616066', 'Sales', 87, 'NULL', 0, 500, 10, 0, 15050, 0, 15050, 0, '2016-06-16 12:02:36'),
(171, 'Sales-06201616067', 'Sales', 82, '15.06.16 ', 0, 4000, 80, 0, 126400, 0, 126400, 0, '2016-06-16 12:05:48'),
(172, 'Sales-06201616068', 'Sales', 89, '15.06.16', 0, 500, 10, 0, 15550, 0, 15550, 0, '2016-06-16 12:13:36'),
(173, 'Sales-06201616069', 'Sales', 95, 'NULL', 0, 500, 10, 0, 15400, 0, 15400, 0, '2016-06-16 12:16:00'),
(174, 'Sales-06201616070', 'Sales', 84, 'NULL', 0, 1000, 20, 0, 30800, 0, 30800, 0, '2016-06-16 12:18:06'),
(175, 'Sales-06201616071', 'Sales', 93, 'NULL', 0, 500, 10, 0, 15050, 0, 15050, 0, '2016-06-16 12:19:22'),
(176, 'Sales-06201616072', 'Sales', 97, '15.06.16 Delivary', 0, 2500, 50, 0, 76150, 0, 76150, 20000, '2016-06-16 13:31:42'),
(177, 'Sales-06201616073', 'Sales', 99, '15.06.16 Delivary', 0, 500, 10, 0, 15050, 0, 15050, 0, '2016-06-16 13:36:51'),
(178, 'Sales-06201616074', 'Sales', 100, '15.06.16', 0, 1000, 20, 0, 30100, 0, 30100, 0, '2016-06-16 13:42:18'),
(179, 'Sales-06201617075', 'Sales', 99, 'NULL', 0, 500, 10, 0, 15050, 0, 15050, 0, '2016-06-17 05:33:51'),
(180, 'Sales-06201617076', 'Sales', 101, 'D.M.N-14-9127', 0, 2500, 50, 0, 75250, 0, 75250, 0, '2016-06-17 06:51:04'),
(181, 'Sales-06201617077', 'Sales', 91, 'By Van', 0, 500, 10, 0, 16500, 0, 16500, 0, '2016-06-17 15:59:29'),
(182, 'Sales-06201618078', 'Sales', 88, 'NULL', 0, 500, 10, 0, 15050, 0, 15050, 0, '2016-06-18 09:45:02'),
(183, 'Sales-06201619079', 'Sales', 82, 'NULL', 0, 4000, 80, 0, 126400, 0, 126400, 163000, '2016-06-19 14:26:39'),
(184, 'Sales-06201619080', 'Sales', 97, 'NULL', 0, 2500, 50, 0, 76375, 0, 76375, 40000, '2016-06-19 14:32:29'),
(185, 'Purchase-0620161904', 'Purchase', 61, 'NULL', 0, 32160, 536, 0, 546720, 0, 546720, 0, '2016-06-19 14:49:44'),
(186, 'Sales-06201620081', 'Sales', 82, 'Khanubari', 0, 1000, 20, 0, 31600, 0, 31600, 0, '2016-06-20 03:25:34'),
(187, 'Sales-06201620082', 'Sales', 99, 'By Van', 0, 500, 10, 0, 15050, 0, 15050, 0, '2016-06-20 03:26:33'),
(188, 'Sales-06201620083', 'Sales', 92, 'By Van', 0, 500, 10, 0, 15050, 0, 15050, 0, '2016-06-20 03:27:30'),
(189, 'Sales-06201620084', 'Sales', 102, 'NULL', 0, 250, 5, 0, 7525, 0, 7525, 0, '2016-06-20 05:16:45'),
(190, 'Sales-06201620085', 'Sales', 87, 'By Van', 0, 500, 10, 0, 15050, 0, 15050, 0, '2016-06-20 07:10:58'),
(191, 'Sales-06201620086', 'Sales', 89, 'By Van', 0, 1000, 20, 0, 30100, 0, 30100, 0, '2016-06-20 07:12:39'),
(192, 'Sales-06201620087', 'Sales', 84, 'By Van', 0, 1000, 20, 0, 30800, 0, 30800, 0, '2016-06-20 07:14:07'),
(193, 'Sales-06201620088', 'Sales', 95, 'By Van', 0, 500, 10, 0, 15400, 0, 15400, 0, '2016-06-20 07:18:47'),
(194, 'Sales-06201620089', 'Sales', 93, 'By Van', 0, 500, 10, 0, 15050, 0, 15050, 0, '2016-06-20 07:20:20'),
(195, 'Purchase-0620162005', 'Purchase', 84, 'Na', 0, 30000, 500, 0, 500100, 0, 500100, 0, '2016-06-20 10:55:27'),
(196, 'Sales-06201620090', 'Sales', 91, 'NULL', 0, 750, 15, 0, 24750, 0, 24750, 0, '2016-06-20 11:05:06'),
(197, 'Sales-06201620091', 'Sales', 83, '19.06.16 Delivary', 0, 2500, 50, 0, 75250, 0, 75250, 0, '2016-06-20 11:12:41'),
(198, 'Sales-06201620092', 'Sales', 94, '18.06.16 -Delivary ', 0, 500, 10, 0, 15450, 0, 15450, 0, '2016-06-20 11:57:51'),
(199, 'Sales-06201621093', 'Sales', 86, 'By Van', 0, 1850, 37, 0, 56980, 0, 56980, 0, '2016-06-21 04:01:56'),
(200, 'Sales-06201622094', 'Sales', 88, 'By Van', 0, 500, 10, 0, 15050, 0, 15050, 0, '2016-06-22 09:29:58'),
(203, 'Sales-06201622097', 'Sales', 97, 'D.M.N-14-9127', 0, 2500, 50, 0, 76375, 0, 76375, 0, '2016-06-22 13:26:39'),
(204, 'Sales-06201624098', 'Sales', 84, 'NULL', 0, 1000, 20, 0, 30800, 0, 30800, 20000, '2016-06-24 05:56:19'),
(205, 'Sales-06201624099', 'Sales', 95, 'NULL', 0, 500, 10, 0, 15400, 0, 15400, 9000, '2016-06-24 05:58:10'),
(206, 'Sales-062016240100', 'Sales', 92, 'NULL', 0, 500, 10, 0, 15050, 0, 15050, 0, '2016-06-24 06:31:57'),
(207, 'Sales-062016240101', 'Sales', 82, 'NULL', 0, 2500, 50, 0, 79000, 0, 79000, 0, '2016-06-24 06:57:40'),
(208, 'Sales-062016240102', 'Sales', 82, 'NULL', 0, 4000, 80, 0, 126400, 0, 126400, 0, '2016-06-24 06:58:58'),
(209, 'Sales-062016240103', 'Sales', 91, 'NULL', 0, 1000, 20, 0, 33000, 0, 33000, 0, '2016-06-24 07:02:56'),
(210, 'Sales-062016240104', 'Sales', 94, 'NULL', 0, 250, 5, 0, 7725, 0, 7725, 0, '2016-06-24 07:07:07'),
(211, 'Sales-062016240105', 'Sales', 87, 'NULL', 0, 500, 10, 0, 15050, 0, 15050, 0, '2016-06-24 07:11:03'),
(212, 'Sales-062016240106', 'Sales', 103, 'NULL', 0, 500, 10, 0, 15050, 0, 15050, 0, '2016-06-24 07:15:12'),
(213, 'Sales-062016250107', 'Sales', 89, 'NULL', 0, 400, 8, 0, 12440, 0, 12440, 0, '2016-06-25 11:44:07'),
(214, 'Sales-062016250108', 'Sales', 93, 'NULL', 0, 500, 10, 0, 15050, 0, 15050, 0, '2016-06-25 11:45:52'),
(215, 'Sales-062016250109', 'Sales', 99, 'NULL', 0, 300, 6, 0, 9030, 0, 9030, 0, '2016-06-25 11:49:07'),
(216, 'Sales-062016250110', 'Sales', 94, 'NULL', 0, 800, 16, 0, 24720, 0, 24720, 0, '2016-06-25 11:50:56'),
(217, 'Sales-062016260111', 'Sales', 98, 'D.M.N14-9127', 0, 2250, 45, 0, 69750, 0, 69750, 0, '2016-06-26 04:58:17'),
(218, 'Sales-062016260112', 'Sales', 89, 'Ayub Khan', 0, 1000, 20, 0, 30100, 0, 30100, 0, '2016-06-26 05:25:43'),
(219, 'Sales-062016280113', 'Sales', 97, 'NULL', 0, 3000, 60, 0, 91650, 0, 91650, 0, '2016-06-28 04:15:51'),
(220, 'Sales-062016280114', 'Sales', 86, 'NULL', 0, 1850, 37, 0, 56980, 0, 56980, 0, '2016-06-28 04:19:45'),
(221, 'Sales-062016280115', 'Sales', 91, 'NULL', 0, 750, 15, 0, 24750, 0, 24750, 0, '2016-06-28 04:22:56'),
(222, 'Sales-062016280116', 'Sales', 82, 'NULL', 0, 2000, 40, 0, 63200, 0, 63200, 100000, '2016-06-28 04:26:31'),
(223, 'Sales-062016280117', 'Sales', 92, 'NULL', 0, 500, 10, 0, 15050, 0, 15050, 10000, '2016-06-28 04:28:39'),
(224, 'Sales-062016280118', 'Sales', 109, 'NULL', 0, 250, 10, 0, 6550, 0, 6550, 0, '2016-06-28 04:34:02'),
(225, 'Sales-062016280119', 'Sales', 111, 'NULL', 0, 125, 5, 0, 3275, 0, 3275, 0, '2016-06-28 04:39:28'),
(226, 'Sales-062016280120', 'Sales', 112, 'NULL', 0, 150, 6, 0, 3930, 0, 3930, 3930, '2016-06-28 04:43:36'),
(227, 'Sales-062016280121', 'Sales', 83, 'NULL', 0, 2000, 40, 0, 60200, 0, 60200, 0, '2016-06-28 07:34:47'),
(228, 'Sales-062016280122', 'Sales', 87, 'NULL', 0, 500, 10, 0, 15050, 0, 15050, 0, '2016-06-28 07:35:45'),
(229, 'Sales-062016280123', 'Sales', 102, 'NULL', 0, 500, 10, 0, 15050, 0, 15050, 7500, '2016-06-28 08:12:10'),
(230, 'Sales-062016280124', 'Sales', 82, 'By Van', 0, 4000, 80, 0, 126400, 0, 126400, 0, '2016-06-28 10:21:03'),
(231, 'Sales-062016280125', 'Sales', 88, 'NULL', 0, 500, 10, 0, 15050, 0, 15050, 0, '2016-06-28 13:15:00'),
(232, 'Sales-062016280126', 'Sales', 95, 'NULL', 0, 500, 10, 0, 15400, 0, 15400, 0, '2016-06-28 13:16:29'),
(233, 'Sales-062016280127', 'Sales', 84, 'NULL', 0, 1250, 25, 0, 38500, 0, 38500, 0, '2016-06-28 13:17:51'),
(234, 'Sales-062016280128', 'Sales', 89, 'NULL', 0, 500, 10, 0, 15550, 0, 15550, 0, '2016-06-28 13:19:28'),
(235, 'Sales-062016290129', 'Sales', 103, 'By Van --Nuru Islam', 0, 500, 10, 0, 15050, 0, 15050, 0, '2016-06-29 03:37:08'),
(236, 'Sales-062016290130', 'Sales', 99, 'NULL', 0, 400, 8, 0, 12040, 0, 12040, 0, '2016-06-29 07:21:00'),
(237, 'Sales-062016290131', 'Sales', 93, 'NULL', 0, 500, 10, 0, 15050, 0, 15050, 0, '2016-06-29 07:24:22'),
(238, 'Sales-062016300132', 'Sales', 98, 'Belal -D.M.N-14-9127', 0, 2250, 45, 0, 68850, 0, 68850, 0, '2016-06-30 04:50:57'),
(239, 'Sales-072016010133', 'Sales', 91, 'By Van', 0, 750, 15, 0, 24750, 0, 24750, 0, '2016-07-01 04:11:51'),
(240, 'Sales-072016010134', 'Sales', 105, 'NULL', 0, 500, 20, 0, 13200, 0, 13200, 0, '2016-07-01 04:29:42'),
(241, 'Sales-072016010135', 'Sales', 108, 'NULL', 0, 500, 20, 0, 13200, 0, 13200, 0, '2016-07-01 04:39:03'),
(242, 'Sales-072016010136', 'Sales', 84, 'NULL', 0, 1000, 20, 0, 30800, 0, 30800, 0, '2016-07-01 05:19:08'),
(243, 'Sales-072016010137', 'Sales', 95, 'NULL', 0, 500, 10, 0, 15400, 0, 15400, 0, '2016-07-01 05:23:48'),
(244, 'Sales-072016010138', 'Sales', 88, 'NULL', 0, 500, 10, 0, 15050, 0, 15050, 0, '2016-07-01 06:46:40'),
(245, 'Sales-072016010139', 'Sales', 97, 'Belal', 0, 2000, 40, 0, 60200, 0, 60200, 0, '2016-07-01 10:16:37'),
(246, 'Sales-072016010140', 'Sales', 99, 'NULL', 0, 500, 10, 0, 15050, 0, 15050, 0, '2016-07-01 10:21:09'),
(247, 'Sales-072016010141', 'Sales', 101, 'NULL', 0, 2500, 50, 0, 75250, 0, 75250, 150500, '2016-07-01 10:26:12'),
(248, 'Sales-072016020142', 'Sales', 94, 'NULL', 0, 500, 10, 0, 15450, 0, 15450, 0, '2016-07-02 04:30:07'),
(249, 'Sales-072016020143', 'Sales', 89, 'NULL', 0, 500, 10, 0, 15050, 0, 15050, 0, '2016-07-02 04:34:39'),
(250, 'Sales-072016030144', 'Sales', 82, 'NULL', 0, 4000, 80, 0, 126400, 0, 126400, 0, '2016-07-03 05:43:33'),
(251, 'Sales-072016030145', 'Sales', 87, 'NULL', 0, 1000, 20, 0, 30100, 0, 30100, 0, '2016-07-03 05:48:08'),
(252, 'Sales-072016030146', 'Sales', 82, 'NULL', 0, 2000, 40, 0, 63200, 0, 63200, 0, '2016-07-03 07:49:10'),
(253, 'Sales-072016030147', 'Sales', 99, 'NULL', 0, 500, 10, 0, 15050, 0, 15050, 0, '2016-07-03 07:50:21'),
(254, 'Sales-072016030148', 'Sales', 93, 'NULL', 0, 1000, 20, 0, 30100, 0, 30100, 30100, '2016-07-03 10:19:07'),
(255, 'Sales-072016030149', 'Sales', 91, 'NULL', 0, 1500, 30, 0, 49500, 0, 49500, 20000, '2016-07-03 10:23:56'),
(256, 'Sales-072016030150', 'Sales', 86, 'NULL', 0, 1850, 37, 0, 56980, 0, 56980, 0, '2016-07-03 10:29:10'),
(257, 'Sales-072016040151', 'Sales', 103, 'NULL', 0, 800, 16, 0, 24080, 0, 24080, 0, '2016-07-04 04:08:12'),
(258, 'Sales-072016040152', 'Sales', 113, 'NULL', 0, 2500, 50, 0, 75250, 0, 75250, 0, '2016-07-04 04:10:38'),
(259, 'Sales-072016040153', 'Sales', 97, 'NULL', 0, 2000, 40, 0, 60200, 0, 60200, 0, '2016-07-04 05:11:44'),
(260, 'Sales-072016040154', 'Sales', 82, 'Kanubari', 0, 1500, 30, 0, 47400, 0, 47400, 0, '2016-07-04 05:13:54'),
(261, 'Sales-072016040155', 'Sales', 92, 'NULL', 0, 750, 15, 0, 22575, 0, 22575, 0, '2016-07-04 05:17:19'),
(262, 'Sales-072016040156', 'Sales', 94, 'NULL', 0, 250, 5, 0, 7725, 0, 7725, 0, '2016-07-04 05:19:39'),
(264, 'Sales-072016040158', 'Sales', 89, 'NULL', 0, 1500, 30, 0, 45650, 0, 45650, 0, '2016-07-04 05:36:19'),
(265, 'Sales-072016040159', 'Sales', 88, 'NULL', 0, 500, 10, 0, 15050, 0, 15050, 0, '2016-07-04 05:40:00'),
(266, 'Sales-072016040160', 'Sales', 84, 'NULL', 0, 1750, 35, 0, 53900, 0, 53900, 15000, '2016-07-04 10:29:12'),
(267, 'Sales-072016040161', 'Sales', 95, 'NULL', 0, 750, 15, 0, 23100, 0, 23100, 15000, '2016-07-04 10:31:13'),
(268, 'Sales-072016040162', 'Sales', 82, '05.07.16', 0, 4000, 80, 0, 126400, 0, 126400, 0, '2016-07-04 10:48:01'),
(269, 'Sales-072016110163', 'Sales', 102, 'NULL', 0, 500, 10, 0, 15050, 0, 15050, 15050, '2016-07-11 04:12:47'),
(270, 'Sales-072016110164', 'Sales', 102, 'NULL', 0, 500, 10, 0, 15050, 0, 15050, 0, '2016-07-11 04:15:04'),
(271, 'Sales-072016110165', 'Sales', 102, 'NULL', 0, 1000, 20, 0, 30100, 0, 30100, 0, '2016-07-11 04:16:55'),
(272, 'Sales-072016110166', 'Sales', 97, 'NULL', 0, 1500, 30, 0, 45150, 0, 45150, 30000, '2016-07-11 04:22:53'),
(273, 'Sales-072016110167', 'Sales', 97, 'NULL', 0, 1250, 25, 0, 37625, 0, 37625, 0, '2016-07-11 04:24:08'),
(274, 'Sales-072016110168', 'Sales', 97, 'NULL', 0, 2500, 50, 0, 75250, 0, 75250, 90000, '2016-07-11 04:25:08'),
(275, 'Sales-072016110169', 'Sales', 83, 'NULL', 0, 1000, 20, 0, 30100, 0, 30100, 30000, '2016-07-11 04:27:18'),
(276, 'Sales-072016110170', 'Sales', 99, 'NULL', 0, 250, 5, 0, 7525, 0, 7525, 0, '2016-07-11 04:29:47'),
(277, 'Sales-072016110171', 'Sales', 84, 'NULL', 0, 500, 10, 0, 15400, 0, 15400, 50000, '2016-07-11 04:31:37'),
(278, 'Sales-072016110172', 'Sales', 94, 'NULL', 0, 250, 5, 0, 7725, 0, 7725, 0, '2016-07-11 04:33:34'),
(279, 'Sales-072016110173', 'Sales', 104, 'NULL', 0, 100, 4, 0, 2620, 0, 2620, 0, '2016-07-11 04:35:30'),
(280, 'Sales-072016110174', 'Sales', 88, 'NULL', 0, 250, 5, 0, 7525, 0, 7525, 0, '2016-07-11 04:36:44'),
(281, 'Sales-072016110175', 'Sales', 91, 'NULL', 0, 1250, 25, 0, 41250, 0, 41250, 60000, '2016-07-11 04:50:50'),
(282, 'Purchase-0720161106', 'Purchase', 61, 'NULL', 0, 12540, 209, 0, 226974, 0, 226974, 0, '2016-07-11 05:05:37'),
(283, 'Sales-072016110176', 'Sales', 103, 'NULL', 0, 750, 15, 0, 22575, 0, 22575, 0, '2016-07-11 05:49:30'),
(284, 'Sales-072016110177', 'Sales', 113, 'D.M.T-14-9127 (Balal Diver)', 0, 2500, 50, 0, 75250, 0, 75250, 0, '2016-07-11 05:52:38'),
(285, 'Sales-072016110178', 'Sales', 87, 'NULL', 0, 500, 10, 0, 15050, 0, 15050, 0, '2016-07-11 05:58:24'),
(286, 'Sales-072016120179', 'Sales', 114, 'NULL', 0, 375, 15, 0, 10500, 0, 10500, 0, '2016-07-12 07:01:09'),
(287, 'Sales-072016120180', 'Sales', 84, 'NULL', 0, 750, 15, 0, 23100, 0, 23100, 0, '2016-07-12 07:03:25'),
(288, 'Sales-072016120181', 'Sales', 92, 'NULL', 0, 500, 10, 0, 15050, 0, 15050, 0, '2016-07-12 07:08:19'),
(289, 'Sales-072016120182', 'Sales', 83, 'NULL', 0, 2000, 40, 0, 60200, 0, 60200, 20000, '2016-07-12 07:14:46'),
(290, 'Sales-072016120183', 'Sales', 89, 'NULL', 0, 500, 10, 0, 15050, 0, 15050, 0, '2016-07-12 07:15:48'),
(291, 'Sales-072016120184', 'Sales', 88, 'NULL', 0, 250, 5, 0, 7525, 0, 7525, 0, '2016-07-12 07:16:58'),
(292, 'Sales-072016120185', 'Sales', 93, 'NULL', 0, 250, 5, 0, 7525, 0, 7525, 30100, '2016-07-12 07:23:42'),
(293, 'Sales-072016120186', 'Sales', 82, 'NULL', 0, 4000, 80, 0, 126400, 0, 126400, 0, '2016-07-12 07:27:47'),
(294, 'Sales-072016120187', 'Sales', 86, 'NULL', 0, 1850, 37, 0, 56980, 0, 56980, 0, '2016-07-12 07:31:04'),
(295, 'Sales-072016120188', 'Sales', 101, 'NULL', 0, 2500, 50, 0, 75250, 0, 75250, 0, '2016-07-12 07:32:28'),
(296, 'Sales-072016120189', 'Sales', 98, 'D.M.N 14-9127', 0, 2250, 45, 0, 69075, 0, 69075, 0, '2016-07-12 09:18:46'),
(297, 'Sales-072016120190', 'Sales', 95, 'NULL', 0, 250, 5, 0, 7700, 0, 7700, 0, '2016-07-12 12:51:30'),
(298, 'Sales-072016120191', 'Sales', 95, 'NULL', 0, 300, 6, 0, 9240, 0, 9240, 0, '2016-07-12 12:53:58'),
(299, 'Sales-072016120192', 'Sales', 99, 'NULL', 0, 250, 5, 0, 7525, 0, 7525, 0, '2016-07-12 12:58:02'),
(300, 'Sales-072016140193', 'Sales', 94, '12.07.16', 0, 250, 5, 0, 7725, 0, 7725, 19100, '2016-07-14 05:32:29'),
(301, 'Sales-072016140194', 'Sales', 105, 'NULL', 0, 250, 10, 0, 6550, 0, 6550, 0, '2016-07-14 05:38:26'),
(302, 'Sales-072016140195', 'Sales', 98, 'NULL', 0, 1500, 30, 0, 46500, 0, 46500, 0, '2016-07-14 05:40:10'),
(303, 'Sales-072016140196', 'Sales', 82, 'NULL', 0, 1000, 20, 0, 31600, 0, 31600, 0, '2016-07-14 05:45:05'),
(304, 'Sales-072016140197', 'Sales', 89, 'NULL', 0, 1000, 20, 0, 30600, 0, 30600, 0, '2016-07-14 05:46:31'),
(305, 'Sales-072016140198', 'Sales', 93, 'NULL', 0, 500, 10, 0, 15050, 0, 15050, 0, '2016-07-14 05:48:37'),
(306, 'Sales-072016140199', 'Sales', 97, 'NULL', 0, 2500, 50, 0, 75250, 0, 75250, 0, '2016-07-14 05:49:41'),
(307, 'Sales-072016140200', 'Sales', 84, 'NULL', 0, 1000, 20, 0, 30800, 0, 30800, 30000, '2016-07-14 11:52:13'),
(308, 'Sales-072016140201', 'Sales', 95, 'NULL', 0, 400, 8, 0, 12320, 0, 12320, 12000, '2016-07-14 11:55:24'),
(309, 'Sales-072016140202', 'Sales', 88, 'NULL', 0, 500, 10, 0, 15050, 0, 15050, 0, '2016-07-14 11:56:31'),
(310, 'Sales-072016150203', 'Sales', 99, 'NULL', 0, 500, 10, 0, 15050, 0, 15050, 10130, '2016-07-15 04:24:27'),
(311, 'Sales-072016150204', 'Sales', 91, 'NULL', 0, 750, 15, 0, 24750, 0, 24750, 35000, '2016-07-15 12:16:06'),
(312, 'Sales-072016150205', 'Sales', 94, 'NULL', 0, 250, 5, 0, 7725, 0, 7725, 0, '2016-07-15 12:17:50'),
(313, 'Sales-072016150206', 'Sales', 82, 'NULL', 0, 1000, 20, 0, 31600, 0, 31600, 0, '2016-07-15 12:19:02'),
(314, 'Sales-072016150207', 'Sales', 92, 'NULL', 0, 500, 10, 0, 15050, 0, 15050, 0, '2016-07-15 12:22:10'),
(315, 'Sales-072016150208', 'Sales', 87, 'NULL', 0, 500, 10, 0, 15050, 0, 15050, 112900, '2016-07-15 12:23:46'),
(316, 'Sales-072016150209', 'Sales', 82, 'NULL', 0, 4000, 80, 0, 126400, 0, 126400, 0, '2016-07-15 13:02:51'),
(317, 'Sales-072016160210', 'Sales', 94, 'NULL', 0, 250, 5, 0, 7725, 0, 7725, 17220, '2016-07-16 12:27:15'),
(318, 'Sales-072016170211', 'Sales', 97, 'NULL', 0, 2500, 50, 0, 75250, 0, 75250, 75000, '2016-07-17 12:11:19'),
(319, 'Sales-072016170212', 'Sales', 84, 'NULL', 0, 750, 15, 0, 23100, 0, 23100, 25000, '2016-07-17 12:14:06'),
(320, 'Sales-072016170213', 'Sales', 89, 'NULL', 0, 500, 10, 0, 15050, 0, 15050, 0, '2016-07-17 12:15:13'),
(321, 'Sales-072016170214', 'Sales', 95, 'NULL', 0, 500, 10, 0, 15400, 0, 15400, 15000, '2016-07-17 12:16:50'),
(322, 'Sales-072016170215', 'Sales', 103, 'NULL', 0, 250, 5, 0, 7525, 0, 7525, 0, '2016-07-17 12:17:54'),
(323, 'Sales-072016170216', 'Sales', 108, 'NULL', 0, 250, 10, 0, 6550, 0, 6550, 0, '2016-07-17 12:19:04'),
(324, 'Sales-072016170217', 'Sales', 106, 'NULL', 0, 125, 5, 0, 3275, 0, 3275, 3275, '2016-07-17 12:21:10'),
(325, 'Sales-072016190218', 'Sales', 113, 'NULL', 0, 2500, 50, 0, 75250, 0, 75250, 75250, '2016-07-19 08:57:24'),
(326, 'Sales-072016190219', 'Sales', 91, 'NULL', 0, 1000, 20, 0, 33000, 0, 33000, 0, '2016-07-19 09:00:08'),
(327, 'Sales-072016190220', 'Sales', 93, 'NULL', 0, 500, 10, 0, 15050, 0, 15050, 0, '2016-07-19 09:02:32'),
(328, 'Sales-072016190221', 'Sales', 86, 'NULL', 0, 1850, 37, 0, 56980, 0, 56980, 0, '2016-07-19 09:04:22'),
(329, 'Sales-072016190222', 'Sales', 83, 'NULL', 0, 2000, 40, 0, 60200, 0, 60200, 0, '2016-07-19 09:07:28'),
(330, 'Sales-072016190223', 'Sales', 102, 'NULL', 0, 500, 10, 0, 15050, 0, 15050, 9000, '2016-07-19 09:10:34'),
(331, 'Sales-072016190224', 'Sales', 88, 'NULL', 0, 500, 10, 0, 15050, 0, 15050, 20000, '2016-07-19 09:11:57'),
(332, 'Sales-072016190225', 'Sales', 82, 'NULL', 0, 1000, 20, 0, 31600, 0, 31600, 0, '2016-07-19 09:13:27'),
(333, 'Sales-072016190226', 'Sales', 98, 'NULL', 0, 2250, 45, 0, 68400, 0, 68400, 50000, '2016-07-19 09:27:22'),
(334, 'Sales-072016190227', 'Sales', 99, 'NULL', 0, 500, 10, 0, 15050, 0, 15050, 0, '2016-07-19 09:29:35'),
(335, 'Sales-072016190228', 'Sales', 92, 'NULL', 0, 500, 10, 0, 15050, 0, 15050, 10000, '2016-07-19 09:30:59'),
(336, 'Sales-072016190229', 'Sales', 116, 'NULL', 0, 500, 10, 0, 15050, 0, 15050, 0, '2016-07-19 10:27:28'),
(337, 'Sales-072016190230', 'Sales', 89, 'NULL', 0, 300, 6, 0, 9330, 0, 9330, 0, '2016-07-19 10:28:33'),
(338, 'Sales-072016190231', 'Sales', 103, 'NULL', 0, 400, 8, 0, 12040, 0, 12040, 0, '2016-07-19 10:56:32'),
(339, 'Sales-072016200232', 'Sales', 87, 'NULL', 0, 500, 10, 0, 15050, 0, 15050, 0, '2016-07-20 03:28:35'),
(340, 'Sales-072016200233', 'Sales', 103, 'NULL', 0, 250, 5, 0, 7525, 0, 7525, 0, '2016-07-20 03:29:51'),
(341, 'Sales-072016200234', 'Sales', 117, 'NULL', 0, 50, 2, 0, 1310, 0, 1310, 1310, '2016-07-20 03:47:30'),
(342, 'Sales-072016200235', 'Sales', 115, 'NULL', 0, 975, 39, 0, 26920, 0, 26920, 15000, '2016-07-20 03:54:35'),
(343, 'Sales-072016200236', 'Sales', 82, 'NULL', 0, 4000, 80, 0, 126400, 0, 126400, 0, '2016-07-20 10:48:04'),
(344, 'Sales-072016200237', 'Sales', 82, 'NULL', 0, 500, 10, 0, 15800, 0, 15800, 0, '2016-07-20 10:49:09'),
(345, 'Sales-072016200238', 'Sales', 89, 'NULL', 0, 500, 10, 0, 15050, 0, 15050, 0, '2016-07-20 10:59:13'),
(346, 'Sales-072016200239', 'Sales', 84, 'NULL', 0, 500, 10, 0, 15400, 0, 15400, 0, '2016-07-20 11:00:17'),
(347, 'Sales-072016200240', 'Sales', 95, 'NULL', 0, 150, 3, 0, 4620, 0, 4620, 0, '2016-07-20 11:01:19'),
(348, 'Sales-072016200241', 'Sales', 94, 'NULL', 0, 500, 10, 0, 15450, 0, 15450, 0, '2016-07-20 11:05:00'),
(349, 'Sales-072016200242', 'Sales', 97, 'NULL', 0, 800, 16, 0, 24080, 0, 24080, 20000, '2016-07-20 11:11:01'),
(350, 'Purchase-0720162007', 'Purchase', 61, 'NULL', 0, 6240, 104, 0, 115440, 0, 115440, 0, '2016-07-20 12:22:47'),
(351, 'Sales-072016210243', 'Sales', 102, 'NULL', 0, 500, 10, 0, 15050, 0, 15050, 15050, '2016-07-21 10:50:19'),
(352, 'Sales-072016210244', 'Sales', 82, 'NULL', 0, 1500, 30, 0, 47400, 0, 47400, 0, '2016-07-21 10:53:53'),
(353, 'Sales-072016210245', 'Sales', 97, 'NULL', 0, 1700, 34, 0, 51170, 0, 51170, 40000, '2016-07-21 11:03:41'),
(354, 'Sales-072016220246', 'Sales', 84, 'NULL', 0, 1000, 20, 0, 30800, 0, 30800, 0, '2016-07-22 13:22:12'),
(355, 'Sales-072016220247', 'Sales', 95, 'NULL', 0, 500, 10, 0, 15400, 0, 15400, 0, '2016-07-22 13:23:34'),
(356, 'Sales-072016220248', 'Sales', 91, 'NULL', 0, 1000, 20, 0, 33000, 0, 33000, 0, '2016-07-22 13:25:17'),
(357, 'Sales-072016220249', 'Sales', 93, 'NULL', 0, 500, 10, 0, 15050, 0, 15050, 0, '2016-07-22 13:29:11'),
(358, 'Sales-072016230250', 'Sales', 101, 'NULL', 0, 2500, 50, 0, 75250, 0, 75250, 0, '2016-07-23 12:14:49'),
(359, 'Sales-072016230251', 'Sales', 88, 'NULL', 0, 500, 10, 0, 15050, 0, 15050, 0, '2016-07-23 12:17:13'),
(360, 'Sales-072016230252', 'Sales', 89, 'NULL', 0, 500, 10, 0, 15550, 0, 15550, 0, '2016-07-23 12:19:18'),
(361, 'Sales-072016230253', 'Sales', 92, 'NULL', 0, 250, 5, 0, 7525, 0, 7525, 0, '2016-07-23 12:20:00'),
(362, 'Sales-072016230254', 'Sales', 99, 'NULL', 0, 250, 5, 0, 7525, 0, 7525, 0, '2016-07-23 12:20:40'),
(363, 'Sales-072016230255', 'Sales', 116, 'NULL', 0, 500, 10, 0, 15050, 0, 15050, 0, '2016-07-23 12:21:18'),
(364, 'Sales-072016240256', 'Sales', 97, 'D.M.N-14-9127 (Balel Miya)', 0, 2500, 50, 0, 75250, 0, 75250, 100000, '2016-07-24 09:53:01'),
(365, 'Sales-072016240257', 'Sales', 98, 'NULL', 0, 2250, 45, 0, 70650, 0, 70650, 0, '2016-07-24 12:03:15'),
(366, 'Sales-072016240258', 'Sales', 95, 'NULL', 0, 500, 10, 0, 15400, 0, 15400, 18000, '2016-07-24 12:14:50'),
(367, 'Sales-072016240259', 'Sales', 95, 'NULL', 0, 1550, 31, 0, 55365, 0, 55365, 0, '2016-07-24 12:17:27'),
(368, 'Sales-072016240260', 'Sales', 84, 'NULL', 0, 1000, 20, 0, 30800, 0, 30800, 35000, '2016-07-24 12:19:04'),
(369, 'Sales-072016240261', 'Sales', 89, 'NULL', 0, 500, 10, 0, 15050, 0, 15050, 0, '2016-07-24 12:21:12'),
(370, 'Sales-072016240262', 'Sales', 87, 'NULL', 0, 500, 10, 0, 15050, 0, 15050, 0, '2016-07-24 12:22:05'),
(371, 'Sales-072016240263', 'Sales', 103, 'NULL', 0, 500, 10, 0, 15050, 0, 15050, 15000, '2016-07-24 12:23:00'),
(372, 'Sales-072016250264', 'Sales', 113, 'NULL', 0, 2500, 50, 0, 75250, 0, 75250, 75250, '2016-07-25 08:30:03'),
(373, 'Sales-072016250265', 'Sales', 94, 'NULL', 0, 300, 6, 0, 9570, 0, 9570, 0, '2016-07-25 12:29:04'),
(374, 'Sales-072016250266', 'Sales', 99, 'NULL', 0, 250, 5, 0, 7775, 0, 7775, 0, '2016-07-25 12:30:49'),
(375, 'Sales-072016250267', 'Sales', 91, 'NULL', 0, 500, 10, 0, 17000, 0, 17000, 0, '2016-07-25 12:32:48'),
(376, 'Sales-072016250268', 'Sales', 86, 'NULL', 0, 500, 10, 0, 15800, 0, 15800, 0, '2016-07-25 12:35:45'),
(377, 'Sales-072016250269', 'Sales', 102, 'NULL', 0, 500, 10, 0, 15550, 0, 15550, 15550, '2016-07-25 12:37:38'),
(378, 'Sales-072016250270', 'Sales', 82, 'NULL', 0, 1500, 30, 0, 47400, 0, 47400, 0, '2016-07-25 12:45:02'),
(379, 'Sales-072016250271', 'Sales', 82, 'NULL', 0, 3000, 60, 0, 94800, 0, 94800, 145000, '2016-07-25 12:48:00'),
(380, 'Sales-072016260272', 'Sales', 92, 'NULL', 0, 500, 10, 0, 15550, 0, 15550, 0, '2016-07-26 12:53:15'),
(381, 'Sales-072016270273', 'Sales', 91, 'NULL', 0, 500, 10, 0, 17000, 0, 17000, 0, '2016-07-27 10:29:05'),
(382, 'Sales-072016270274', 'Sales', 93, 'NULL', 0, 500, 10, 0, 15550, 0, 15550, 0, '2016-07-27 10:30:33'),
(383, 'Sales-072016270275', 'Sales', 94, 'NULL', 0, 350, 7, 0, 11165, 0, 11165, 0, '2016-07-27 10:32:23'),
(384, 'Sales-072016270276', 'Sales', 99, 'NULL', 0, 250, 5, 0, 7775, 0, 7775, 0, '2016-07-27 10:36:28'),
(385, 'Sales-072016270277', 'Sales', 97, 'NULL', 0, 2500, 50, 0, 77750, 0, 77750, 0, '2016-07-27 10:38:04'),
(386, 'Sales-072016270278', 'Sales', 86, 'NULL', 0, 1350, 27, 0, 42660, 0, 42660, 0, '2016-07-27 11:59:27'),
(387, 'Sales-072016280279', 'Sales', 82, 'NULL', 0, 2500, 50, 0, 81500, 0, 81500, 0, '2016-07-28 04:13:48'),
(388, 'Sales-072016280280', 'Sales', 89, 'NULL', 0, 1000, 20, 0, 31600, 0, 31600, 0, '2016-07-28 04:17:47'),
(389, 'Sales-072016280281', 'Sales', 88, 'NULL', 0, 250, 5, 0, 7775, 0, 7775, 0, '2016-07-28 04:22:25'),
(390, 'Sales-072016280282', 'Sales', 87, 'NULL', 0, 500, 10, 0, 15550, 0, 15550, 0, '2016-07-28 12:03:39'),
(391, 'Sales-072016280283', 'Sales', 84, 'NULL', 0, 750, 15, 0, 23850, 0, 23850, 0, '2016-07-28 12:10:51'),
(392, 'Sales-072016280284', 'Sales', 95, 'NULL', 0, 500, 10, 0, 15900, 0, 15900, 0, '2016-07-28 12:12:33'),
(393, 'Sales-072016280285', 'Sales', 102, 'NULL', 0, 600, 12, 0, 18660, 0, 18660, 18660, '2016-07-28 12:14:40'),
(394, 'Sales-072016290286', 'Sales', 103, 'NULL', 0, 500, 10, 0, 15550, 0, 15550, 13000, '2016-07-29 08:27:17'),
(395, 'Sales-072016300287', 'Sales', 84, 'NULL', 0, 750, 15, 0, 23850, 0, 23850, 45000, '2016-07-30 08:29:58'),
(396, 'Sales-072016300288', 'Sales', 95, 'NULL', 0, 500, 10, 0, 15900, 0, 15900, 22000, '2016-07-30 08:31:21'),
(397, 'Sales-072016300289', 'Sales', 88, 'NULL', 0, 0, 5, 0, 0, 0, 0, 0, '2016-07-30 08:33:15'),
(398, 'Sales-072016300290', 'Sales', 89, 'NULL', 0, 500, 10, 0, 15550, 0, 15550, 0, '2016-07-30 08:36:56'),
(399, 'Sales-072016300291', 'Sales', 116, 'NULL', 0, 500, 10, 0, 15550, 0, 15550, 0, '2016-07-30 08:38:03'),
(400, 'Sales-072016300292', 'Sales', 91, 'NULL', 0, 1000, 20, 0, 34000, 0, 34000, 45000, '2016-07-30 08:39:34'),
(401, 'Sales-072016300293', 'Sales', 98, 'NULL', 0, 2250, 45, 0, 70425, 0, 70425, 0, '2016-07-30 08:41:55'),
(402, 'Sales-072016300294', 'Sales', 97, 'NULL', 0, 2500, 50, 0, 77750, 0, 77750, 70000, '2016-07-30 08:43:24'),
(403, 'Sales-072016310295', 'Sales', 83, 'NULL', 0, 2000, 40, 0, 62200, 0, 62200, 0, '2016-07-31 07:08:14'),
(404, 'Sales-072016310296', 'Sales', 99, 'NULL', 0, 500, 10, 0, 15550, 0, 15550, 0, '2016-07-31 07:09:24'),
(405, 'Sales-072016310297', 'Sales', 113, 'NULL', 0, 2500, 50, 0, 77750, 0, 77750, 77750, '2016-07-31 07:11:21'),
(406, 'Sales-072016310298', 'Sales', 102, 'NULL', 0, 500, 10, 0, 15550, 0, 15550, 15550, '2016-07-31 07:24:50'),
(407, 'Sales-072016310299', 'Sales', 93, 'NULL', 0, 500, 10, 0, 15550, 0, 15550, 0, '2016-07-31 07:25:59'),
(408, 'Sales-072016310300', 'Sales', 84, 'NULL', 0, 500, 10, 0, 15900, 0, 15900, 0, '2016-07-31 07:27:01'),
(409, 'Sales-082016010301', 'Sales', 82, 'NULL', 0, 1250, 25, 0, 40750, 0, 40750, 0, '2016-08-01 10:55:56'),
(410, 'Sales-082016010302', 'Sales', 118, 'NULL', 0, 500, 10, 0, 15550, 0, 15550, 0, '2016-08-01 11:06:00'),
(411, 'Sales-082016010303', 'Sales', 115, 'NULL', 0, 1025, 41, 0, 26855, 0, 26855, 15000, '2016-08-01 11:07:59'),
(412, 'Sales-082016010304', 'Sales', 98, 'NULL', 0, 2250, 45, 0, 70425, 0, 70425, 0, '2016-08-01 11:12:27'),
(413, 'Sales-082016010305', 'Sales', 82, 'NULL', 0, 500, 10, 0, 16300, 0, 16300, 0, '2016-08-01 11:15:37'),
(414, 'Sales-082016010306', 'Sales', 82, 'NULL', 0, 1000, 20, 0, 32600, 0, 32600, 0, '2016-08-01 11:16:15'),
(415, 'Purchase-0820160108', 'Purchase', 61, 'NULL', 0, 32400, 540, 0, 623700, 0, 623700, 0, '2016-08-01 11:22:08'),
(416, 'Purchase-0820160109', 'Purchase', 61, 'NULL', 0, 6540, 109, 0, 125895, 0, 125895, 0, '2016-08-01 11:23:24'),
(417, 'Sales-082016020307', 'Sales', 87, 'NULL', 0, 500, 10, 0, 15550, 0, 15550, 0, '2016-08-02 12:36:44'),
(418, 'Sales-082016020308', 'Sales', 86, 'NULL', 0, 1850, 37, 0, 58460, 0, 58460, 0, '2016-08-02 12:38:13'),
(419, 'Sales-082016020309', 'Sales', 82, 'NULL', 0, 1000, 20, 0, 32600, 0, 32600, 0, '2016-08-02 12:46:09'),
(420, 'Sales-082016020310', 'Sales', 103, 'NULL', 0, 750, 15, 0, 23325, 0, 23325, 0, '2016-08-02 12:47:45'),
(421, 'Sales-082016020311', 'Sales', 91, 'NULL', 0, 750, 15, 0, 25500, 0, 25500, 0, '2016-08-02 12:56:14'),
(422, 'Sales-082016020312', 'Sales', 88, 'NULL', 0, 500, 10, 0, 15550, 0, 15550, 0, '2016-08-02 13:10:03'),
(423, 'Sales-082016030313', 'Sales', 97, 'NULL', 0, 1000, 20, 0, 31100, 0, 31100, 0, '2016-08-03 11:39:34'),
(424, 'Sales-082016030314', 'Sales', 84, 'NULL', 0, 500, 10, 0, 15900, 0, 15900, 0, '2016-08-03 11:40:41'),
(425, 'Sales-082016030315', 'Sales', 95, 'NULL', 0, 250, 5, 0, 7950, 0, 7950, 18000, '2016-08-03 11:43:04'),
(426, 'Sales-082016030316', 'Sales', 95, 'NULL', 0, 250, 5, 0, 7950, 0, 7950, 0, '2016-08-03 11:50:32'),
(427, 'Sales-082016030317', 'Sales', 82, 'NULL', 0, 1000, 20, 0, 32600, 0, 32600, 0, '2016-08-03 12:03:00'),
(428, 'Sales-082016030318', 'Sales', 82, 'NULL', 0, 2000, 40, 0, 65200, 0, 65200, 0, '2016-08-03 12:03:37'),
(429, 'Sales-082016030319', 'Sales', 95, 'NULL', 0, 500, 10, 0, 17750, 0, 17750, 0, '2016-08-03 12:58:22'),
(430, 'Sales-082016040320', 'Sales', 118, 'NULL', 0, 500, 10, 0, 15550, 0, 15550, 0, '2016-08-04 12:53:13'),
(431, 'Sales-082016040321', 'Sales', 87, 'NULL', 0, 500, 10, 0, 15550, 0, 15550, 0, '2016-08-04 12:54:49'),
(432, 'Sales-082016040322', 'Sales', 98, 'NULL', 0, 2250, 45, 0, 70425, 0, 70425, 0, '2016-08-04 12:56:20'),
(433, 'Sales-082016040323', 'Sales', 99, 'NULL', 0, 500, 10, 0, 15550, 0, 15550, 0, '2016-08-04 12:57:37'),
(434, 'Sales-082016040324', 'Sales', 93, 'NULL', 0, 500, 10, 0, 15550, 0, 15550, 0, '2016-08-04 12:58:28'),
(435, 'Sales-082016040325', 'Sales', 82, 'NULL', 0, 1000, 20, 0, 32600, 0, 32600, 0, '2016-08-04 13:01:04'),
(436, 'Sales-082016050326', 'Sales', 88, 'NULL', 0, 1000, 20, 0, 31100, 0, 31100, 30000, '2016-08-05 13:08:18'),
(437, 'Sales-082016050327', 'Sales', 82, 'NULL', 0, 1000, 20, 0, 32600, 0, 32600, 0, '2016-08-05 13:10:05'),
(438, 'Sales-082016050328', 'Sales', 91, 'NULL', 0, 750, 15, 0, 25500, 0, 25500, 0, '2016-08-05 13:13:34'),
(439, 'Sales-082016050329', 'Sales', 82, 'NULL', 0, 300, 6, 0, 9780, 0, 9780, 9780, '2016-08-05 13:17:08'),
(440, 'Sales-082016060330', 'Sales', 95, 'NULL', 0, 500, 10, 0, 17750, 0, 17750, 0, '2016-08-06 09:28:52'),
(441, 'Sales-082016060331', 'Sales', 84, 'NULL', 0, 500, 10, 0, 15900, 0, 15900, 0, '2016-08-06 09:30:23'),
(442, 'Sales-082016060332', 'Sales', 98, 'NULL', 0, 2250, 45, 0, 70425, 0, 70425, 0, '2016-08-06 09:31:58'),
(443, 'Sales-082016060333', 'Sales', 116, 'NULL', 0, 1000, 20, 0, 31100, 0, 31100, 0, '2016-08-06 09:34:28'),
(444, 'Sales-082016060334', 'Sales', 118, 'NULL', 0, 500, 10, 0, 15550, 0, 15550, 0, '2016-08-06 09:35:47'),
(445, 'Sales-082016070335', 'Sales', 82, 'NULL', 0, 4000, 80, 0, 130400, 0, 130400, 0, '2016-08-07 11:27:56'),
(446, 'Sales-082016070336', 'Sales', 82, 'NULL', 0, 3000, 60, 0, 97800, 0, 97800, 0, '2016-08-07 11:28:50'),
(447, 'Sales-082016070337', 'Sales', 113, 'NULL', 0, 2500, 50, 0, 77750, 0, 77750, 77750, '2016-08-07 11:32:47'),
(448, 'Sales-082016070338', 'Sales', 102, 'NULL', 0, 500, 10, 0, 15550, 0, 15550, 15550, '2016-08-07 11:33:47'),
(449, 'Sales-082016070339', 'Sales', 119, 'NULL', 0, 500, 10, 0, 15550, 0, 15550, 0, '2016-08-07 11:36:08'),
(450, 'Sales-082016080340', 'Sales', 84, 'NULL', 0, 1000, 20, 0, 31800, 0, 31800, 0, '2016-08-08 11:52:06'),
(451, 'Sales-082016080341', 'Sales', 95, 'NULL', 0, 500, 10, 0, 15900, 0, 15900, 0, '2016-08-08 11:53:15'),
(452, 'Sales-082016080342', 'Sales', 91, 'NULL', 0, 1000, 20, 0, 34000, 0, 34000, 0, '2016-08-08 11:54:27'),
(453, 'Sales-082016080343', 'Sales', 89, 'NULL', 0, 500, 10, 0, 15550, 0, 15550, 0, '2016-08-08 11:55:28'),
(454, 'Sales-082016080344', 'Sales', 103, 'NULL', 0, 900, 18, 0, 27990, 0, 27990, 0, '2016-08-08 11:56:33'),
(455, 'Sales-082016100345', 'Sales', 93, 'NULL', 0, 500, 10, 0, 15550, 0, 15550, 0, '2016-08-10 08:02:21'),
(456, 'Sales-082016100346', 'Sales', 86, 'NULL', 0, 1850, 37, 0, 58460, 0, 58460, 0, '2016-08-10 08:04:18'),
(457, 'Sales-082016100347', 'Sales', 83, 'NULL', 0, 2000, 40, 0, 62200, 0, 62200, 0, '2016-08-10 08:05:30'),
(458, 'Sales-082016100348', 'Sales', 99, 'NULL', 0, 500, 10, 0, 15550, 0, 15550, 0, '2016-08-10 08:10:06'),
(459, 'Sales-082016100349', 'Sales', 87, 'NULL', 0, 500, 10, 0, 15550, 0, 15550, 0, '2016-08-10 08:11:11'),
(460, 'Sales-082016100350', 'Sales', 82, 'NULL', 0, 3000, 60, 0, 97800, 0, 97800, 0, '2016-08-10 08:14:35'),
(461, 'Sales-082016110351', 'Sales', 95, 'NULL', 0, 500, 10, 0, 15900, 0, 15900, 20000, '2016-08-11 09:25:25'),
(462, 'Sales-082016110352', 'Sales', 84, 'NULL', 0, 1000, 20, 0, 31800, 0, 31800, 0, '2016-08-11 09:27:18'),
(463, 'Sales-082016110353', 'Sales', 91, 'NULL', 0, 750, 15, 0, 25500, 0, 25500, 0, '2016-08-11 09:29:28'),
(464, 'Sales-082016130354', 'Sales', 113, 'NULL', 0, 2500, 50, 0, 77750, 0, 77750, 77750, '2016-08-13 12:40:43'),
(465, 'Sales-082016130355', 'Sales', 118, 'NULL', 0, 500, 10, 0, 15550, 0, 15550, 0, '2016-08-13 12:41:29'),
(466, 'Sales-082016130356', 'Sales', 93, 'NULL', 0, 500, 10, 0, 15550, 0, 15550, 0, '2016-08-13 12:42:24'),
(467, 'Sales-082016130357', 'Sales', 82, 'NULL', 0, 3000, 60, 0, 97800, 0, 97800, 0, '2016-08-13 12:43:48'),
(468, 'Sales-082016130358', 'Sales', 97, 'NULL', 0, 2500, 50, 0, 77750, 0, 77750, 0, '2016-08-13 12:44:44'),
(469, 'Sales-082016140359', 'Sales', 98, 'NULL', 0, 2250, 45, 0, 70650, 0, 70650, 50000, '2016-08-14 10:21:42'),
(470, 'Sales-082016140360', 'Sales', 95, 'NULL', 0, 850, 17, 0, 27730, 0, 27730, 0, '2016-08-14 10:26:34'),
(471, 'Sales-082016140361', 'Sales', 84, 'NULL', 0, 1000, 20, 0, 31800, 0, 31800, 0, '2016-08-14 10:27:44'),
(472, 'Sales-082016140362', 'Sales', 88, 'NULL', 0, 500, 10, 0, 15550, 0, 15550, 0, '2016-08-14 10:28:53'),
(473, 'Sales-082016140363', 'Sales', 99, 'NULL', 0, 500, 10, 0, 15550, 0, 15550, 0, '2016-08-14 10:31:50'),
(474, 'Sales-082016140364', 'Sales', 87, 'NULL', 0, 500, 10, 0, 15550, 0, 15550, 0, '2016-08-14 10:33:23'),
(475, 'Purchase-08201614010', 'Purchase', 61, 'NULL', 0, 36000, 600, 0, 693000, 0, 693000, 0, '2016-08-14 12:03:27'),
(476, 'Purchase-08201614011', 'Purchase', 61, 'D.M.T-149222', 0, 18600, 310, 0, 353400, 0, 353400, 0, '2016-08-14 12:06:26'),
(477, 'Purchase-08201614012', 'Purchase', 61, 'D.M.T-147435', 0, 15000, 250, 0, 285000, 0, 285000, 0, '2016-08-14 12:07:46'),
(478, 'Purchase-08201614013', 'Purchase', 85, 'D.M.T-14-9222', 0, 12500, 250, 0, 487500, 0, 487500, 487500, '2016-08-14 12:26:56'),
(479, 'Purchase-08201614014', 'Purchase', 85, 'S.P.T-05-0001', 0, 12500, 250, 0, 487500, 0, 487500, 0, '2016-08-14 12:28:23'),
(480, 'Purchase-08201614015', 'Purchase', 85, 'D.M.T-145907', 0, 12500, 250, 0, 487500, 0, 487500, 0, '2016-08-14 12:29:27'),
(481, 'Purchase-08201614016', 'Purchase', 85, 'D.M.T-14-9508', 0, 12510, 248, 0, 491018, 0, 491017, 0, '2016-08-14 12:32:50'),
(482, 'Sales-082016150365', 'Sales', 82, 'NULL', 0, 3500, 70, 0, 114100, 0, 114100, 0, '2016-08-15 11:40:32'),
(483, 'Sales-082016150366', 'Sales', 86, 'NULL', 0, 1850, 37, 0, 58460, 0, 58460, 0, '2016-08-15 11:42:03'),
(484, 'Sales-082016150367', 'Sales', 91, 'NULL', 0, 1000, 20, 0, 34000, 0, 34000, 0, '2016-08-15 11:44:24'),
(485, 'Sales-082016160368', 'Sales', 103, 'NULL', 0, 350, 7, 0, 10885, 0, 10885, 0, '2016-08-16 11:06:18'),
(486, 'Sales-082016180369', 'Sales', 116, 'NULL', 0, 500, 10, 0, 15550, 0, 15550, 0, '2016-08-18 09:02:55'),
(487, 'Sales-082016180370', 'Sales', 93, 'NULL', 0, 500, 10, 0, 15550, 0, 15550, 0, '2016-08-18 09:04:44'),
(488, 'Sales-082016180371', 'Sales', 82, 'NULL', 0, 4000, 80, 0, 130400, 0, 130400, 0, '2016-08-18 09:06:55'),
(489, 'Sales-082016180372', 'Sales', 98, 'NULL', 0, 2250, 45, 0, 70650, 0, 70650, 0, '2016-08-18 09:09:33'),
(490, 'Sales-082016180373', 'Sales', 95, 'NULL', 0, 500, 10, 0, 15900, 0, 15900, 0, '2016-08-18 09:11:53'),
(491, 'Sales-082016180374', 'Sales', 89, 'NULL', 0, 500, 10, 0, 15550, 0, 15550, 0, '2016-08-18 09:12:39'),
(492, 'Sales-082016180375', 'Sales', 84, 'NULL', 0, 500, 10, 0, 15900, 0, 15900, 0, '2016-08-18 09:16:09'),
(493, 'Sales-082016180376', 'Sales', 99, 'NULL', 0, 500, 10, 0, 15550, 0, 15550, 0, '2016-08-18 09:17:07'),
(494, 'Sales-082016180377', 'Sales', 88, 'NULL', 0, 500, 10, 0, 15550, 0, 15550, 0, '2016-08-18 09:18:38'),
(495, 'Sales-082016190378', 'Sales', 116, 'NULL', 0, 500, 10, 0, 15550, 0, 15550, 0, '2016-08-19 12:11:53'),
(496, 'Sales-082016190379', 'Sales', 103, 'NULL', 0, 500, 10, 0, 15550, 0, 15550, 0, '2016-08-19 12:12:57'),
(497, 'Sales-082016190380', 'Sales', 98, 'NULL', 0, 6000, 120, 0, 187950, 0, 187950, 0, '2016-08-19 12:15:22'),
(498, 'Sales-082016190381', 'Sales', 95, 'NULL', 0, 500, 10, 0, 16900, 0, 16900, 0, '2016-08-19 12:16:51'),
(499, 'Sales-082016190382', 'Sales', 84, 'NULL', 0, 500, 10, 0, 15900, 0, 15900, 0, '2016-08-19 12:17:49'),
(500, 'Sales-082016190383', 'Sales', 87, 'NULL', 0, 500, 10, 0, 15550, 0, 15550, 0, '2016-08-19 12:19:40'),
(501, 'Sales-082016190384', 'Sales', 91, 'NULL', 0, 1000, 20, 0, 34000, 0, 34000, 0, '2016-08-19 13:20:36'),
(502, 'Sales-082016200385', 'Sales', 113, 'NULL', 0, 2500, 50, 0, 77750, 0, 77750, 77750, '2016-08-20 10:38:50'),
(503, 'Sales-082016210386', 'Sales', 82, 'NULL', 0, 4000, 80, 0, 130400, 0, 130400, 0, '2016-08-21 11:25:48'),
(504, 'Sales-082016210387', 'Sales', 120, 'NULL', 0, 4000, 80, 0, 124400, 0, 124400, 0, '2016-08-21 11:28:07'),
(505, 'Sales-082016210388', 'Sales', 95, 'NULL', 0, 500, 10, 0, 15900, 0, 15900, 15000, '2016-08-21 11:30:14'),
(506, 'Sales-082016210389', 'Sales', 84, 'NULL', 0, 1250, 25, 0, 39750, 0, 39750, 35000, '2016-08-21 11:31:40'),
(507, 'Sales-082016220390', 'Sales', 120, 'NULL', 0, 4000, 80, 0, 124400, 0, 124400, 0, '2016-08-22 04:36:38'),
(508, 'Sales-082016220391', 'Sales', 120, 'NULL', 0, 2000, 40, 0, 62200, 0, 62200, 200000, '2016-08-22 08:46:53'),
(509, 'Sales-082016220392', 'Sales', 86, 'NULL', 0, 950, 19, 0, 30020, 0, 30020, 0, '2016-08-22 10:31:18'),
(510, 'Sales-082016220393', 'Sales', 93, 'NULL', 0, 500, 10, 0, 15550, 0, 15550, 0, '2016-08-22 10:33:13'),
(511, 'Sales-082016220394', 'Sales', 88, 'NULL', 0, 500, 10, 0, 15550, 0, 15550, 0, '2016-08-22 14:53:33'),
(512, 'Sales-082016260395', 'Sales', 82, 'NULL', 0, 1000, 20, 0, 32600, 0, 32600, 0, '2016-08-26 12:50:50'),
(513, 'Sales-082016260396', 'Sales', 99, 'NULL', 0, 500, 10, 0, 15550, 0, 15550, 0, '2016-08-26 12:52:30'),
(514, 'Sales-082016260397', 'Sales', 91, 'NULL', 0, 1000, 20, 0, 34000, 0, 34000, 0, '2016-08-26 12:56:31'),
(515, 'Sales-082016260398', 'Sales', 91, 'NULL', 0, 750, 15, 0, 25500, 0, 25500, 0, '2016-08-26 12:58:00'),
(516, 'Sales-082016260399', 'Sales', 89, 'NULL', 0, 500, 10, 0, 15550, 0, 15550, 0, '2016-08-26 12:59:37'),
(517, 'Sales-082016260400', 'Sales', 103, 'NULL', 0, 350, 7, 0, 10885, 0, 10885, 0, '2016-08-26 13:00:36'),
(518, 'Sales-082016260401', 'Sales', 87, 'NULL', 0, 500, 10, 0, 15550, 0, 15550, 0, '2016-08-26 13:01:34'),
(519, 'Sales-082016260402', 'Sales', 86, 'NULL', 0, 900, 18, 0, 28440, 0, 28440, 0, '2016-08-26 13:02:53'),
(520, 'Sales-082016260403', 'Sales', 82, 'NULL', 0, 3500, 70, 0, 114100, 0, 114100, 0, '2016-08-26 13:03:52'),
(521, 'Sales-082016260404', 'Sales', 98, 'NULL', 0, 2250, 45, 0, 70650, 0, 70650, 0, '2016-08-26 13:05:43'),
(522, 'Sales-082016260405', 'Sales', 84, 'NULL', 0, 750, 15, 0, 23850, 0, 23850, 0, '2016-08-26 13:14:26'),
(523, 'Sales-082016260406', 'Sales', 95, 'NULL', 0, 750, 15, 0, 24350, 0, 24350, 20000, '2016-08-26 13:17:42'),
(524, 'Sales-082016260407', 'Sales', 93, 'NULL', 0, 500, 10, 0, 15550, 0, 15550, 0, '2016-08-26 13:19:08'),
(525, 'Sales-082016260408', 'Sales', 82, 'NULL', 0, 1500, 30, 0, 48900, 0, 48900, 0, '2016-08-26 13:20:59'),
(526, 'Sales-082016260409', 'Sales', 113, 'NULL', 0, 2500, 50, 0, 77750, 0, 77750, 0, '2016-08-26 13:21:56'),
(527, 'Purchase-08201626017', 'Purchase', 85, 'DMT-160836', 0, 15000, 300, 0, 568500, 0, 568500, 0, '2016-08-26 13:30:18'),
(528, 'Purchase-08201626018', 'Purchase', 85, 'DMT-142490', 0, 15000, 300, 0, 568500, 0, 568500, 0, '2016-08-26 13:31:10'),
(529, 'Purchase-08201626019', 'Purchase', 85, 'NULL', 0, 15000, 300, 0, 568500, 0, 568500, 0, '2016-08-26 13:32:04'),
(530, 'Sales-082016270410', 'Sales', 103, 'NULL', 0, 1000, 20, 0, 31100, 0, 31100, 30000, '2016-08-27 12:00:25'),
(531, 'Sales-082016270411', 'Sales', 99, 'NULL', 0, 500, 10, 0, 15550, 0, 15550, 0, '2016-08-27 12:02:25'),
(532, 'Sales-082016270412', 'Sales', 83, 'NULL', 0, 2500, 50, 0, 77750, 0, 77750, 0, '2016-08-27 12:04:30'),
(533, 'Sales-082016270413', 'Sales', 98, 'NULL', 0, 2500, 50, 0, 79150, 0, 79150, 0, '2016-08-27 12:08:49'),
(534, 'Sales-082016270414', 'Sales', 98, 'NULL', 0, 750, 15, 0, 23325, 0, 23325, 0, '2016-08-27 12:12:59'),
(535, 'Sales-082016280415', 'Sales', 84, 'NULL', 0, 1000, 20, 0, 31800, 0, 31800, 30000, '2016-08-28 10:26:06'),
(536, 'Sales-082016280416', 'Sales', 95, 'NULL', 0, 500, 10, 0, 15900, 0, 15900, 15000, '2016-08-28 10:44:27'),
(537, 'Sales-082016280417', 'Sales', 88, 'NULL', 0, 250, 5, 0, 7775, 0, 7775, 0, '2016-08-28 10:45:41'),
(538, 'Sales-082016280418', 'Sales', 82, 'NULL', 0, 2500, 50, 0, 81500, 0, 81500, 0, '2016-08-28 10:47:41'),
(539, 'Sales-082016290419', 'Sales', 86, 'NULL', 0, 1850, 37, 0, 58460, 0, 58460, 30000, '2016-08-29 13:16:31'),
(540, 'Sales-082016290420', 'Sales', 116, 'NULL', 0, 500, 10, 0, 15550, 0, 15550, 15000, '2016-08-29 13:19:08'),
(541, 'Sales-082016290421', 'Sales', 95, 'NULL', 0, 500, 10, 0, 16900, 0, 16900, 0, '2016-08-29 13:20:32'),
(542, 'Sales-082016290422', 'Sales', 87, 'NULL', 0, 500, 10, 0, 15550, 0, 15550, 0, '2016-08-29 13:21:28'),
(543, 'Sales-082016290423', 'Sales', 121, 'NULL', 0, 250, 5, 0, 7775, 0, 7775, 7775, '2016-08-29 13:24:40'),
(544, 'Sales-082016290424', 'Sales', 91, 'NULL', 0, 1000, 20, 0, 34000, 0, 34000, 0, '2016-08-29 13:31:31'),
(545, 'Sales-082016310425', 'Sales', 82, 'NULL', 0, 4000, 80, 0, 130400, 0, 130400, 130000, '2016-08-31 13:24:02'),
(546, 'Sales-082016310426', 'Sales', 116, 'NULL', 0, 500, 10, 0, 15550, 0, 15550, 15000, '2016-08-31 13:24:50'),
(547, 'Sales-082016310427', 'Sales', 93, 'NULL', 0, 500, 10, 0, 15550, 0, 15550, 31100, '2016-08-31 13:26:21'),
(548, 'Sales-092016010428', 'Sales', 84, 'NULL', 0, 1000, 20, 0, 32300, 0, 32299, 0, '2016-09-01 13:15:49'),
(549, 'Sales-092016020429', 'Sales', 113, 'NULL', 0, 2500, 50, 0, 79000, 0, 79000, 0, '2016-09-02 09:13:04'),
(550, 'Sales-092016020430', 'Sales', 91, 'NULL', 0, 750, 15, 0, 25875, 0, 25875, 0, '2016-09-02 09:15:28'),
(551, 'Sales-092016020431', 'Sales', 99, 'NULL', 0, 500, 10, 0, 15800, 0, 15800, 0, '2016-09-02 09:30:29'),
(552, 'Sales-092016020432', 'Sales', 87, 'NULL', 0, 500, 10, 0, 15800, 0, 15800, 0, '2016-09-02 09:41:23'),
(553, 'Sales-092016020433', 'Sales', 82, 'NULL', 0, 3500, 70, 0, 115850, 0, 115850, 0, '2016-09-02 09:45:45'),
(554, 'Sales-092016040434', 'Sales', 98, 'NULL', 0, 1750, 35, 0, 55300, 0, 55300, 0, '2016-09-04 07:17:29'),
(555, 'Sales-092016040435', 'Sales', 98, 'NULL', 0, 1750, 35, 0, 55300, 0, 55300, 0, '2016-09-04 07:18:23'),
(556, 'Sales-092016040436', 'Sales', 95, 'NULL', 0, 500, 10, 0, 16150, 0, 16149, 0, '2016-09-04 07:30:35'),
(557, 'Sales-092016040437', 'Sales', 95, 'NULL', 0, 250, 5, 0, 8575, 0, 8575, 0, '2016-09-04 07:31:51'),
(558, 'Sales-092016040438', 'Sales', 84, 'NULL', 0, 1250, 25, 0, 40375, 0, 40375, 0, '2016-09-04 07:45:09'),
(559, 'Sales-092016050439', 'Sales', 93, 'NULL', 0, 500, 10, 0, 15800, 0, 15800, 0, '2016-09-05 10:24:30'),
(560, 'Sales-092016050440', 'Sales', 82, 'NULL', 0, 4000, 80, 0, 132400, 0, 132400, 0, '2016-09-05 10:30:36'),
(561, 'Sales-092016050441', 'Sales', 86, 'NULL', 0, 1850, 37, 0, 59200, 0, 59200, 0, '2016-09-05 10:35:11'),
(562, 'Sales-092016050442', 'Sales', 120, 'NULL', 0, 10000, 200, 0, 316000, 0, 316000, 0, '2016-09-05 10:37:39'),
(563, 'Sales-092016050443', 'Sales', 89, 'NULL', 0, 500, 10, 0, 15550, 0, 15550, 15550, '2016-09-05 10:47:23');
INSERT INTO `product_osm_accounts` (`id`, `osm_full_id`, `sales_purchase_status`, `customer_supplier_id`, `truck_no`, `truck_rate`, `totla_kg`, `total_bag`, `total_unit`, `subtotal`, `discount_amount`, `final_amount`, `payment_amount`, `create_date`) VALUES
(564, 'Sales-092016050444', 'Sales', 89, 'NULL', 0, 500, 10, 0, 15800, 0, 15800, 15800, '2016-09-05 10:49:34'),
(565, 'Sales-092016060445', 'Sales', 98, '5500 à¦Ÿà¦¾à¦•à¦¾ à¦—à¦¾à§œà¦¿ à¦­à¦¾à¦°', 0, 10000, 200, 0, 318700, 0, 318700, 0, '2016-09-06 08:40:26'),
(566, 'Sales-092016060446', 'Sales', 121, 'NULL', 0, 300, 6, 0, 9480, 0, 9480, 9480, '2016-09-06 12:14:50'),
(567, 'Sales-092016060447', 'Sales', 95, 'NULL', 0, 800, 16, 0, 26640, 0, 26639, 0, '2016-09-06 12:16:46'),
(568, 'Sales-092016070448', 'Sales', 99, 'NULL', 0, 500, 10, 0, 15800, 0, 15800, 0, '2016-09-07 09:44:31'),
(569, 'Sales-092016070449', 'Sales', 87, 'NULL', 0, 500, 10, 0, 15800, 0, 15800, 0, '2016-09-07 09:45:26'),
(570, 'Sales-092016070450', 'Sales', 93, 'NULL', 0, 500, 10, 0, 15800, 0, 15800, 0, '2016-09-07 09:46:26'),
(571, 'Sales-092016070451', 'Sales', 103, 'NULL', 0, 500, 10, 0, 15800, 0, 15800, 15800, '2016-09-07 10:32:28'),
(572, 'Sales-092016080452', 'Sales', 82, 'NULL', 0, 2000, 40, 0, 65200, 0, 65200, 0, '2016-09-08 13:07:28'),
(573, 'Sales-092016080453', 'Sales', 91, 'NULL', 0, 1000, 20, 0, 34500, 0, 34500, 50000, '2016-09-08 13:09:25'),
(574, 'Sales-092016080454', 'Sales', 116, 'NULL', 0, 500, 10, 0, 15800, 0, 15800, 0, '2016-09-08 13:10:42'),
(575, 'Sales-092016090455', 'Sales', 89, 'NULL', 0, 1250, 25, 0, 39500, 0, 39500, 0, '2016-09-09 07:38:17'),
(576, 'Sales-092016090456', 'Sales', 95, 'NULL', 0, 850, 17, 0, 28155, 0, 28154, 0, '2016-09-09 07:40:06'),
(577, 'Sales-092016090457', 'Sales', 84, 'NULL', 0, 2500, 50, 0, 80750, 0, 80750, 0, '2016-09-09 07:41:04'),
(578, 'Sales-092016090458', 'Sales', 82, 'NULL', 0, 5000, 100, 0, 163000, 0, 163000, 0, '2016-09-09 07:49:33'),
(579, 'Sales-092016100459', 'Sales', 116, 'NULL', 0, 400, 8, 0, 12640, 0, 12640, 0, '2016-09-10 09:10:04'),
(580, 'Sales-092016100460', 'Sales', 113, 'NULL', 0, 1500, 30, 0, 47400, 0, 47400, 0, '2016-09-10 09:11:39'),
(581, 'Sales-092016100461', 'Sales', 103, 'NULL', 0, 400, 8, 0, 12640, 0, 12640, 0, '2016-09-10 09:56:19'),
(582, 'Sales-092016110462', 'Sales', 93, 'NULL', 0, 1000, 20, 0, 31600, 0, 31600, 0, '2016-09-11 03:51:14'),
(583, 'Sales-092016110463', 'Sales', 91, 'NULL', 0, 1500, 30, 0, 51750, 0, 51750, 0, '2016-09-11 03:52:54'),
(584, 'Sales-092016110464', 'Sales', 87, 'NULL', 0, 1000, 20, 0, 31600, 0, 31600, 0, '2016-09-11 03:55:02'),
(585, 'Sales-092016110465', 'Sales', 86, 'NULL', 0, 1850, 37, 0, 59200, 0, 59200, 0, '2016-09-11 03:55:52'),
(586, 'Sales-092016110466', 'Sales', 120, 'NULL', 0, 2000, 40, 0, 63200, 0, 63200, 0, '2016-09-11 03:56:53'),
(587, 'Purchase-09201611020', 'Purchase', 60, 'NULL', 0, 12500, 250, 0, 562500, 0, 562500, 0, '2016-09-11 04:12:26'),
(588, 'Sales-092016110467', 'Sales', 99, 'NULL', 0, 750, 15, 0, 23700, 0, 23700, 0, '2016-09-11 05:07:52'),
(589, 'Sales-092016110468', 'Sales', 82, 'NULL', 0, 2500, 50, 0, 81500, 0, 81500, 0, '2016-09-11 14:28:03'),
(590, 'Sales-092016110469', 'Sales', 95, 'NULL', 0, 750, 15, 0, 24725, 0, 24725, 0, '2016-09-11 14:29:53'),
(591, 'Sales-092016110470', 'Sales', 84, 'NULL', 0, 500, 10, 0, 16150, 0, 16149, 0, '2016-09-11 14:32:47'),
(592, 'Sales-092016190471', 'Sales', 98, 'NULL', 0, 12000, 240, 0, 379875, 0, 379875, 100000, '2016-09-19 11:25:18'),
(593, 'Sales-092016190472', 'Sales', 103, 'NULL', 0, 500, 10, 0, 15800, 0, 15800, 0, '2016-09-19 11:27:26'),
(594, 'Sales-092016190473', 'Sales', 121, 'NULL', 0, 600, 12, 0, 18960, 0, 18960, 15000, '2016-09-19 11:30:19'),
(595, 'Sales-092016190474', 'Sales', 91, 'NULL', 0, 1000, 20, 0, 34500, 0, 34500, 75000, '2016-09-19 11:31:57'),
(596, 'Sales-092016190475', 'Sales', 84, 'NULL', 0, 1000, 20, 0, 32300, 0, 32299, 80000, '2016-09-19 11:33:25'),
(597, 'Sales-092016190476', 'Sales', 95, 'NULL', 0, 500, 10, 0, 16150, 0, 16149, 35000, '2016-09-19 11:34:32'),
(598, 'Sales-092016190477', 'Sales', 120, 'NULL', 0, 4000, 80, 0, 126400, 0, 126400, 100000, '2016-09-19 11:37:54'),
(599, 'Sales-092016190478', 'Sales', 95, 'NULL', 0, 1000, 20, 0, 33300, 0, 33300, 0, '2016-09-19 11:46:09'),
(600, 'Sales-092016190479', 'Sales', 99, 'NULL', 0, 500, 10, 0, 15800, 0, 15800, 0, '2016-09-19 12:09:03'),
(601, 'Sales-092016190480', 'Sales', 113, 'NULL', 0, 2500, 50, 0, 79000, 0, 79000, 0, '2016-09-19 12:10:03'),
(602, 'Sales-092016190481', 'Sales', 116, 'NULL', 0, 500, 10, 0, 15800, 0, 15800, 0, '2016-09-19 12:11:13'),
(603, 'Sales-092016210482', 'Sales', 97, 'NULL', 0, 2500, 50, 0, 77750, 0, 77750, 0, '2016-09-21 07:41:40'),
(604, 'Sales-092016210483', 'Sales', 86, 'NULL', 0, 1500, 30, 0, 48000, 0, 48000, 0, '2016-09-21 07:52:21'),
(605, 'Sales-092016210484', 'Sales', 87, 'NULL', 0, 500, 10, 0, 15800, 0, 15800, 0, '2016-09-21 07:55:37'),
(606, 'Sales-092016210485', 'Sales', 89, 'NULL', 0, 500, 10, 0, 15800, 0, 15800, 0, '2016-09-21 07:57:29'),
(607, 'Sales-092016210486', 'Sales', 93, 'NULL', 0, 500, 10, 0, 15800, 0, 15800, 0, '2016-09-21 08:00:07'),
(608, 'Sales-092016210487', 'Sales', 116, 'NULL', 0, 500, 10, 0, 15800, 0, 15800, 0, '2016-09-21 08:01:18'),
(609, 'Sales-092016210488', 'Sales', 91, 'NULL', 0, 1000, 20, 0, 34500, 0, 34500, 0, '2016-09-21 11:09:35'),
(610, 'Sales-092016220489', 'Sales', 121, 'NULL', 0, 600, 12, 0, 18960, 0, 18960, 18960, '2016-09-22 12:55:31'),
(611, 'Sales-092016220490', 'Sales', 84, 'NULL', 0, 1000, 20, 0, 32300, 0, 32299, 0, '2016-09-22 12:57:50'),
(612, 'Sales-092016220491', 'Sales', 95, 'NULL', 0, 500, 10, 0, 16650, 0, 16650, 18000, '2016-09-22 12:59:27'),
(613, 'Sales-092016220492', 'Sales', 103, 'NULL', 0, 500, 10, 0, 15800, 0, 15800, 0, '2016-09-22 13:25:54'),
(614, 'Sales-092016230493', 'Sales', 118, 'NULL', 0, 5000, 100, 0, 158000, 0, 158000, 0, '2016-09-23 09:17:05'),
(615, 'Sales-092016230494', 'Sales', 98, 'NULL', 0, 2250, 45, 0, 73125, 0, 73125, 0, '2016-09-23 09:18:40'),
(616, 'Sales-092016230495', 'Sales', 97, 'NULL', 0, 2000, 40, 0, 62200, 0, 62200, 0, '2016-09-23 09:20:05'),
(617, 'Sales-092016230496', 'Sales', 82, 'NULL', 0, 3500, 70, 0, 114100, 0, 114100, 0, '2016-09-23 09:21:15'),
(618, 'Sales-092016260497', 'Sales', 99, 'NULL', 0, 500, 10, 0, 15800, 0, 15800, 0, '2016-09-26 03:51:44'),
(619, 'Sales-092016260498', 'Sales', 87, 'NULL', 0, 500, 10, 0, 15800, 0, 15800, 0, '2016-09-26 04:00:03'),
(620, 'Sales-092016260499', 'Sales', 120, 'NULL', 0, 2000, 40, 0, 63200, 0, 63200, 0, '2016-09-26 04:03:25'),
(621, 'Sales-092016260500', 'Sales', 116, 'NULL', 0, 500, 10, 0, 15800, 0, 15800, 15000, '2016-09-26 04:06:42'),
(622, 'Sales-092016260501', 'Sales', 91, 'NULL', 0, 1000, 20, 0, 34500, 0, 34500, 0, '2016-09-26 04:08:37'),
(623, 'Sales-092016260502', 'Sales', 89, 'NULL', 0, 500, 10, 0, 15800, 0, 15800, 0, '2016-09-26 04:10:48'),
(624, 'Sales-092016260503', 'Sales', 95, 'NULL', 0, 500, 10, 0, 16150, 0, 16149, 0, '2016-09-26 04:12:59'),
(625, 'Sales-092016260504', 'Sales', 120, 'NULL', 0, 2000, 40, 0, 63200, 0, 63200, 0, '2016-09-26 04:15:10'),
(626, 'Sales-092016260505', 'Sales', 84, 'NULL', 0, 1250, 25, 0, 40375, 0, 40375, 0, '2016-09-26 04:16:39'),
(627, 'Sales-092016260506', 'Sales', 86, 'NULL', 0, 500, 10, 0, 16000, 0, 16000, 0, '2016-09-26 04:18:21'),
(628, 'Sales-092016260507', 'Sales', 82, 'NULL', 0, 2500, 50, 0, 81500, 0, 81500, 0, '2016-09-26 04:25:14'),
(629, 'Sales-092016260508', 'Sales', 82, 'NULL', 0, 2500, 50, 0, 81500, 0, 81500, 0, '2016-09-26 04:27:25'),
(630, 'Sales-092016260509', 'Sales', 86, 'NULL', 0, 1250, 25, 0, 40000, 0, 40000, 30000, '2016-09-26 10:35:23'),
(631, 'Sales-092016260510', 'Sales', 97, 'NULL', 0, 2000, 40, 0, 62200, 0, 62200, 50000, '2016-09-26 10:38:46'),
(632, 'Sales-092016270511', 'Sales', 93, 'NULL', 0, 500, 10, 0, 15800, 0, 15800, 0, '2016-09-27 10:12:54'),
(633, 'Sales-092016280512', 'Sales', 103, 'NULL', 0, 500, 10, 0, 15800, 0, 15800, 15000, '2016-09-28 11:19:28'),
(634, 'Sales-092016280513', 'Sales', 121, 'NULL', 0, 650, 13, 0, 20540, 0, 20540, 17050, '2016-09-28 11:21:00'),
(635, 'Sales-092016280514', 'Sales', 116, 'NULL', 0, 500, 10, 0, 15800, 0, 15800, 15000, '2016-09-28 11:21:53'),
(636, 'Sales-092016290515', 'Sales', 99, 'NULL', 0, 500, 10, 0, 15800, 0, 15800, 0, '2016-09-29 09:26:30'),
(637, 'Sales-092016290516', 'Sales', 91, 'NULL', 0, 1000, 20, 0, 34500, 0, 34500, 0, '2016-09-29 09:32:13'),
(638, 'Sales-092016290517', 'Sales', 87, 'NULL', 0, 500, 10, 0, 15800, 0, 15800, 0, '2016-09-29 09:35:54'),
(639, 'Sales-092016290518', 'Sales', 82, 'NULL', 0, 2500, 50, 0, 81500, 0, 81500, 0, '2016-09-29 09:37:50'),
(640, 'Sales-092016290519', 'Sales', 84, 'NULL', 0, 1000, 20, 0, 32300, 0, 32299, 0, '2016-09-29 09:39:58'),
(641, 'Sales-092016290520', 'Sales', 95, 'NULL', 0, 500, 10, 0, 16650, 0, 16650, 0, '2016-09-29 09:42:19'),
(642, 'Sales-092016290521', 'Sales', 89, 'NULL', 0, 500, 10, 0, 15800, 0, 15800, 0, '2016-09-29 09:45:03'),
(643, 'Sales-092016290522', 'Sales', 97, 'NULL', 0, 2500, 50, 0, 77750, 0, 77750, 100000, '2016-09-29 12:18:15'),
(644, 'Sales-092016300523', 'Sales', 98, 'NULL', 0, 2250, 45, 0, 71775, 0, 71775, 0, '2016-09-30 08:23:57'),
(645, 'Sales-092016300524', 'Sales', 118, 'NULL', 0, 5000, 100, 0, 158000, 0, 158000, 0, '2016-09-30 11:35:26'),
(646, 'Sales-102016020525', 'Sales', 82, 'NULL', 0, 3500, 70, 0, 114100, 0, 114100, 0, '2016-10-02 10:58:32'),
(647, 'Sales-102016020526', 'Sales', 95, 'NULL', 0, 750, 15, 0, 24725, 0, 24725, 0, '2016-10-02 12:36:08'),
(648, 'Sales-102016020527', 'Sales', 91, 'NULL', 0, 1000, 20, 0, 34500, 0, 34500, 30000, '2016-10-02 12:38:58'),
(649, 'Sales-102016020528', 'Sales', 84, 'NULL', 0, 1000, 20, 0, 32300, 0, 32299, 30000, '2016-10-02 12:40:41'),
(650, 'Sales-102016020529', 'Sales', 116, 'NULL', 0, 500, 10, 0, 15800, 0, 15800, 15000, '2016-10-02 12:41:46'),
(651, 'Sales-102016020530', 'Sales', 98, 'NULL', 0, 2250, 45, 0, 71775, 0, 71775, 70000, '2016-10-02 12:48:34'),
(652, 'Sales-102016030531', 'Sales', 103, 'NULL', 0, 500, 10, 0, 15800, 0, 15800, 0, '2016-10-03 08:08:51'),
(653, 'Sales-102016030532', 'Sales', 86, 'NULL', 0, 1750, 35, 0, 56000, 0, 56000, 0, '2016-10-03 08:09:52'),
(654, 'Sales-102016030533', 'Sales', 83, 'NULL', 0, 2500, 50, 0, 79000, 0, 79000, 0, '2016-10-03 08:10:59'),
(655, 'Sales-102016030534', 'Sales', 97, 'NULL', 0, 1000, 20, 0, 31100, 0, 31100, 0, '2016-10-03 08:12:12'),
(656, 'Sales-102016030535', 'Sales', 87, 'NULL', 0, 500, 10, 0, 15800, 0, 15800, 0, '2016-10-03 08:13:16'),
(657, 'Sales-102016030536', 'Sales', 93, 'NULL', 0, 50, 1, 0, 2055, 0, 2055, 0, '2016-10-03 08:17:55'),
(658, 'Sales-102016030537', 'Sales', 93, 'NULL', 0, 250, 5, 0, 8850, 0, 8850, 0, '2016-10-03 08:18:55'),
(659, 'Sales-102016030538', 'Sales', 93, 'NULL', 0, 500, 10, 0, 15800, 0, 15800, 0, '2016-10-03 08:19:33'),
(660, 'Sales-102016030539', 'Sales', 89, 'NULL', 0, 350, 7, 0, 14525, 0, 14525, 0, '2016-10-03 08:21:36'),
(661, 'Sales-102016030540', 'Sales', 89, 'NULL', 0, 250, 5, 0, 8850, 0, 8850, 0, '2016-10-03 08:22:57'),
(662, 'Sales-102016030541', 'Sales', 98, 'NULL', 0, 10000, 200, 0, 316000, 0, 316000, 0, '2016-10-03 11:31:08'),
(663, 'Sales-102016040542', 'Sales', 89, 'NULL', 0, 500, 10, 0, 15800, 0, 15800, 0, '2016-10-04 11:25:12'),
(664, 'Sales-102016040543', 'Sales', 97, 'NULL', 0, 2500, 50, 0, 77750, 0, 77750, 0, '2016-10-04 11:27:54'),
(665, 'Sales-102016040544', 'Sales', 121, 'NULL', 0, 600, 12, 0, 18960, 0, 18960, 18960, '2016-10-04 11:28:55'),
(666, 'Sales-102016050545', 'Sales', 99, 'NULL', 0, 500, 10, 0, 15800, 0, 15800, 0, '2016-10-05 12:12:43'),
(667, 'Sales-102016050546', 'Sales', 82, 'NULL', 0, 2500, 50, 0, 81500, 0, 81500, 0, '2016-10-05 12:13:46'),
(668, 'Sales-102016050547', 'Sales', 95, 'NULL', 0, 250, 5, 0, 8575, 0, 8575, 0, '2016-10-05 12:15:39'),
(669, 'Sales-102016060548', 'Sales', 93, 'NULL', 0, 500, 10, 0, 15800, 0, 15800, 0, '2016-10-06 12:07:58'),
(670, 'Sales-102016060549', 'Sales', 91, 'NULL', 0, 1000, 20, 0, 34500, 0, 34500, 40000, '2016-10-06 12:10:34'),
(671, 'Sales-102016060550', 'Sales', 84, 'NULL', 0, 1000, 20, 0, 32300, 0, 32299, 45000, '2016-10-06 12:11:56'),
(672, 'Sales-102016080551', 'Sales', 95, 'NULL', 0, 500, 10, 0, 16150, 0, 16149, 0, '2016-10-08 04:29:40'),
(673, 'Sales-102016080552', 'Sales', 87, 'NULL', 0, 500, 10, 0, 15800, 0, 15800, 0, '2016-10-08 04:31:43'),
(674, 'Sales-102016080553', 'Sales', 103, 'NULL', 0, 500, 10, 0, 15800, 0, 15800, 15000, '2016-10-08 04:33:40'),
(675, 'Sales-102016080554', 'Sales', 122, 'NULL', 0, 500, 10, 0, 15800, 0, 15800, 0, '2016-10-08 04:43:28'),
(676, 'Sales-102016080555', 'Sales', 122, 'NULL', 0, 500, 10, 0, 15800, 0, 15800, 0, '2016-10-08 04:43:56'),
(677, 'Sales-102016080556', 'Sales', 97, 'NULL', 0, 2000, 40, 0, 62200, 0, 62200, 0, '2016-10-08 04:51:38'),
(678, 'Sales-102016080557', 'Sales', 95, 'NULL', 0, 1000, 20, 0, 33300, 0, 33300, 0, '2016-10-08 08:06:12'),
(679, 'Sales-102016080558', 'Sales', 84, 'NULL', 0, 1000, 20, 0, 32300, 0, 32299, 0, '2016-10-08 08:07:03'),
(680, 'Sales-102016080559', 'Sales', 89, 'NULL', 0, 750, 15, 0, 24650, 0, 24650, 16000, '2016-10-08 08:09:06'),
(681, 'Sales-102016080560', 'Sales', 93, 'NULL', 0, 250, 5, 0, 8850, 0, 8850, 0, '2016-10-08 08:12:25'),
(682, 'Sales-102016080561', 'Sales', 82, 'NULL', 0, 3500, 70, 0, 114100, 0, 114100, 134000, '2016-10-08 11:43:57'),
(683, 'Sales-102016090562', 'Sales', 116, 'NULL', 0, 500, 10, 0, 15800, 0, 15800, 0, '2016-10-09 08:46:46'),
(684, 'Sales-102016090563', 'Sales', 91, 'NULL', 0, 1000, 20, 0, 34500, 0, 34500, 0, '2016-10-09 08:48:55'),
(685, 'Sales-102016090564', 'Sales', 99, 'NULL', 0, 500, 10, 0, 15800, 0, 15800, 0, '2016-10-09 08:50:54'),
(686, 'Sales-102016100565', 'Sales', 86, 'NULL', 0, 1750, 35, 0, 56000, 0, 56000, 25000, '2016-10-10 11:00:13'),
(687, 'Sales-102016110566', 'Sales', 97, 'NULL', 0, 2500, 50, 0, 77750, 0, 77750, 0, '2016-10-11 12:11:48'),
(688, 'Sales-102016110567', 'Sales', 88, 'NULL', 0, 750, 15, 0, 23700, 0, 23700, 0, '2016-10-11 12:13:21'),
(689, 'Sales-102016110568', 'Sales', 93, 'NULL', 0, 500, 10, 0, 15800, 0, 15800, 0, '2016-10-11 12:14:33'),
(690, 'Sales-102016110569', 'Sales', 82, 'NULL', 0, 2500, 50, 0, 81500, 0, 81500, 0, '2016-10-11 12:16:56'),
(691, 'Sales-102016110570', 'Sales', 87, 'NULL', 0, 500, 10, 0, 15800, 0, 15800, 0, '2016-10-11 12:17:53'),
(692, 'Sales-102016110571', 'Sales', 121, 'NULL', 0, 600, 12, 0, 18960, 0, 18960, 18750, '2016-10-11 12:19:02'),
(693, 'Sales-102016110572', 'Sales', 89, 'NULL', 0, 500, 10, 0, 15800, 0, 15800, 14000, '2016-10-11 12:23:08'),
(694, 'Sales-102016130573', 'Sales', 95, 'NULL', 0, 500, 10, 0, 16150, 0, 16149, 0, '2016-10-13 07:01:50'),
(695, 'Sales-102016130574', 'Sales', 95, 'NULL', 0, 250, 5, 0, 8575, 0, 8575, 0, '2016-10-13 07:03:51'),
(696, 'Sales-102016130575', 'Sales', 122, 'NULL', 0, 500, 10, 0, 15800, 0, 15800, 0, '2016-10-13 07:05:28'),
(697, 'Sales-102016130576', 'Sales', 103, 'NULL', 0, 500, 10, 0, 15800, 0, 15800, 15000, '2016-10-13 07:06:42'),
(698, 'Sales-102016130577', 'Sales', 118, 'NULL', 0, 5000, 100, 0, 158000, 0, 158000, 0, '2016-10-13 07:07:51'),
(699, 'Sales-102016130578', 'Sales', 91, 'NULL', 0, 1000, 20, 0, 34500, 0, 34500, 0, '2016-10-13 07:09:26'),
(700, 'Sales-102016130579', 'Sales', 84, 'NULL', 0, 1250, 25, 0, 40375, 0, 40375, 0, '2016-10-13 07:13:22'),
(701, 'Sales-102016130580', 'Sales', 122, 'NULL', 0, 1000, 20, 0, 31600, 0, 31600, 0, '2016-10-13 11:40:07'),
(702, 'Sales-102016140581', 'Sales', 116, 'NULL', 0, 500, 10, 0, 15800, 0, 15800, 0, '2016-10-14 11:54:03'),
(703, 'Sales-102016140582', 'Sales', 97, 'NULL', 0, 2500, 50, 0, 77750, 0, 77750, 50000, '2016-10-14 11:55:24'),
(704, 'Sales-102016140583', 'Sales', 99, 'NULL', 0, 500, 10, 0, 15800, 0, 15800, 12000, '2016-10-14 11:56:56'),
(705, 'Sales-102016140584', 'Sales', 113, 'NULL', 0, 2500, 50, 0, 79000, 0, 79000, 0, '2016-10-14 11:58:29'),
(706, 'Sales-102016150585', 'Sales', 87, 'NULL', 0, 500, 10, 0, 15800, 0, 15800, 0, '2016-10-15 10:53:06'),
(707, 'Sales-102016150586', 'Sales', 95, 'NULL', 0, 500, 10, 0, 16150, 0, 16149, 0, '2016-10-15 10:54:53'),
(708, 'Sales-102016150587', 'Sales', 82, 'NULL', 0, 2500, 50, 0, 81500, 0, 81500, 0, '2016-10-15 11:41:45'),
(709, 'Sales-102016150588', 'Sales', 89, 'NULL', 0, 250, 5, 0, 8850, 0, 8850, 0, '2016-10-15 12:20:17'),
(710, 'Sales-102016160589', 'Sales', 93, 'NULL', 0, 900, 18, 0, 29960, 0, 29960, 0, '2016-10-16 11:47:29'),
(711, 'Sales-102016160590', 'Sales', 89, 'NULL', 0, 500, 10, 0, 15800, 0, 15800, 14800, '2016-10-16 11:50:32'),
(712, 'Sales-102016160591', 'Sales', 95, 'NULL', 0, 250, 5, 0, 8575, 0, 8575, 15000, '2016-10-16 11:53:16'),
(713, 'Sales-102016160592', 'Sales', 84, 'NULL', 0, 1250, 25, 0, 40375, 0, 40375, 40000, '2016-10-16 11:55:32'),
(714, 'Sales-102016160593', 'Sales', 82, 'NULL', 0, 3500, 70, 0, 114100, 0, 114100, 0, '2016-10-16 11:58:05'),
(715, 'Sales-102016170594', 'Sales', 98, 'NULL', 0, 6000, 120, 0, 189600, 0, 189600, 0, '2016-10-17 10:23:15'),
(716, 'Sales-102016170595', 'Sales', 97, 'NULL', 0, 2500, 50, 0, 77750, 0, 77750, 0, '2016-10-17 10:26:06'),
(717, 'Sales-102016170596', 'Sales', 86, 'NULL', 0, 1750, 35, 0, 56000, 0, 56000, 28000, '2016-10-17 10:27:16'),
(718, 'Sales-102016170597', 'Sales', 91, 'NULL', 0, 1000, 20, 0, 34500, 0, 34500, 0, '2016-10-17 10:28:37'),
(719, 'Sales-102016170598', 'Sales', 83, 'NULL', 0, 2500, 50, 0, 79000, 0, 79000, 0, '2016-10-17 10:31:21'),
(720, 'Sales-102016170599', 'Sales', 122, 'NULL', 0, 1000, 20, 0, 31600, 0, 31600, 0, '2016-10-17 10:35:35'),
(721, 'Sales-102016170600', 'Sales', 103, 'NULL', 0, 250, 5, 0, 7900, 0, 7900, 0, '2016-10-17 10:36:42'),
(722, 'Sales-102016170601', 'Sales', 121, 'NULL', 0, 600, 12, 0, 18960, 0, 18960, 18960, '2016-10-17 10:37:43'),
(723, 'Sales-102016190602', 'Sales', 116, 'NULL', 0, 750, 15, 0, 23700, 0, 23700, 0, '2016-10-19 10:56:27'),
(724, 'Sales-102016190603', 'Sales', 84, 'NULL', 0, 1000, 20, 0, 32300, 0, 32299, 0, '2016-10-19 10:57:22'),
(725, 'Sales-102016190604', 'Sales', 95, 'NULL', 0, 750, 15, 0, 24725, 0, 24725, 0, '2016-10-19 10:58:43'),
(726, 'Sales-102016190605', 'Sales', 99, 'NULL', 0, 500, 10, 0, 15800, 0, 15800, 0, '2016-10-19 10:59:48'),
(727, 'Sales-102016190606', 'Sales', 118, 'NULL', 0, 5000, 100, 0, 158000, 0, 158000, 0, '2016-10-19 11:00:42'),
(728, 'Sales-102016200607', 'Sales', 87, 'NULL', 0, 500, 10, 0, 15800, 0, 15800, 0, '2016-10-20 12:02:34'),
(729, 'Sales-102016200608', 'Sales', 93, 'NULL', 0, 500, 10, 0, 15800, 0, 15800, 0, '2016-10-20 12:03:44'),
(730, 'Sales-102016200609', 'Sales', 89, 'NULL', 0, 750, 15, 0, 24650, 0, 24650, 0, '2016-10-20 12:07:04'),
(731, 'Sales-102016200610', 'Sales', 113, 'NULL', 0, 2500, 50, 0, 79000, 0, 79000, 79000, '2016-10-20 12:08:05'),
(732, 'Sales-102016200611', 'Sales', 103, 'NULL', 0, 1000, 20, 0, 31600, 0, 31600, 20000, '2016-10-20 12:10:28'),
(733, 'Sales-102016200612', 'Sales', 88, 'NULL', 0, 500, 10, 0, 15800, 0, 15800, 15000, '2016-10-20 12:11:58'),
(734, 'Sales-102016200613', 'Sales', 97, 'NULL', 0, 2500, 50, 0, 77750, 0, 77750, 50000, '2016-10-20 12:42:44'),
(735, 'Sales-102016230614', 'Sales', 122, 'NULL', 0, 1000, 20, 0, 31600, 0, 31600, 0, '2016-10-23 07:40:10'),
(736, 'Sales-102016230615', 'Sales', 91, 'NULL', 0, 1000, 20, 0, 34500, 0, 34500, 0, '2016-10-23 07:41:10'),
(737, 'Sales-102016230616', 'Sales', 82, 'NULL', 0, 2500, 50, 0, 81500, 0, 81500, 0, '2016-10-23 07:49:42'),
(738, 'Sales-102016230617', 'Sales', 95, 'NULL', 0, 1000, 20, 0, 33300, 0, 33300, 0, '2016-10-23 07:51:37'),
(739, 'Sales-102016230618', 'Sales', 93, 'NULL', 0, 250, 5, 0, 8850, 0, 8850, 0, '2016-10-23 07:52:59'),
(740, 'Sales-102016230619', 'Sales', 85, 'NULL', 0, 2500, 50, 0, 79000, 0, 79000, 0, '2016-10-23 07:57:31');

-- --------------------------------------------------------

--
-- Table structure for table `product_type`
--

CREATE TABLE IF NOT EXISTS `product_type` (
  `pd_type_id` int(11) NOT NULL AUTO_INCREMENT,
  `pd_type_name` varchar(80) CHARACTER SET latin1 NOT NULL,
  PRIMARY KEY (`pd_type_id`)
) ENGINE=InnoDB  DEFAULT CHARSET=utf8 AUTO_INCREMENT=3 ;

--
-- Dumping data for table `product_type`
--

INSERT INTO `product_type` (`pd_type_id`, `pd_type_name`) VALUES
(1, 'Finish Good Product'),
(2, 'Raw Materials Product');

-- --------------------------------------------------------

--
-- Stand-in structure for view `product_view`
--
CREATE TABLE IF NOT EXISTS `product_view` (
`product_id` int(11)
,`pd_code` varchar(30)
,`pd_name` varchar(80)
,`cat_name` varchar(80)
,`sub_cat_name` varchar(80)
,`pd_type` varchar(80)
,`status` varchar(30)
,`reg_date` timestamp
);
-- --------------------------------------------------------

--
-- Stand-in structure for view `report_customer_accounts`
--
CREATE TABLE IF NOT EXISTS `report_customer_accounts` (
`customer_id` int(11)
,`customer_code` int(11)
,`name` varchar(60)
,`total_amount` varbinary(23)
,`payment_amount` varbinary(23)
,`net_blance` varbinary(23)
,`acc_id` int(11)
,`accounts_name` varchar(100)
,`bank_name` varchar(80)
,`cheque_number` varchar(80)
);
-- --------------------------------------------------------

--
-- Stand-in structure for view `report_product_stock`
--
CREATE TABLE IF NOT EXISTS `report_product_stock` (
`product_id` int(11)
,`pd_code` varchar(30)
,`pd_name` varchar(80)
,`catagory_id` int(11)
,`cat_name` varchar(80)
,`pd_type` varchar(80)
,`stock_kg` double
,`stock_bag` double
,`bag_size` decimal(32,0)
,`unit_number` decimal(32,0)
,`total_kg` double
);
-- --------------------------------------------------------

--
-- Stand-in structure for view `report_supplier_accounts`
--
CREATE TABLE IF NOT EXISTS `report_supplier_accounts` (
`id_supplier` int(10) unsigned
,`supplier_code` int(11)
,`name` varchar(64)
,`total_amount` varbinary(23)
,`payment_amount` varbinary(23)
,`net_blance` varbinary(23)
,`acc_id` int(11)
,`accounts_name` varchar(100)
,`bank_name` varchar(80)
,`cheque_number` varchar(80)
);
-- --------------------------------------------------------

--
-- Stand-in structure for view `sub_catagory_view`
--
CREATE TABLE IF NOT EXISTS `sub_catagory_view` (
`id_sub_catagory` int(11)
,`cat_name` varchar(80)
,`sub_cat_name` varchar(80)
,`status` varchar(30)
,`reg_date` timestamp
,`sub_cat_code` varchar(40)
);
-- --------------------------------------------------------

--
-- Table structure for table `supplier_accounts`
--

CREATE TABLE IF NOT EXISTS `supplier_accounts` (
  `id` int(11) NOT NULL AUTO_INCREMENT,
  `recipt_code` int(11) NOT NULL,
  `supplier_id` int(11) NOT NULL,
  `reperence_status` varchar(40) NOT NULL DEFAULT 'Payment',
  `ref_osm_full_id` varchar(50) NOT NULL,
  `total_amount` float NOT NULL DEFAULT '0',
  `payment_amount` float NOT NULL DEFAULT '0',
  `net_blance` float NOT NULL DEFAULT '0',
  `create_date` timestamp NOT NULL DEFAULT CURRENT_TIMESTAMP,
  `accounts_id` int(11) NOT NULL,
  `bank_name` varchar(80) NOT NULL DEFAULT 'NULL',
  `cheque_number` varchar(80) DEFAULT NULL,
  `bkash_trans_id` varchar(40) DEFAULT NULL,
  `remarks` text,
  PRIMARY KEY (`id`)
) ENGINE=InnoDB  DEFAULT CHARSET=latin1 AUTO_INCREMENT=150 ;

--
-- Dumping data for table `supplier_accounts`
--

INSERT INTO `supplier_accounts` (`id`, `recipt_code`, `supplier_id`, `reperence_status`, `ref_osm_full_id`, `total_amount`, `payment_amount`, `net_blance`, `create_date`, `accounts_id`, `bank_name`, `cheque_number`, `bkash_trans_id`, `remarks`) VALUES
(66, 1, 60, 'Purchase', 'Purchase-0620160401', 528125, 0, 528125, '2016-06-04 04:43:09', 4, '', '', '', NULL),
(67, 2, 61, 'Purchase', 'Purchase-0620160402', 589050, 0, 589050, '2016-06-04 08:25:37', 4, '', '', '', NULL),
(68, 3, 61, 'Payment', 'Babu', 0, 65000, 524050, '2016-06-05 04:11:38', 1, '', '', NULL, '04-06-16 Joma'),
(69, 4, 76, 'Payment', 'Babu Kaka', 0, 50000, -50000, '2016-06-05 04:20:10', 1, '', '', NULL, '04-06-16 Joma'),
(70, 5, 61, 'Payment', 'BABU', 0, 50000, 474050, '2016-06-06 04:20:50', 1, '', '', NULL, '05.06.16 DEYA HOY'),
(71, 6, 60, 'Purchase', 'Purchase-0620160803', 509999, 0, 1038120, '2016-06-08 08:02:43', 4, '', '', '', NULL),
(72, 7, 60, 'Payment', 'à¦¬à¦¾à¦¬à§ à¦šà¦¾à¦šà§à¦›à§', 0, 200000, 838124, '2016-06-08 08:05:25', 1, '', '', NULL, 'à§¦à§¬.à§¦à§¬.à§§à§¬ à¦¤à¦¾à¦°à¦¿à¦– à¦Ÿà¦¾à¦•à¦¾ à¦œà¦®à¦¾ à¦•à¦°à§‡à¥¤ '),
(73, 8, 61, 'Payment', 'Babu ', 0, 250000, 224050, '2016-06-09 11:54:24', 1, '', '', NULL, 'Cash Boss'),
(74, 9, 61, 'Payment', 'Babu', 0, 50000, 174050, '2016-06-09 11:58:05', 1, '', '', NULL, 'Cash 08.06.16 joma'),
(75, 10, 61, 'Payment', 'Babu kishi bank', 0, 50000, 124050, '2016-06-09 12:02:30', 1, '', '', NULL, 'Boss'),
(76, 11, 60, 'Payment', 'Babu Kaka', 0, 165450, 672674, '2016-06-13 13:41:49', 1, '', '', NULL, 'Boss Cash'),
(77, 12, 61, 'Payment', 'babu', 0, 100000, 24050, '2016-06-16 13:59:57', 1, '', '', NULL, 'boss'),
(78, 13, 76, 'Payment', 'babu', 0, 50000, -100000, '2016-06-16 14:00:54', 1, '', '', NULL, 'boss'),
(79, 14, 61, 'Payment', 'boss', 0, 30000, -5950, '2016-06-16 14:07:56', 1, '', '', NULL, 'boss'),
(80, 15, 76, 'Payment', 'boss', 0, 30000, -130000, '2016-06-16 14:08:47', 1, '', '', NULL, 'boss'),
(81, 16, 61, 'Payment', '12.06.16 Joma', 0, 50000, -55950, '2016-06-16 16:09:44', 1, '', '', NULL, 'Boss'),
(82, 17, 61, 'Payment', '4.6.16 à¦®à¦¾à¦²à§‡à¦° à¦¦à¦¾à¦® à§§à§¦ à¦ªà§Ÿà¦¸à', 0, 980, -56930, '2016-06-16 16:47:49', 1, '', '', NULL, '10.6.16 à¦›à¦¾à¦²à¦¾à¦° à¦Ÿà¦¾à¦•à¦¾ à¦¥à§‡à¦•à§‡ à¦•à§‡à¦Ÿà§‡ 3570+980 '),
(83, 18, 61, 'Purchase', 'Purchase-0620161904', 546720, 0, 489790, '2016-06-19 14:49:44', 4, '', '', '', NULL),
(84, 19, 61, 'Payment', '18/06/16 Deya Hoy', 0, 30650, 459140, '2016-06-19 14:53:28', 1, '', '', NULL, 'Boss'),
(85, 20, 61, 'Payment', 'Babu Dey ', 0, 335000, 124140, '2016-06-19 14:54:59', 1, '', '', NULL, 'Boss'),
(86, 21, 84, 'Purchase', 'Purchase-0620162005', 500100, 0, 500100, '2016-06-20 10:55:27', 4, '', '', '', NULL),
(87, 22, 61, 'Payment', 'Babu Kaka', 0, 70000, 54140, '2016-06-24 06:29:05', 1, '', '', NULL, '23.06.16Joma dey'),
(88, 23, 60, 'Payment', 'Boss', 0, 10000, 662674, '2016-06-24 06:48:02', 1, '', '', NULL, '14.06.16 Jomar Date'),
(89, 24, 60, 'Payment', 'Boss', 0, 90000, 572674, '2016-06-24 06:48:49', 1, '', '', NULL, '23.06.16 Jomar Date '),
(90, 25, 60, 'Payment', 'Boss', 0, 150000, 422674, '2016-06-24 06:49:34', 1, '', '', NULL, '23.06.16 Joma Date Boss'),
(91, 26, 60, 'Payment', 'Boss', 0, 50000, 372674, '2016-06-26 14:10:39', 1, '', '', NULL, 'Babu Kaka'),
(92, 27, 61, 'Payment', 'Boss', 0, 50000, 4140, '2016-06-30 11:37:45', 1, '', '', NULL, 'Babu'),
(93, 28, 61, 'Payment', 'Boss', 0, 80000, -75860, '2016-07-04 10:32:31', 1, '', '', NULL, 'Boss'),
(94, 29, 61, 'Purchase', 'Purchase-0720161106', 226974, 0, 151114, '2016-07-11 05:05:37', 4, '', '', '', NULL),
(95, 30, 61, 'Payment', 'boss', 0, 80000, 71114, '2016-07-11 05:06:49', 1, '', '', NULL, 'babu'),
(96, 31, 61, 'Payment', '12.07.16', 0, 50000, 21114, '2016-07-20 12:20:39', 1, '', '', NULL, 'boss'),
(97, 32, 61, 'Payment', '6.07.16', 0, 30000, -8886, '2016-07-20 12:21:15', 1, '', '', NULL, 'boss'),
(98, 33, 61, 'Purchase', 'Purchase-0720162007', 115440, 0, 106554, '2016-07-20 12:22:47', 4, '', '', '', NULL),
(99, 34, 61, 'Payment', '10.07.16 cala babod', 0, 6200, 100354, '2016-07-20 12:24:03', 1, '', '', NULL, 'boss'),
(100, 35, 61, 'Payment', '14.07.16', 0, 50000, 50354, '2016-07-20 12:24:31', 1, '', '', NULL, 'boss'),
(101, 36, 61, 'Payment', '17.07.16', 0, 150000, -99646, '2016-07-20 12:25:03', 1, '', '', NULL, 'boss'),
(102, 37, 61, 'Payment', '18.07.16', 0, 30000, -129646, '2016-07-20 12:25:50', 1, '', '', NULL, 'boss'),
(103, 38, 61, 'Payment', 'babu', 0, 15000, -144646, '2016-07-20 12:26:31', 1, '', '', NULL, 'boss'),
(104, 39, 61, 'Payment', 'boss', 0, 100000, -244646, '2016-07-21 11:20:17', 1, '', '', NULL, 'babu kaka'),
(105, 40, 61, 'Payment', '22.07.16', 0, 10000, -254646, '2016-08-01 11:20:20', 1, '', '', NULL, 'boss'),
(106, 41, 61, 'Payment', '23.07.16', 0, 10000, -264646, '2016-08-01 11:20:43', 1, '', '', NULL, 'bosss'),
(107, 42, 61, 'Purchase', 'Purchase-0820160108', 623700, 0, 359054, '2016-08-01 11:22:08', 4, '', '', '', NULL),
(108, 43, 61, 'Purchase', 'Purchase-0820160109', 125895, 0, 484949, '2016-08-01 11:23:24', 4, '', '', '', NULL),
(109, 44, 61, 'Payment', '24.07.16', 0, 100000, 384949, '2016-08-01 11:24:08', 1, '', '', NULL, 'boss'),
(110, 45, 61, 'Payment', '28.07.16', 0, 150000, 234949, '2016-08-01 11:24:43', 1, '', '', NULL, 'bosss'),
(111, 46, 61, 'Payment', '29.07.16', 0, 150000, 84949, '2016-08-01 11:25:19', 1, '', '', NULL, 'boss'),
(112, 47, 61, 'Payment', '30.07.16', 0, 45400, 39549, '2016-08-01 11:26:14', 1, '', '', NULL, 'boss'),
(113, 48, 61, 'Payment', '31.07.16', 0, 200000, -160451, '2016-08-01 11:26:42', 1, '', '', NULL, 'boss'),
(114, 49, 61, 'Payment', '31.07.16', 0, 411994, -572445, '2016-08-01 11:27:34', 1, '', '', NULL, '200000 taka chak a'),
(115, 50, 61, 'Purchase', 'Purchase-08201614010', 693000, 0, 120555, '2016-08-14 12:03:27', 4, '', '', '', NULL),
(116, 51, 61, 'Payment', '04.08.16', 0, 200000, -79445, '2016-08-14 12:04:20', 1, '', '', NULL, 'Cash Taka '),
(117, 52, 61, 'Purchase', 'Purchase-08201614011', 353400, 0, 273955, '2016-08-14 12:06:26', 4, '', '', '', NULL),
(118, 53, 61, 'Purchase', 'Purchase-08201614012', 285000, 0, 558955, '2016-08-14 12:07:46', 4, '', '', '', NULL),
(119, 54, 61, 'Payment', 'D.M.T 147435 Garite 1368 takar mal beshi outhe', 0, 1368, 557587, '2016-08-14 12:11:13', 1, '', '', NULL, 'Vul Sonsodon Kora holo '),
(120, 55, 61, 'Payment', '07.08.16', 0, 50000, 507587, '2016-08-14 12:12:11', 1, '', '', NULL, 'Cash Taka '),
(121, 56, 61, 'Payment', '11.08.16', 0, 100000, 407587, '2016-08-14 12:12:38', 1, '', '', NULL, 'Cash Taka '),
(122, 57, 85, 'Purchase', 'Purchase-08201614013', 487500, 487500, 0, '2016-08-14 12:26:56', 4, '', '', '', NULL),
(123, 58, 85, 'Purchase', 'Purchase-08201614014', 487500, 0, 487500, '2016-08-14 12:28:23', 4, '', '', '', NULL),
(124, 59, 85, 'Purchase', 'Purchase-08201614015', 487500, 0, 975000, '2016-08-14 12:29:27', 4, '', '', '', NULL),
(125, 60, 85, 'Purchase', 'Purchase-08201614016', 491017, 0, 1466020, '2016-08-14 12:32:50', 4, '', '', '', NULL),
(126, 61, 61, 'Payment', 'b', 0, 60000, 347587, '2016-08-21 11:46:12', 1, '', '', NULL, 'b'),
(127, 62, 85, 'Payment', '22.08.16 ', 0, 12892, 1453120, '2016-08-26 13:27:14', 1, '', '', NULL, 'b'),
(128, 63, 85, 'Purchase', 'Purchase-08201626017', 568500, 0, 2021620, '2016-08-26 13:30:18', 1, '', '', '', NULL),
(129, 64, 85, 'Purchase', 'Purchase-08201626018', 568500, 0, 2590120, '2016-08-26 13:31:10', 4, '', '', '', NULL),
(130, 65, 85, 'Purchase', 'Purchase-08201626019', 568500, 0, 3158620, '2016-08-26 13:32:04', 4, '', '', '', NULL),
(131, 66, 61, 'Payment', '25.08.16', 0, 130000, 217587, '2016-08-28 12:27:31', 1, '', '', NULL, 'B'),
(132, 67, 61, 'Payment', 'B', 0, 100000, 117587, '2016-08-28 13:32:37', 1, '', '', NULL, 'B'),
(133, 68, 61, 'Payment', '25.08.16 Bag Babod joma', 0, 10800, 106787, '2016-09-11 04:03:51', 1, '', '', NULL, 'b'),
(134, 69, 61, 'Payment', '28.08.16', 0, 110000, -3213, '2016-09-11 04:07:03', 1, '', '', NULL, 'b'),
(135, 70, 61, 'Payment', '30.08.16', 0, 50000, -53213, '2016-09-11 04:07:40', 1, '', '', NULL, 'b'),
(136, 71, 61, 'Payment', '30.08.16', 0, 15000, -68213, '2016-09-11 04:08:12', 1, '', '', NULL, 'b'),
(137, 72, 61, 'Payment', '01.09.16', 0, 50000, -118213, '2016-09-11 04:08:36', 1, '', '', NULL, 'b'),
(138, 73, 61, 'Payment', '04.09.16', 0, 70000, -188213, '2016-09-11 04:09:00', 1, '', '', NULL, 'b'),
(139, 74, 60, 'Payment', '27.06.16', 0, 250000, 122674, '2016-09-11 04:11:06', 1, '', '', NULL, 'b'),
(140, 75, 60, 'Purchase', 'Purchase-09201611020', 562500, 0, 685174, '2016-09-11 04:12:26', 4, '', '', '', NULL),
(141, 76, 60, 'Payment', 'Garivara', 0, 7000, 678174, '2016-09-11 04:13:18', 1, '', '', NULL, 'b'),
(142, 77, 60, 'Payment', '13.07.16', 0, 200000, 478174, '2016-09-11 04:13:47', 1, '', '', NULL, 'b'),
(143, 78, 60, 'Payment', 'Bacca babod', 0, 500000, -21826, '2016-09-11 04:14:15', 1, '', '', NULL, 'b'),
(144, 79, 60, 'Payment', '07.08.16', 0, 50000, -71826, '2016-09-11 04:14:41', 1, '', '', NULL, 'b'),
(145, 80, 60, 'Payment', '08.08.16', 0, 50000, -121826, '2016-09-11 04:15:05', 1, '', '', NULL, 'b'),
(146, 81, 60, 'Payment', '14.08.16', 0, 100000, -221826, '2016-09-11 04:15:29', 1, '', '', NULL, 'b'),
(147, 82, 60, 'Payment', '21.08.16', 0, 6465, -228291, '2016-09-11 04:15:56', 1, '', '', NULL, 'b'),
(148, 83, 60, 'Payment', '21.08.16', 0, 330000, -558291, '2016-09-11 04:16:39', 1, '', '', NULL, 'Khamar a Joma'),
(149, 84, 61, 'Payment', 'Boss', 0, 150000, -338213, '2016-09-11 14:15:00', 1, '', '', NULL, 'B');

-- --------------------------------------------------------

--
-- Table structure for table `uom_bag_size`
--

CREATE TABLE IF NOT EXISTS `uom_bag_size` (
  `id` int(11) NOT NULL AUTO_INCREMENT,
  `szie_unit` int(11) NOT NULL,
  PRIMARY KEY (`id`)
) ENGINE=InnoDB DEFAULT CHARSET=latin1 AUTO_INCREMENT=1 ;

-- --------------------------------------------------------

--
-- Table structure for table `vg_employee`
--

CREATE TABLE IF NOT EXISTS `vg_employee` (
  `id_employee` int(10) unsigned NOT NULL AUTO_INCREMENT,
  `id_profile` varchar(60) NOT NULL,
  `lastname` varchar(32) NOT NULL,
  `firstname` varchar(32) NOT NULL,
  `email` varchar(128) NOT NULL,
  `passwd` varchar(32) NOT NULL,
  `joindate` timestamp NOT NULL DEFAULT CURRENT_TIMESTAMP,
  `active` tinyint(1) unsigned NOT NULL DEFAULT '0',
  `roule` varchar(10) NOT NULL DEFAULT 'User',
  `key_mail` varchar(40) NOT NULL,
  `images_up` text,
  PRIMARY KEY (`id_employee`),
  KEY `employee_login` (`email`,`passwd`),
  KEY `id_employee_passwd` (`id_employee`,`passwd`),
  KEY `id_profile` (`id_profile`)
) ENGINE=InnoDB  DEFAULT CHARSET=utf8 AUTO_INCREMENT=3 ;

--
-- Dumping data for table `vg_employee`
--

INSERT INTO `vg_employee` (`id_employee`, `id_profile`, `lastname`, `firstname`, `email`, `passwd`, `joindate`, `active`, `roule`, `key_mail`, `images_up`) VALUES
(1, '1001', 'Islam', 'Nazrul', 'nzl.nadeem', 'nzl.nadeem', '2016-03-07 04:31:06', 1, 'Supper', 'solaimanfeedsltd@gmail.com', NULL),
(2, 'sajib.png', 'Sorker', 'Emon', 'admin', '225588', '2016-03-07 04:33:09', 1, 'Admin', 'solaimanfeedsltd@gmail.com', './upload_image/EMPLOYEE/1461568819ommanlhhpumnvhgvolh7sij2t2.png');

-- --------------------------------------------------------

--
-- Table structure for table `vg_supplier`
--

CREATE TABLE IF NOT EXISTS `vg_supplier` (
  `id_supplier` int(10) unsigned NOT NULL AUTO_INCREMENT,
  `default_balance` float NOT NULL DEFAULT '0',
  `supplier_code` int(11) NOT NULL DEFAULT '0',
  `name` varchar(64) NOT NULL,
  `address` text,
  `email_` varchar(50) DEFAULT NULL,
  `contact_number` varchar(15) DEFAULT NULL,
  `date_add` timestamp NOT NULL DEFAULT CURRENT_TIMESTAMP,
  `date_upd` datetime NOT NULL,
  `company_name` varchar(60) DEFAULT NULL,
  `images_up` text NOT NULL,
  `active` varchar(20) NOT NULL DEFAULT 'Active',
  PRIMARY KEY (`id_supplier`)
) ENGINE=InnoDB  DEFAULT CHARSET=utf8 AUTO_INCREMENT=86 ;

--
-- Dumping data for table `vg_supplier`
--

INSERT INTO `vg_supplier` (`id_supplier`, `default_balance`, `supplier_code`, `name`, `address`, `email_`, `contact_number`, `date_add`, `date_upd`, `company_name`, `images_up`, `active`) VALUES
(60, 558290, 1, 'Abdul Khalek (Jomuna Oil Mill)', 'Gobindashi, Bhuapur, Tangail', 'NA', '01722003798', '2016-06-03 02:26:36', '0000-00-00 00:00:00', 'Jomuna Oil Mill', './upload_image/SUPPLIER/default.png', 'Active'),
(61, 572445, 2, 'Md: Kurfan Ali', 'Gobindashi, Bhuapur, Tangail', 'NA', '01713627603', '2016-06-03 02:31:54', '0000-00-00 00:00:00', 'NA', './upload_image/SUPPLIER/default.png', 'Active'),
(62, 234143, 3, 'Md: Mohir Uddin', 'Matikata, Bhuapur, Tangail', 'NA', '01772-630200', '2016-06-03 02:34:27', '0000-00-00 00:00:00', 'NA', './upload_image/SUPPLIER/default.png', 'Active'),
(63, 39324, 4, 'Md: Abdul Jolil', 'Matikata Nikrail, Bhuapur, Tangail', 'NA', '01739534813', '2016-06-03 02:38:38', '0000-00-00 00:00:00', 'NA', './upload_image/SUPPLIER/default.png', 'Active'),
(64, 16404, 5, 'Md: Eman Ali', 'Gobindashi, Bhuapur, Tangail', 'NA', '017', '2016-06-03 02:43:42', '0000-00-00 00:00:00', 'NA', './upload_image/SUPPLIER/default.png', 'Active'),
(65, 178258, 6, 'Md: Habibur Rahman', 'Tuniabari Mor, Modhupur, Tangail', 'NA', '017', '2016-06-03 02:47:51', '0000-00-00 00:00:00', 'Dui Vai Enterprise', './upload_image/SUPPLIER/default.png', 'Active'),
(66, 50200, 7, 'Md: Humayon Kobir', 'Gobindashi, Bhuapur, Tangail', 'NA', '01953-417885', '2016-06-03 02:52:09', '0000-00-00 00:00:00', 'M/Rs Rifat Enterprise', './upload_image/SUPPLIER/default.png', 'Active'),
(67, 1431250, 8, 'Khan Trading', 'Chandona Chowrasta, Gazipur', '', '01717827309', '2016-06-03 02:56:20', '0000-00-00 00:00:00', 'Khan Trading', './upload_image/SUPPLIER/default.png', 'Active'),
(68, 119480, 9, 'Md: Malek Rustom', 'Natoar Para, Sirajgong', 'NA', '01725-636562', '2016-06-03 03:01:22', '0000-00-00 00:00:00', 'NA', './upload_image/SUPPLIER/default.png', 'Active'),
(69, 254195, 10, 'Md: Mamun & Tanvir Traders', 'Uttora ,Dhaka', 'NA', '01971-333222', '2016-06-03 09:43:55', '0000-00-00 00:00:00', 'Tanvir Traders', './upload_image/SUPPLIER/default.png', 'Active'),
(70, 150140, 11, 'Md: Ministar Ali', 'Amuabari,Ghatail, Tangail', 'NA', '01784-754103', '2016-06-03 09:46:42', '0000-00-00 00:00:00', 'NA', './upload_image/SUPPLIER/default.png', 'Active'),
(71, 93425, 12, 'MR/S Sakib Traders', 'SB Fajlul Hak Road ,Sherajgong .', 'NA', '01712-498329', '2016-06-03 09:52:49', '0000-00-00 00:00:00', 'MR/S Sakib Traders', './upload_image/SUPPLIER/default.png', 'Active'),
(72, 42000, 13, 'Md: Jomir Uddin / Nasir Enterprise', 'Gobindashi, Bhuapur, Tangail', 'NA', '01740-987006', '2016-06-03 09:57:08', '0000-00-00 00:00:00', 'Nasir Enterprise', './upload_image/SUPPLIER/default.png', 'Active'),
(73, 397087, 14, 'Md: Nurul Islam', 'Kishorgonj .', 'NA', '01736327308', '2016-06-03 10:05:02', '0000-00-00 00:00:00', 'NA', './upload_image/SUPPLIER/default.png', 'Active'),
(74, 488742, 15, 'Rofiq Enterprise', 'Shearpur, Bogura.', 'NA', '01728-926080', '2016-06-03 10:08:37', '0000-00-00 00:00:00', 'Rofiq Enterprise', './upload_image/SUPPLIER/default.png', 'Active'),
(75, 45515, 16, 'Md: Selim ', 'Sonkhola, Ghatail ,Tangail', 'NA', '01836-306747', '2016-06-03 10:12:15', '0000-00-00 00:00:00', 'NA', './upload_image/SUPPLIER/default.png', 'Active'),
(76, 187500, 17, 'Md: Shohid Mama', 'Gobindashi Khanubari, Bhuapur, Tangail', 'NA', '017', '2016-06-03 10:17:21', '0000-00-00 00:00:00', 'NA', './upload_image/SUPPLIER/default.png', 'Active'),
(77, 129732, 18, 'Md: Somir Uddin ', 'Son Khola, Gatail, Tangail ', 'NA', '01740-558729', '2016-06-03 10:19:18', '0000-00-00 00:00:00', 'NA', './upload_image/SUPPLIER/default.png', 'Active'),
(78, 0, 19, 'Md: Sorhab Ali', 'Gobindashi, Bhuapur, Tangail', 'Na', '017', '2016-06-03 12:43:57', '0000-00-00 00:00:00', 'NA', './upload_image/SUPPLIER/default.png', 'Active'),
(79, 652412, 20, 'Tanjila Bithi Enterprise', 'Gobindashi, Bhuapur, Tangail', 'NA', '01712796563', '2016-06-03 12:54:28', '0000-00-00 00:00:00', 'Na', './upload_image/SUPPLIER/default.png', 'Active'),
(80, 16992, 21, 'Tapos Dotto', 'Alanga, Kalihati , Tangail', 'NA', '01711-178189', '2016-06-03 12:56:22', '0000-00-00 00:00:00', 'Na', './upload_image/SUPPLIER/default.png', 'Active'),
(81, 0, 22, 'Biswas poultry and Fish Feeds Ltd', 'Hatimara road, Kasimpur, Gazipur', 'NA', '017', '2016-06-03 12:59:09', '0000-00-00 00:00:00', 'Biswas poultry and Fish Feeds Ltd', './upload_image/SUPPLIER/default.png', 'Active'),
(82, 15035, 23, 'Md: Mintu Reson Store', 'Sirajkandi, Bhuapur, Tangail', 'NA', ' 01731110128', '2016-06-03 13:02:05', '0000-00-00 00:00:00', 'NA', './upload_image/SUPPLIER/default.png', 'Active'),
(83, 149832, 24, 'Md: Anisur Rahaman', 'Char Ramil,Bhuapur,Tangail', 'NA', '01710607830', '2016-06-03 13:05:50', '0000-00-00 00:00:00', 'NA', './upload_image/SUPPLIER/default.png', 'Active'),
(84, 0, 25, 'Md: Mojid Hazi', '1 No Pornobashon,Bhuapur,Tangail', 'Na', '01716700239', '2016-06-20 10:53:05', '0000-00-00 00:00:00', 'Na', './upload_image/SUPPLIER/146642000390d80702ce7278aefbe46ae4f63fd869.png', 'Active'),
(85, 0, 26, 'Shoinik Traders', 'Hatimara Rode, kasempur.Gazipur', 'shoiniktraders@gmail.com', '01730029025 ', '2016-08-14 12:17:44', '0000-00-00 00:00:00', 'Biswas Poultry &  Fish Feed', './upload_image/SUPPLIER/default.png', 'Active');

-- --------------------------------------------------------

--
-- Structure for view `product_view`
--
DROP TABLE IF EXISTS `product_view`;

CREATE ALGORITHM=UNDEFINED DEFINER=`codingav_sfl`@`%` SQL SECURITY DEFINER VIEW `product_view` AS (select `product`.`product_id` AS `product_id`,`product`.`pd_code` AS `pd_code`,`product`.`pd_name` AS `pd_name`,ifnull(`catagory`.`cat_name`,'Have No Catagory') AS `cat_name`,ifnull(`catagory_sub`.`sub_cat_name`,'Have No Sub Catagory') AS `sub_cat_name`,`product`.`pd_type` AS `pd_type`,`product`.`status` AS `status`,`product`.`reg_date` AS `reg_date` from ((`product` left join `catagory` on((`product`.`catagory_id` = `catagory`.`id_catagory`))) left join `catagory_sub` on((`product`.`sub_catagory_id` = `catagory_sub`.`id_sub_catagory`))));

-- --------------------------------------------------------

--
-- Structure for view `report_customer_accounts`
--
DROP TABLE IF EXISTS `report_customer_accounts`;

CREATE ALGORITHM=UNDEFINED DEFINER=`codingav_sfl`@`%` SQL SECURITY DEFINER VIEW `report_customer_accounts` AS (select `customer`.`customer_id` AS `customer_id`,`customer`.`customer_code` AS `customer_code`,`customer`.`name` AS `name`,ifnull(sum(`customer_accounts`.`total_amount`),'0') AS `total_amount`,ifnull(sum(`customer_accounts`.`payment_amount`),'0') AS `payment_amount`,ifnull(sum((`customer_accounts`.`total_amount` - `customer_accounts`.`payment_amount`)),'0') AS `net_blance`,`accounts_name`.`acc_id` AS `acc_id`,`accounts_name`.`accounts_name` AS `accounts_name`,`customer_accounts`.`bank_name` AS `bank_name`,`customer_accounts`.`cheque_number` AS `cheque_number` from ((`customer` join `customer_accounts` on((`customer`.`customer_id` = `customer_accounts`.`customer_id`))) join `accounts_name` on((`customer_accounts`.`accounts_id` = `accounts_name`.`acc_id`))) group by `customer`.`customer_id`);

-- --------------------------------------------------------

--
-- Structure for view `report_product_stock`
--
DROP TABLE IF EXISTS `report_product_stock`;

CREATE ALGORITHM=UNDEFINED DEFINER=`codingav`@`localhost` SQL SECURITY DEFINER VIEW `report_product_stock` AS (select `product`.`product_id` AS `product_id`,`product`.`pd_code` AS `pd_code`,`product`.`pd_name` AS `pd_name`,`product`.`catagory_id` AS `catagory_id`,`catagory`.`cat_name` AS `cat_name`,`product`.`pd_type` AS `pd_type`,sum(`product_accounts`.`stock_kg`) AS `stock_kg`,sum(`product_accounts`.`stock_bag`) AS `stock_bag`,sum(`product_accounts`.`bag_size`) AS `bag_size`,sum(`product_accounts`.`unit_number`) AS `unit_number`,sum(`product_accounts`.`total_kg`) AS `total_kg` from ((`product_accounts` join `product` on((`product_accounts`.`pd_id` = `product`.`product_id`))) join `catagory` on((`product`.`catagory_id` = `catagory`.`id_catagory`))) group by `product_accounts`.`pd_id`);

-- --------------------------------------------------------

--
-- Structure for view `report_supplier_accounts`
--
DROP TABLE IF EXISTS `report_supplier_accounts`;

CREATE ALGORITHM=UNDEFINED DEFINER=`codingav_sfl`@`%` SQL SECURITY DEFINER VIEW `report_supplier_accounts` AS (select `vg_supplier`.`id_supplier` AS `id_supplier`,`vg_supplier`.`supplier_code` AS `supplier_code`,`vg_supplier`.`name` AS `name`,ifnull(sum(`supplier_accounts`.`total_amount`),'0') AS `total_amount`,ifnull(sum(`supplier_accounts`.`payment_amount`),'0') AS `payment_amount`,ifnull(sum((`supplier_accounts`.`total_amount` - `supplier_accounts`.`payment_amount`)),'0') AS `net_blance`,`accounts_name`.`acc_id` AS `acc_id`,`accounts_name`.`accounts_name` AS `accounts_name`,`supplier_accounts`.`bank_name` AS `bank_name`,`supplier_accounts`.`cheque_number` AS `cheque_number` from ((`vg_supplier` join `supplier_accounts` on((`vg_supplier`.`id_supplier` = `supplier_accounts`.`supplier_id`))) join `accounts_name` on((`supplier_accounts`.`accounts_id` = `accounts_name`.`acc_id`))) group by `vg_supplier`.`id_supplier`);

-- --------------------------------------------------------

--
-- Structure for view `sub_catagory_view`
--
DROP TABLE IF EXISTS `sub_catagory_view`;

CREATE ALGORITHM=UNDEFINED DEFINER=`codingav_sfl`@`%` SQL SECURITY DEFINER VIEW `sub_catagory_view` AS (select `catagory_sub`.`id_sub_catagory` AS `id_sub_catagory`,ifnull(`catagory`.`cat_name`,'Have No Catagory') AS `cat_name`,`catagory_sub`.`sub_cat_name` AS `sub_cat_name`,`catagory_sub`.`status` AS `status`,`catagory_sub`.`reg_date` AS `reg_date`,`catagory_sub`.`sub_cat_code` AS `sub_cat_code` from (`catagory_sub` left join `catagory` on((`catagory_sub`.`catagory_id` = `catagory`.`id_catagory`))));

--
-- Constraints for dumped tables
--

--
-- Constraints for table `catagory_sub`
--
ALTER TABLE `catagory_sub`
  ADD CONSTRAINT `catagory_sub_ibfk_1` FOREIGN KEY (`catagory_id`) REFERENCES `catagory` (`id_catagory`) ON DELETE CASCADE;

--
-- Constraints for table `product`
--
ALTER TABLE `product`
  ADD CONSTRAINT `product_ibfk_1` FOREIGN KEY (`catagory_id`) REFERENCES `catagory` (`id_catagory`) ON DELETE CASCADE;

--
-- Constraints for table `product_accounts`
--
ALTER TABLE `product_accounts`
  ADD CONSTRAINT `product_accounts_ibfk_1` FOREIGN KEY (`pd_id`) REFERENCES `product` (`product_id`) ON DELETE CASCADE;

/*!40101 SET CHARACTER_SET_CLIENT=@OLD_CHARACTER_SET_CLIENT */;
/*!40101 SET CHARACTER_SET_RESULTS=@OLD_CHARACTER_SET_RESULTS */;
/*!40101 SET COLLATION_CONNECTION=@OLD_COLLATION_CONNECTION */;
